road_id,road_type,road_length_km,road_condition,road_width_m,traffic_level,elevation_m,slope_degree,rainfall_mm,temperature_c,previous_disruptions,previous_accidents,flood,landslide,bridge_damage,road_accessible,risk_score,risk_category
R00001,State Highway,7.79,2,8.74,0,2125.7,33.37,40.31,25.72,3,1,0,0,0,1,0.1267450472781321,Safe
R00002,Village Road,6.99,0,7.13,0,1261.6,39.65,35.93,29.48,3,0,1,0,0,1,0.26599128016847173,Moderate
R00003,District Road,3.94,0,11.68,0,528.9,20.84,99.88,33.6,1,0,0,1,0,1,0.2562297778292425,Moderate
R00004,District Road,12.34,1,4.97,0,1854.8,13.01,151.07,27.79,1,4,0,1,0,1,0.39813679687111714,Moderate
R00005,State Highway,9.79,1,8.29,0,1075.8,14.35,32.05,33.06,1,3,0,0,0,1,0.12045674586966224,Safe
R00006,State Highway,17.38,2,9.3,0,1506.8,31.36,160.29,23.75,0,4,0,0,0,1,0.2692647180152972,Moderate
R00007,Highway,1.13,3,10.43,0,312.8,25.54,166.07,17.23,2,2,0,0,0,1,0.3409069585975568,Moderate
R00008,Village Road,13.06,0,6.66,1,1597.4,21.89,94.33,26.46,1,1,0,0,0,1,0.1388222633668207,Safe
R00009,District Road,15.38,2,9.18,1,965.2,9.12,52.67,34.52,1,0,0,0,0,1,0.1476023119114722,Safe
R00010,District Road,15.31,0,5.73,1,868.8,39.4,58.6,27.74,4,3,0,0,0,1,0.18088951112022006,Safe
R00011,Highway,17.78,1,6.92,3,2450.8,35.15,37.19,34.23,2,3,0,1,0,1,0.44798939595808873,Moderate
R00012,Village Road,14.72,0,11.06,1,1109.5,6.33,36.2,10.56,1,5,0,0,0,1,0.12233116708730585,Safe
R00013,Village Road,18.59,0,11.55,2,1711.2,16.53,44.31,16.46,3,3,0,0,0,1,0.005584350084449394,Safe
R00014,State Highway,6.99,0,9.47,3,1587.9,24.4,112.54,16.84,2,1,1,0,0,1,0.36394749957645484,Moderate
R00015,State Highway,10.31,0,6.37,0,305.5,20.45,56.98,20.67,5,0,0,0,0,1,0.13305121176672421,Safe
R00016,State Highway,0.77,2,10.38,1,1882.4,17.9,100.68,10.77,1,2,0,0,0,1,0.17592906262076932,Safe
R00017,State Highway,0.64,2,3.23,1,841.7,32.35,33.94,32.86,2,1,0,0,0,1,0.23817884543960954,Safe
R00018,District Road,5.18,3,3.92,1,2007.4,2.45,14.73,27.68,1,4,0,0,0,1,0.15745045638087737,Safe
R00019,District Road,2.47,1,8.95,0,1538.7,21.21,56.99,12.1,0,0,1,0,0,1,0.33718297688171445,Moderate
R00020,State Highway,5.57,0,5.62,2,826.9,11.8,15.98,14.37,4,2,0,0,0,1,0.09801087107798068,Safe
R00021,District Road,3.95,0,11.56,0,922.9,3.81,31.4,25.08,0,3,1,0,0,1,0.18585040406544798,Safe
R00022,Highway,1.06,0,6.92,3,1842.2,20.92,179.76,32.71,5,2,1,0,0,1,0.48503017709877866,Moderate
R00023,State Highway,18.23,0,6.86,2,1397.6,7.71,73.37,12.19,6,1,0,0,0,1,0.1871852169171352,Safe
R00024,State Highway,0.66,1,9.1,1,1687.5,11.62,68.7,20.83,2,0,1,1,0,1,0.5894645745191377,High
R00025,District Road,14.85,1,9.91,0,437.9,22.82,136.28,15.0,0,2,0,0,0,1,0.17610601565187756,Safe
R00026,Village Road,3.47,1,7.28,1,1978.1,43.82,56.07,14.51,0,2,0,1,0,1,0.3772242602477915,Moderate
R00027,State Highway,18.29,0,4.93,0,835.0,30.79,61.76,28.25,3,1,0,0,0,1,0.12665596854408132,Safe
R00028,District Road,17.91,0,9.96,0,1568.7,12.58,50.6,30.66,2,1,1,0,0,1,0.31471102678430457,Moderate
R00029,District Road,13.25,0,5.88,2,331.0,17.21,97.48,33.03,3,2,1,1,0,1,0.5372395448175326,High
R00030,Highway,13.61,0,4.58,1,837.5,18.28,63.69,27.1,3,0,0,0,0,1,0.11806354002968208,Safe
R00031,District Road,0.6,2,8.68,1,1639.7,6.91,65.54,11.64,0,1,0,0,0,1,0.08304566542792693,Safe
R00032,State Highway,19.7,0,3.81,2,721.8,7.23,41.31,18.93,0,1,0,0,0,1,0.09165543063873934,Safe
R00033,Highway,17.62,2,11.74,0,2206.8,6.68,117.96,21.04,1,3,0,0,0,1,0.18026003234114957,Safe
R00034,Village Road,17.95,1,8.69,1,1670.0,23.47,90.35,16.9,2,0,0,0,0,1,0.11645001248533438,Safe
R00035,Village Road,13.36,0,11.87,1,2182.2,30.34,58.29,23.5,1,2,0,0,0,1,0.14876101188406826,Safe
R00036,Village Road,7.22,2,6.05,1,1018.7,26.58,30.59,15.82,0,0,0,0,1,1,0.2612010567626349,Moderate
R00037,State Highway,17.93,1,11.74,2,133.3,44.0,138.1,32.49,2,2,0,1,0,1,0.4979294854686229,Moderate
R00038,Highway,6.18,0,4.31,3,1461.5,5.66,139.63,13.59,1,1,0,0,0,1,0.08537328665409956,Safe
R00039,District Road,11.47,2,3.37,1,881.0,44.39,91.22,20.65,4,1,0,0,0,1,0.2491419532937076,Safe
R00040,District Road,2.44,0,3.3,1,1148.1,21.0,69.65,13.12,2,2,0,0,0,1,0.19130746627457212,Safe
R00041,Highway,18.48,0,7.18,1,1718.7,9.84,25.63,18.96,1,1,0,0,0,1,0.0,Safe
R00042,District Road,3.25,2,3.75,2,1766.6,42.45,39.18,22.12,1,1,0,1,0,0,0.4087956914266592,Moderate
R00043,Highway,4.89,2,7.61,2,117.5,21.09,76.78,23.85,2,0,1,0,0,1,0.37788624961614453,Moderate
R00044,Village Road,11.38,0,5.95,0,1934.8,15.63,51.42,18.29,2,0,0,0,0,1,0.07912272858817469,Safe
R00045,State Highway,15.4,0,6.02,0,1259.1,9.62,21.64,30.24,3,2,0,0,0,1,0.026855495911474788,Safe
R00046,District Road,12.58,2,8.72,3,1413.9,12.05,123.25,22.89,1,1,1,0,0,1,0.43969580409963305,Moderate
R00047,State Highway,5.03,0,4.47,0,780.1,44.06,98.22,34.81,3,2,1,0,0,1,0.4261173242717781,Moderate
R00048,District Road,0.52,0,9.9,1,1081.0,13.68,67.79,13.09,5,1,0,0,1,1,0.24206120564042255,Safe
R00049,District Road,15.26,1,8.24,2,1790.4,44.0,74.37,14.59,0,0,0,0,0,1,0.2045253189101966,Safe
R00050,State Highway,19.71,3,11.23,1,1952.9,14.86,52.02,30.04,2,1,0,0,0,1,0.3028041140048172,Moderate
R00051,Village Road,16.29,0,6.28,1,998.4,10.41,53.56,23.86,0,1,1,0,1,1,0.4243868466583741,Moderate
R00052,Village Road,9.47,2,11.84,0,1743.2,8.25,139.35,19.0,1,0,0,0,0,1,0.13352996654411425,Safe
R00053,Village Road,18.12,1,8.18,3,682.2,18.53,19.35,20.26,2,1,0,0,0,1,0.13270191268695478,Safe
R00054,Village Road,8.49,1,11.76,0,2088.5,10.66,192.48,24.09,3,2,1,0,0,1,0.4567129618194165,Moderate
R00055,District Road,10.74,2,3.24,1,1544.0,31.36,7.33,12.14,0,1,0,0,0,1,0.15481410905920842,Safe
R00056,Village Road,9.8,3,9.55,1,1949.2,10.79,67.55,29.13,4,2,0,1,0,0,0.39597432503540075,Moderate
R00057,Highway,9.23,0,10.35,2,1219.0,37.59,69.08,21.23,2,1,0,0,0,1,0.13135799918485838,Safe
R00058,State Highway,15.62,0,3.48,0,611.3,37.53,74.26,20.31,2,1,0,0,0,1,0.18969378012443278,Safe
R00059,Highway,10.77,3,8.21,1,1101.6,12.85,85.78,29.33,2,1,0,0,0,1,0.20005273501511917,Safe
R00060,State Highway,6.68,1,10.22,0,984.6,33.91,46.51,24.23,1,1,0,0,0,1,0.09223558624477818,Safe
R00061,State Highway,5.53,1,8.05,1,865.2,38.59,108.16,28.85,2,2,1,0,0,1,0.37223498938968375,Moderate
R00062,State Highway,1.24,1,3.57,2,569.8,26.56,115.33,33.22,2,0,1,0,0,1,0.3597315990270131,Moderate
R00063,Village Road,11.87,2,9.24,0,1910.0,16.48,159.94,33.65,1,2,0,0,0,1,0.21166906894915727,Safe
R00064,State Highway,4.98,2,3.55,2,261.6,19.84,97.94,20.73,4,3,0,1,0,0,0.4204180860225041,Moderate
R00065,State Highway,3.39,3,10.36,2,2224.5,35.38,52.83,11.74,2,1,1,0,0,0,0.4261921004079249,Moderate
R00066,District Road,13.25,1,3.39,3,478.8,13.2,28.99,10.31,1,2,0,0,0,1,0.10052098575070881,Safe
R00067,Highway,13.78,0,4.24,1,2450.7,15.05,52.48,27.63,2,2,0,0,0,1,0.18506459348532023,Safe
R00068,Village Road,15.17,1,5.48,1,2471.7,7.24,70.17,12.04,1,2,0,0,0,1,0.05719865643538362,Safe
R00069,Highway,10.32,1,8.7,1,1026.0,17.96,81.11,19.75,1,1,0,0,0,1,0.14146264523533178,Safe
R00070,Village Road,17.93,1,11.79,3,2470.2,3.89,60.4,26.56,3,0,0,1,0,1,0.3725751211127238,Moderate
R00071,Village Road,18.76,1,4.06,2,2179.2,14.45,65.75,34.96,0,0,1,0,0,1,0.3571839956930654,Moderate
R00072,State Highway,16.24,0,4.28,1,252.0,16.81,106.23,15.58,1,4,0,1,0,1,0.3836620309062084,Moderate
R00073,Highway,12.89,1,6.32,3,2371.0,11.5,119.91,10.24,1,1,0,0,0,1,0.21740088426119583,Safe
R00074,Village Road,6.42,1,10.53,2,154.2,4.56,201.44,11.03,6,1,1,0,0,1,0.49838271980992316,Moderate
R00075,District Road,19.67,2,7.21,3,495.7,23.48,70.6,15.58,2,2,0,0,0,1,0.18441320669611863,Safe
R00076,District Road,5.85,1,5.89,2,1482.3,38.93,63.04,34.83,4,1,0,0,1,1,0.3500724499020632,Moderate
R00077,Village Road,4.45,0,8.05,2,247.8,15.1,98.19,11.93,2,1,1,0,0,1,0.4100798088609243,Moderate
R00078,Highway,9.12,1,5.34,2,446.2,10.66,93.76,28.73,3,2,0,0,0,1,0.10228103410228064,Safe
R00079,State Highway,1.61,2,6.61,0,2386.1,12.83,57.39,13.75,2,1,0,0,0,1,0.1999316912104917,Safe
R00080,Highway,19.58,1,5.99,3,2487.0,38.78,92.96,15.09,4,0,0,1,0,1,0.47455528312633416,Moderate
R00081,Village Road,11.97,1,10.24,1,2005.4,23.75,232.64,12.15,1,1,1,0,0,1,0.4670697737673299,Moderate
R00082,District Road,11.36,1,11.32,1,1312.3,5.89,57.05,15.7,3,3,1,0,0,1,0.28080725124508654,Moderate
R00083,State Highway,13.29,0,9.84,2,2255.7,31.91,24.82,12.89,2,1,0,0,0,1,0.11892698959546724,Safe
R00084,Highway,10.19,2,6.95,2,324.2,6.95,62.4,10.44,1,3,0,0,1,1,0.1982563841295033,Safe
R00085,State Highway,1.13,0,7.54,2,2360.1,2.71,24.49,29.97,7,3,0,0,0,1,0.0708734073654136,Safe
R00086,State Highway,12.44,1,4.13,1,911.3,11.51,41.55,14.76,2,2,0,0,0,1,0.11574257509790645,Safe
R00087,District Road,14.47,0,9.72,1,2160.6,7.56,76.03,12.97,1,2,0,0,0,1,0.09974616327321548,Safe
R00088,District Road,8.63,0,8.37,0,1687.5,27.22,37.12,16.81,1,2,0,0,0,1,0.06544447102718416,Safe
R00089,Village Road,15.27,1,11.12,1,2402.7,21.81,158.19,28.84,1,0,0,1,1,1,0.5095773734252208,High
R00090,District Road,4.93,1,4.81,2,2168.5,32.58,52.07,15.62,0,0,0,0,0,1,0.17976164135310213,Safe
R00091,Highway,4.81,2,9.84,1,2225.3,23.02,141.22,23.55,2,1,0,1,0,0,0.5260073326148583,High
R00092,District Road,3.65,2,9.16,1,1597.8,18.86,25.95,15.43,2,0,0,0,0,1,0.13242084358405987,Safe
R00093,Village Road,7.75,2,5.39,0,2091.2,23.68,28.37,19.68,4,2,0,0,0,1,0.19176319272689749,Safe
R00094,District Road,17.02,1,9.01,2,1905.0,19.55,64.26,23.03,4,0,0,0,0,1,0.09428764262117935,Safe
R00095,Village Road,16.64,1,11.32,0,446.0,1.67,36.72,28.95,2,0,0,0,0,1,0.09366398237932501,Safe
R00096,District Road,7.97,1,11.27,2,1639.1,30.63,32.78,17.04,1,0,1,1,1,0,0.6571091550586554,High
R00097,District Road,11.99,1,9.48,1,413.0,43.3,84.35,21.16,3,0,1,0,0,1,0.40163637668172625,Moderate
R00098,District Road,14.56,1,3.43,0,2180.2,18.99,27.51,26.07,1,4,0,0,0,1,0.13744364917901844,Safe
R00099,Highway,5.2,3,10.85,2,211.6,19.07,131.44,16.88,3,1,0,1,0,0,0.4575666408380833,Moderate
R00100,Highway,3.78,0,8.92,1,2468.3,2.06,95.69,15.5,5,3,0,1,0,1,0.3582462918008061,Moderate
R00101,Highway,19.46,3,5.79,1,1031.5,40.07,97.2,24.22,2,0,0,1,0,0,0.5383576793350199,High
R00102,District Road,12.54,0,4.69,2,468.0,41.81,134.77,33.81,1,3,0,1,1,1,0.5196262201611467,High
R00103,State Highway,19.64,0,4.05,2,2342.4,36.59,99.18,32.75,5,1,0,1,0,1,0.46515355837487604,Moderate
R00104,District Road,7.09,0,3.45,2,161.3,4.79,53.53,25.01,1,3,0,0,0,1,0.05504775213521837,Safe
R00105,Village Road,14.21,1,9.79,2,1201.8,40.51,116.25,20.55,5,1,1,0,1,1,0.5118790073885985,High
R00106,State Highway,4.84,0,5.12,1,1937.1,1.08,59.45,24.15,2,0,1,0,1,1,0.37042531572196735,Moderate
R00107,District Road,5.59,2,3.22,1,826.0,20.01,73.07,30.05,0,2,0,1,0,0,0.3145098954371162,Moderate
R00108,Village Road,10.48,2,6.58,0,1345.6,22.53,75.87,12.32,2,3,0,0,0,1,0.15407060405930859,Safe
R00109,State Highway,6.73,1,7.34,3,1766.0,37.53,25.06,29.53,1,2,0,1,0,1,0.4283674853539294,Moderate
R00110,Highway,3.77,1,4.52,3,2382.3,33.79,135.75,26.45,1,2,0,0,0,1,0.27402483792380716,Moderate
R00111,State Highway,5.63,3,3.4,1,301.6,35.87,133.58,16.73,3,1,0,0,0,1,0.3224586973116062,Moderate
R00112,State Highway,1.2,2,4.7,0,435.2,39.06,46.9,31.9,4,1,0,1,0,0,0.400491557556626,Moderate
R00113,Village Road,14.24,1,9.11,0,1296.7,21.42,38.04,12.0,2,1,0,0,0,1,0.04810122693567051,Safe
R00114,Village Road,10.1,2,3.74,2,1075.3,35.11,74.55,32.97,2,0,0,1,0,0,0.4796757815931269,Moderate
R00115,District Road,2.34,1,8.0,0,1056.5,3.06,142.16,19.7,0,3,1,1,0,1,0.5834692837027864,High
R00116,Village Road,3.85,1,4.32,2,777.6,20.0,29.49,30.26,0,2,1,0,0,1,0.3726806951735778,Moderate
R00117,Village Road,2.5,0,4.76,3,1423.7,1.36,35.85,13.86,1,4,0,0,0,1,0.059607856965646536,Safe
R00118,State Highway,12.45,1,6.54,3,2214.1,41.19,188.83,24.19,0,2,1,0,0,1,0.5787646690782982,High
R00119,Village Road,2.34,0,3.91,0,444.3,43.13,9.81,10.84,2,1,0,0,0,1,0.12162272728892176,Safe
R00120,District Road,15.21,1,4.56,3,577.5,3.78,49.95,16.97,2,1,1,1,0,1,0.5520769860814243,High
R00121,Village Road,0.9,1,6.14,2,1693.5,23.97,115.06,30.74,2,3,0,0,0,1,0.27180673242801634,Moderate
R00122,Village Road,5.36,3,5.97,0,187.7,14.63,156.54,21.36,4,1,0,0,0,1,0.26805409657459894,Moderate
R00123,State Highway,17.87,3,9.74,1,1700.7,15.41,144.69,26.49,2,2,0,0,0,1,0.2642930326985095,Moderate
R00124,Highway,14.51,1,3.67,2,820.4,20.28,37.83,30.18,1,1,0,0,0,1,0.18045547028599548,Safe
R00125,State Highway,1.92,1,10.74,3,926.7,5.63,89.6,23.26,2,1,1,0,0,1,0.4279116770385762,Moderate
R00126,District Road,16.51,0,10.35,0,1043.6,8.13,114.19,24.65,1,0,0,0,0,1,0.12201679027742501,Safe
R00127,Village Road,10.11,1,9.89,0,906.5,25.98,94.23,29.16,2,1,0,1,1,1,0.4008178565051773,Moderate
R00128,Village Road,17.01,0,5.78,1,2111.0,0.84,391.06,13.01,0,0,1,0,0,1,0.3646996685684877,Moderate
R00129,Highway,12.21,0,10.41,3,2367.9,26.99,38.22,11.79,2,1,0,0,0,1,0.16103657448537567,Safe
R00130,District Road,13.8,1,4.65,3,1392.6,14.35,106.38,25.55,3,1,0,0,0,1,0.14311342023003437,Safe
R00131,District Road,19.87,0,4.12,0,1475.6,37.45,5.28,34.38,1,1,0,0,0,1,0.05776415491543575,Safe
R00132,State Highway,5.03,0,3.4,1,222.7,27.0,88.88,26.12,2,0,0,0,0,1,0.15725980949737153,Safe
R00133,Highway,12.67,2,11.45,3,1797.3,31.86,12.34,27.63,2,2,0,0,0,1,0.07007718051049022,Safe
R00134,State Highway,9.48,0,5.77,2,1481.0,5.15,142.15,26.46,4,2,1,0,0,1,0.3356742066544708,Moderate
R00135,Village Road,1.27,0,11.26,3,173.5,11.96,136.86,25.14,0,0,1,0,0,1,0.3364382941542249,Moderate
R00136,State Highway,0.78,0,5.45,2,536.1,44.85,57.27,14.94,1,3,0,1,0,1,0.3887924144525265,Moderate
R00137,District Road,2.82,0,11.17,0,544.8,19.51,77.45,31.01,4,0,0,0,0,1,0.1329285015100321,Safe
R00138,District Road,13.16,0,11.14,2,468.9,16.15,164.54,24.41,3,1,1,1,0,1,0.6202927132771924,High
R00139,State Highway,11.56,2,11.31,0,1663.7,39.32,81.66,34.46,2,1,0,0,0,1,0.2062079961059448,Safe
R00140,Village Road,11.29,0,7.47,2,2324.7,1.49,75.06,11.73,2,3,0,0,0,1,0.11276943075886235,Safe
R00141,Village Road,1.12,2,10.79,1,1919.3,24.06,9.85,17.46,5,1,0,0,0,1,0.1042044098168198,Safe
R00142,State Highway,9.65,0,11.56,3,1219.6,9.46,48.34,12.48,2,0,0,0,0,1,0.10277575544566439,Safe
R00143,District Road,18.53,1,5.92,3,1039.9,16.57,16.96,31.48,3,2,1,1,0,1,0.511928577107281,High
R00144,State Highway,8.25,1,6.77,0,996.8,8.99,21.27,30.45,0,3,0,0,0,1,0.060376641451699416,Safe
R00145,State Highway,12.69,1,9.47,0,1523.1,1.7,89.52,29.33,1,3,0,0,0,1,0.11352573693764346,Safe
R00146,Highway,15.71,1,5.7,1,930.1,18.74,84.83,26.97,1,0,0,0,0,1,0.13146291866337687,Safe
R00147,District Road,15.79,3,9.78,2,604.0,35.51,63.17,12.66,2,1,1,0,0,0,0.4803750653642337,Moderate
R00148,District Road,10.63,0,3.67,2,1527.0,42.84,95.13,20.15,2,4,0,0,0,1,0.18885064111268604,Safe
R00149,Highway,17.23,1,7.71,3,1007.2,28.07,72.53,27.61,2,2,0,0,0,1,0.24896032989003683,Safe
R00150,State Highway,8.13,2,4.1,1,84.6,17.5,60.79,19.02,1,3,0,0,1,1,0.28548268022669543,Moderate
R00151,Village Road,17.83,0,5.64,0,104.5,34.64,98.62,27.95,1,1,1,1,1,1,0.6149813897933362,High
R00152,State Highway,5.18,0,5.33,0,721.6,22.74,218.55,17.13,0,3,1,0,0,1,0.463998440440213,Moderate
R00153,Highway,5.96,0,10.55,0,1305.4,16.54,34.85,23.59,3,1,0,0,0,1,0.13031022183654473,Safe
R00154,District Road,1.54,1,4.74,2,917.9,8.06,181.54,18.86,4,4,1,1,1,0,0.7035162767888921,High
R00155,Village Road,16.01,0,10.28,3,108.9,35.83,24.57,33.04,0,1,0,0,0,1,0.1637855787260798,Safe
R00156,State Highway,8.63,0,10.15,1,596.7,22.52,67.76,21.06,4,2,0,0,0,1,0.11948577793803279,Safe
R00157,District Road,4.97,1,7.49,2,286.2,43.37,27.7,17.17,1,0,0,1,0,1,0.37970061992156257,Moderate
R00158,Village Road,5.02,1,5.1,1,2374.1,36.09,119.14,11.43,1,2,1,0,0,1,0.4615475503967761,Moderate
R00159,State Highway,18.08,0,5.04,1,816.4,18.9,11.42,13.64,3,0,0,0,0,1,0.1415369332926324,Safe
R00160,District Road,16.76,0,7.18,1,86.2,33.34,20.13,24.12,0,4,0,0,0,1,0.19517133740292228,Safe
R00161,State Highway,11.29,1,3.08,1,1668.4,20.4,96.01,27.53,2,1,1,0,0,1,0.33546588197603183,Moderate
R00162,District Road,12.51,3,7.78,3,619.5,3.59,105.44,33.86,1,0,0,0,0,1,0.1928050503653817,Safe
R00163,District Road,9.75,1,11.58,1,1438.5,23.25,84.98,24.92,4,0,0,0,0,1,0.20887260708929908,Safe
R00164,District Road,8.14,2,4.39,0,419.3,38.96,104.97,27.02,1,2,0,0,0,1,0.22043640871445636,Safe
R00165,Highway,18.35,1,8.16,2,2460.8,38.49,12.2,25.5,2,0,0,0,1,1,0.3358105274281186,Moderate
R00166,Village Road,2.95,0,11.66,3,2427.1,25.87,70.25,32.56,1,3,0,0,1,1,0.24156292527191467,Safe
R00167,State Highway,8.66,1,10.74,1,1657.2,17.1,71.72,17.56,3,1,0,0,1,1,0.2929225172340301,Moderate
R00168,State Highway,7.22,2,10.65,0,1782.6,0.45,78.73,25.08,1,2,1,0,0,1,0.37365864645258545,Moderate
R00169,Highway,10.21,1,10.4,0,1093.4,14.01,120.45,33.99,3,1,0,0,0,1,0.16701365306482796,Safe
R00170,District Road,9.42,2,5.78,0,2407.3,44.54,94.71,10.18,1,2,0,1,0,0,0.4328403091773452,Moderate
R00171,District Road,10.62,3,11.02,0,1088.2,32.69,212.14,16.77,4,3,1,0,0,0,0.5215968524708527,High
R00172,Highway,3.23,0,11.47,3,636.7,32.29,94.36,28.97,4,1,0,0,0,1,0.15003512552382894,Safe
R00173,District Road,10.51,0,7.46,0,332.7,34.25,108.14,21.75,1,3,0,0,0,1,0.2353817070163903,Safe
R00174,State Highway,5.23,0,6.19,1,559.9,27.91,33.12,14.21,5,3,0,0,0,1,0.07835898496862956,Safe
R00175,District Road,4.09,1,6.73,2,1451.9,26.36,98.11,24.29,6,1,0,0,0,1,0.23394227103581333,Safe
R00176,State Highway,1.76,0,6.01,2,650.5,20.41,52.16,22.88,1,2,1,0,0,1,0.3911534678586166,Moderate
R00177,District Road,15.37,2,4.91,0,1652.9,19.98,49.72,21.35,1,2,0,0,0,1,0.12888132370075425,Safe
R00178,State Highway,8.84,0,8.57,1,986.4,39.19,118.17,18.54,3,3,1,1,0,1,0.5695797871339221,High
R00179,Village Road,12.72,0,8.06,0,2222.8,17.71,20.19,11.31,1,4,0,0,0,1,0.04677970337948316,Safe
R00180,Highway,14.69,0,7.16,0,1418.3,37.81,77.92,25.1,3,1,0,0,0,1,0.16684389448614048,Safe
R00181,State Highway,13.75,3,3.86,1,1575.4,37.7,60.36,22.93,5,1,0,0,0,1,0.25668095717152245,Moderate
R00182,Highway,9.67,1,10.17,1,1413.6,34.69,130.88,24.63,2,1,0,1,0,1,0.45854613598535854,Moderate
R00183,Village Road,8.06,3,4.57,0,2219.6,1.69,119.84,10.06,5,2,0,0,0,1,0.21004271788049036,Safe
R00184,Village Road,7.83,3,4.03,1,205.4,6.66,61.49,12.07,4,0,0,0,1,0,0.2641872462395265,Moderate
R00185,State Highway,12.98,1,8.61,0,215.0,14.16,32.37,14.19,3,0,0,0,0,1,0.11438670085114384,Safe
R00186,District Road,10.15,0,6.59,3,1769.3,38.14,136.85,21.21,1,1,0,0,1,1,0.3326454620582936,Moderate
R00187,Village Road,17.06,0,3.54,1,1931.5,39.3,70.41,30.2,1,2,0,0,0,1,0.08954447424000571,Safe
R00188,District Road,17.56,0,6.2,2,1112.3,1.87,159.44,16.15,1,0,0,0,0,1,0.041575827450106184,Safe
R00189,District Road,3.83,2,9.95,0,913.1,14.61,90.59,30.21,2,0,1,0,1,0,0.4544598239210932,Moderate
R00190,State Highway,3.16,0,8.54,2,731.0,38.27,70.59,15.88,2,2,1,0,1,1,0.463975751611287,Moderate
R00191,Highway,12.79,0,6.27,1,624.3,11.24,55.05,28.73,1,0,0,0,0,1,0.14107881809843867,Safe
R00192,Village Road,6.37,1,4.73,0,2284.3,43.92,92.51,31.86,0,1,0,0,0,1,0.16849696675135956,Safe
R00193,Village Road,0.86,1,8.69,2,773.1,22.02,22.48,30.41,0,0,0,0,0,1,0.07388458954368057,Safe
R00194,District Road,17.83,1,10.99,2,1637.8,42.18,44.68,28.46,2,3,1,0,1,1,0.5540403240888648,High
R00195,State Highway,4.92,1,8.82,3,1978.4,19.3,143.1,10.96,2,1,0,0,0,1,0.23871805552884914,Safe
R00196,State Highway,18.62,2,10.32,2,103.8,14.57,26.26,18.25,1,2,0,0,0,1,0.14190414733526768,Safe
R00197,District Road,14.49,1,7.69,0,133.0,16.31,128.08,14.91,2,0,1,0,0,1,0.3544654522352647,Moderate
R00198,Village Road,15.37,0,9.46,1,866.2,39.79,177.97,21.86,1,2,0,0,0,1,0.23708647767588817,Safe
R00199,Village Road,4.43,2,11.07,1,1755.2,14.88,48.16,18.86,1,3,1,0,0,1,0.3030034520756734,Moderate
R00200,Village Road,5.07,3,9.96,0,689.0,30.12,189.08,25.45,2,2,0,0,0,1,0.34415780755605696,Moderate
R00201,District Road,10.66,0,11.19,2,53.6,21.14,254.33,24.14,2,0,1,0,1,1,0.5785675467411493,High
R00202,Highway,3.86,1,6.88,1,756.0,42.38,50.1,20.77,2,6,0,0,0,1,0.22484906972214325,Safe
R00203,State Highway,6.46,1,11.14,3,270.8,7.17,72.21,29.19,3,4,0,0,0,1,0.14806523302818592,Safe
R00204,Village Road,6.77,0,8.59,1,587.6,19.29,45.74,10.37,0,2,0,0,1,1,0.22829558838957634,Safe
R00205,District Road,3.61,2,10.83,1,866.3,5.61,86.4,31.64,2,2,0,0,0,1,0.12506968004602587,Safe
R00206,Highway,4.5,0,3.35,0,363.7,26.02,93.27,10.07,2,1,0,1,0,1,0.32076493334466744,Moderate
R00207,Highway,15.88,2,8.92,0,1780.6,18.13,48.09,21.3,1,1,0,0,0,1,0.2062657636771817,Safe
R00208,District Road,3.76,1,10.63,2,677.0,2.74,40.75,32.03,4,1,0,0,0,1,0.16439348442103885,Safe
R00209,Highway,1.05,1,4.57,3,1669.7,38.24,102.55,20.45,0,3,0,0,0,1,0.22886831512502748,Safe
R00210,State Highway,12.77,0,8.96,1,1517.6,16.9,59.72,28.89,3,1,0,0,0,1,0.1590332306489375,Safe
R00211,District Road,19.53,0,10.42,2,2250.2,22.21,55.56,20.07,1,1,0,0,0,1,0.14528351420740565,Safe
R00212,District Road,6.96,0,5.59,1,265.4,18.34,101.71,31.27,1,0,0,1,0,1,0.261637071305859,Moderate
R00213,District Road,2.81,0,6.65,3,575.8,21.99,54.43,34.98,1,0,0,0,0,1,0.15243826296978652,Safe
R00214,State Highway,11.62,0,8.13,0,2169.7,0.73,42.05,32.46,3,4,0,0,0,1,0.058105264810231025,Safe
R00215,District Road,18.17,2,7.67,1,2064.2,36.7,43.67,11.39,4,3,0,0,0,1,0.2555545256754137,Moderate
R00216,State Highway,15.79,1,3.35,1,520.7,14.95,171.3,13.71,1,2,1,0,1,1,0.5040648964261792,High
R00217,State Highway,12.64,2,3.89,1,314.0,32.6,89.08,23.55,0,2,1,0,0,1,0.41184157660052956,Moderate
R00218,District Road,6.64,1,3.9,0,2147.8,2.92,76.79,34.04,3,0,0,0,0,1,0.0,Safe
R00219,District Road,11.07,2,5.36,1,486.4,23.57,65.77,20.16,1,3,0,0,0,1,0.18081950902597083,Safe
R00220,Village Road,2.28,3,5.21,1,2184.2,40.9,66.04,16.93,0,4,1,0,0,0,0.5096839451100535,High
R00221,District Road,13.74,0,9.68,0,2404.7,17.92,15.77,34.12,3,1,1,0,0,1,0.2980187174603897,Moderate
R00222,District Road,14.64,2,8.15,2,591.0,8.88,25.68,27.72,1,4,0,0,0,1,0.14920011408665412,Safe
R00223,Highway,19.32,1,9.88,2,2108.9,4.46,178.19,29.26,1,0,0,0,0,1,0.19433363024125747,Safe
R00224,State Highway,5.58,2,3.63,2,1088.4,38.66,22.53,12.77,1,3,0,0,0,1,0.18243674309742333,Safe
R00225,State Highway,0.86,1,7.37,1,1982.5,10.75,47.21,16.56,4,2,0,0,0,1,0.1763070231320697,Safe
R00226,State Highway,11.14,1,5.91,0,1048.1,43.88,57.11,22.59,1,1,0,0,0,1,0.1848917766319648,Safe
R00227,Village Road,14.28,0,10.65,1,222.5,11.15,48.1,28.41,2,1,0,0,0,1,0.058867690933498446,Safe
R00228,State Highway,15.91,0,9.37,0,1796.1,21.64,33.51,18.68,3,2,0,0,1,1,0.20359891516170672,Safe
R00229,Village Road,4.28,1,10.82,1,419.2,20.61,123.62,15.11,3,1,0,0,0,1,0.1992819918570801,Safe
R00230,District Road,5.6,3,3.42,0,2321.2,2.79,22.23,20.93,4,0,0,0,0,1,0.171692696634782,Safe
R00231,Village Road,10.5,2,9.49,1,1073.5,23.93,252.55,20.61,2,1,1,1,0,0,0.7360435124212463,High
R00232,District Road,6.95,0,7.86,0,250.9,30.27,25.11,31.82,2,2,0,0,1,1,0.2283735715869196,Safe
R00233,District Road,17.28,2,10.43,0,609.8,33.4,156.6,33.34,2,1,1,0,0,1,0.4652802738569555,Moderate
R00234,District Road,9.74,2,7.56,3,2163.2,23.52,193.03,14.22,1,2,1,0,1,0,0.6513947998897035,High
R00235,State Highway,16.09,0,7.86,3,836.7,36.57,13.53,16.99,1,3,0,1,0,1,0.34338142216699846,Moderate
R00236,District Road,11.82,0,3.47,1,2148.0,33.84,80.28,29.65,3,3,1,1,0,1,0.5917198036895058,High
R00237,State Highway,15.58,0,9.02,0,472.1,8.73,99.07,16.13,2,2,0,1,1,1,0.43360907660687653,Moderate
R00238,Highway,6.99,2,5.46,3,1197.1,18.07,88.79,16.62,3,1,0,0,0,1,0.1777555650549081,Safe
R00239,District Road,16.71,2,3.18,3,2201.7,6.42,103.16,26.92,1,2,1,0,0,1,0.4254861593548845,Moderate
R00240,State Highway,5.85,0,3.6,2,168.6,6.0,41.22,22.77,1,1,0,1,1,1,0.39267551741051343,Moderate
R00241,Village Road,11.15,0,11.62,1,795.5,32.05,131.56,27.59,6,0,1,0,0,1,0.4040916830986306,Moderate
R00242,Village Road,4.67,2,6.11,0,2279.1,23.87,38.35,11.81,1,3,0,0,0,1,0.13600867360418586,Safe
R00243,Village Road,9.77,3,10.81,0,1511.5,27.04,50.46,22.61,1,1,0,1,0,0,0.4356425234664759,Moderate
R00244,State Highway,6.7,2,11.64,2,1804.8,32.95,32.91,26.82,2,2,0,0,0,1,0.1682673245490364,Safe
R00245,Highway,5.7,1,11.49,2,2113.2,12.48,122.6,21.86,2,2,1,1,0,1,0.5902439653697111,High
R00246,Village Road,19.36,0,10.94,1,1332.8,18.06,115.2,13.2,2,0,0,1,0,1,0.36571776846491677,Moderate
R00247,District Road,3.62,1,11.05,1,2121.1,27.31,35.48,13.35,2,0,0,0,0,1,0.1553779052904213,Safe
R00248,Village Road,15.85,0,5.6,1,1615.0,4.35,57.8,24.7,3,1,1,0,0,1,0.2365515468053038,Safe
R00249,Village Road,19.69,2,4.36,2,1729.8,37.49,177.63,13.6,3,1,0,1,0,0,0.5435944837417553,High
R00250,Village Road,0.89,1,8.75,2,424.5,15.46,16.7,17.59,1,0,0,0,0,1,0.12796108069931267,Safe
R00251,State Highway,14.13,2,7.39,1,2350.6,29.64,238.6,21.03,1,1,1,1,0,0,0.674923262107384,High
R00252,State Highway,5.43,1,3.89,0,2000.4,44.8,39.46,24.83,1,1,0,0,0,1,0.18085962619727367,Safe
R00253,Village Road,1.29,2,9.1,0,672.8,21.39,57.49,16.63,2,1,0,0,1,1,0.2944589961291723,Moderate
R00254,State Highway,8.36,0,8.07,2,1471.0,9.68,76.36,20.13,0,0,0,0,1,1,0.1486716308366543,Safe
R00255,State Highway,18.74,1,10.77,2,972.3,9.74,25.04,19.2,2,0,0,0,0,1,0.07766400052844627,Safe
R00256,District Road,0.73,1,8.48,0,1668.0,2.72,116.15,12.43,3,2,1,0,1,1,0.38141857196827705,Moderate
R00257,Village Road,11.96,0,8.17,0,2484.7,34.52,42.26,30.09,4,1,0,0,0,1,0.0931216769499054,Safe
R00258,District Road,10.28,3,6.97,2,162.1,13.2,44.14,28.56,4,1,0,0,0,1,0.2509496486145797,Moderate
R00259,District Road,17.53,1,7.17,1,2383.7,7.77,293.66,29.6,3,3,1,0,0,1,0.4520291783584081,Moderate
R00260,Highway,2.14,1,11.59,1,227.4,32.12,63.89,13.68,2,2,0,0,0,1,0.24802350890961,Safe
R00261,District Road,13.79,2,4.25,1,1178.9,13.91,88.02,22.94,0,0,0,0,0,1,0.16242948695930262,Safe
R00262,Village Road,13.76,2,7.02,2,1231.2,27.02,70.86,18.26,1,1,0,0,0,1,0.25712040470317493,Moderate
R00263,Highway,13.55,1,8.9,2,708.4,18.8,137.95,18.71,3,0,1,0,0,1,0.3960753249587919,Moderate
R00264,District Road,18.88,3,6.9,0,1438.4,15.04,168.4,11.65,2,1,0,0,0,1,0.24590819147465437,Safe
R00265,Village Road,16.55,0,5.55,1,2093.2,22.02,87.22,33.65,5,1,1,0,0,1,0.34536299942752896,Moderate
R00266,District Road,1.32,0,5.59,0,770.2,14.12,236.76,33.49,1,1,1,1,0,1,0.6098007032193725,High
R00267,District Road,9.69,1,5.1,2,222.5,39.18,153.84,20.21,4,1,1,0,0,1,0.47229282737404404,Moderate
R00268,District Road,8.26,1,6.1,2,1599.1,3.29,42.95,31.36,6,2,0,0,0,1,0.1251373742069699,Safe
R00269,State Highway,6.55,1,10.85,0,1891.8,1.36,332.97,18.25,3,2,0,1,1,1,0.5848528315596342,High
R00270,State Highway,9.3,0,7.55,0,2388.6,18.29,34.9,23.99,2,3,0,0,0,1,0.049060583502946994,Safe
R00271,Village Road,7.99,1,5.16,0,440.8,7.78,138.34,28.62,2,1,1,0,0,1,0.30131418515518316,Moderate
R00272,Village Road,8.93,2,6.46,1,2258.3,33.47,81.46,23.08,0,1,0,0,0,1,0.233719874733417,Safe
R00273,Village Road,19.6,1,3.95,0,1231.2,15.9,54.97,14.1,0,0,0,0,0,1,0.11014718649498054,Safe
R00274,Village Road,2.23,3,11.14,2,627.6,11.76,190.14,19.48,1,1,0,0,0,1,0.2688593922049267,Moderate
R00275,District Road,18.48,2,6.67,2,2408.7,16.17,81.31,28.99,2,0,0,0,0,1,0.1607094866982441,Safe
R00276,District Road,9.86,0,11.82,1,634.2,9.88,98.27,29.52,2,3,1,0,0,1,0.37597240179738345,Moderate
R00277,Village Road,12.66,0,6.13,2,1846.9,13.48,16.62,18.45,0,3,0,0,0,1,0.07583579728047898,Safe
R00278,District Road,16.69,0,10.53,1,1973.0,25.56,138.76,23.51,0,0,0,0,0,1,0.16933182026411708,Safe
R00279,District Road,7.53,2,5.31,3,1104.8,38.88,99.01,15.18,3,2,0,0,0,1,0.34116902391452986,Moderate
R00280,Village Road,8.89,0,3.69,0,1740.5,16.69,59.77,16.28,1,0,1,0,0,1,0.2987044627233147,Moderate
R00281,Village Road,8.49,0,3.29,0,1452.6,14.43,99.86,13.62,1,2,0,0,1,1,0.2381448366899321,Safe
R00282,State Highway,7.81,3,8.46,1,520.5,35.18,111.22,20.95,1,4,0,0,0,1,0.2833180443953095,Moderate
R00283,State Highway,18.55,1,5.8,1,1911.7,1.01,83.66,28.0,0,1,1,0,0,1,0.337804512418495,Moderate
R00284,Highway,16.66,0,6.99,0,2323.6,13.59,50.04,31.98,4,1,0,0,0,1,0.10389443148623637,Safe
R00285,District Road,2.63,0,10.37,1,1247.2,20.35,123.17,23.62,2,3,1,0,0,1,0.36164854886610764,Moderate
R00286,Highway,2.61,2,5.23,1,2486.1,27.03,93.26,26.3,3,1,0,0,0,1,0.21809610688913314,Safe
R00287,District Road,8.84,2,5.78,2,1098.5,7.02,23.94,16.67,4,2,1,0,0,1,0.32669305604019716,Moderate
R00288,District Road,2.42,0,10.61,1,1225.4,19.48,211.98,15.05,2,3,1,0,0,1,0.4873558433429369,Moderate
R00289,State Highway,12.57,1,7.43,1,1701.0,25.48,151.52,19.89,2,1,1,0,1,1,0.5401053155350981,High
R00290,District Road,3.3,2,10.45,3,505.1,22.96,156.75,23.97,4,2,0,0,0,1,0.3625136887095223,Moderate
R00291,Highway,10.69,2,6.37,2,2259.8,25.85,85.26,10.84,3,1,0,0,0,1,0.28303781232421427,Moderate
R00292,Highway,0.64,2,6.59,1,2013.1,29.81,109.61,12.3,2,1,0,1,0,0,0.43942506895033184,Moderate
R00293,Village Road,6.67,1,4.5,1,2187.4,17.07,68.43,25.77,1,2,0,0,0,1,0.15477079588337966,Safe
R00294,State Highway,13.71,3,11.25,1,1543.4,2.86,92.3,14.98,3,0,1,0,0,0,0.37109199891229405,Moderate
R00295,Highway,9.94,0,11.07,0,2215.2,2.5,57.14,21.33,2,1,0,0,0,1,0.04303334433078007,Safe
R00296,District Road,19.58,0,11.86,0,1715.9,38.64,65.48,33.41,4,4,1,0,0,1,0.3849728224539534,Moderate
R00297,Village Road,17.55,2,6.62,1,1303.3,30.48,81.31,31.57,2,2,1,0,0,1,0.3684266710603997,Moderate
R00298,State Highway,7.5,1,10.37,2,2332.9,34.39,49.51,11.59,1,0,0,0,1,1,0.20021611308404386,Safe
R00299,District Road,1.39,2,6.73,0,1127.3,41.8,263.0,11.47,1,1,1,0,0,1,0.5095987560453088,High
R00300,Highway,16.99,0,7.09,0,1276.4,33.77,92.52,13.63,1,0,1,0,0,1,0.37364085488236165,Moderate
R00301,Highway,18.27,2,10.47,0,465.4,31.15,122.18,12.91,4,1,0,0,0,1,0.21781134431696156,Safe
R00302,District Road,16.5,0,4.6,2,2371.8,29.51,50.94,16.35,1,1,0,0,0,1,0.11371507249482211,Safe
R00303,District Road,3.0,1,4.98,1,591.6,11.64,133.81,19.3,2,2,0,0,0,1,0.20839488987561405,Safe
R00304,District Road,19.96,0,5.83,2,543.5,43.08,76.65,12.07,0,0,0,1,0,1,0.4295791951343564,Moderate
R00305,District Road,5.54,1,10.09,1,297.9,24.39,40.23,21.51,1,6,0,0,0,1,0.18877088755654253,Safe
R00306,Village Road,14.62,2,6.35,3,1160.7,9.99,104.77,23.25,1,0,1,0,0,1,0.37214103346528166,Moderate
R00307,District Road,18.21,1,6.22,1,720.4,9.44,183.83,26.54,3,0,1,1,0,1,0.6166832892198615,High
R00308,State Highway,5.1,0,11.99,1,1864.9,36.69,64.58,20.16,3,1,1,0,0,1,0.3657182627181662,Moderate
R00309,Village Road,18.21,1,6.45,3,803.4,11.26,81.65,17.4,3,1,0,0,0,1,0.3428743461160473,Moderate
R00310,State Highway,6.53,2,5.23,3,1815.9,1.86,75.45,26.08,2,1,0,0,0,1,0.12800625676553234,Safe
R00311,District Road,19.54,0,8.61,2,530.1,19.28,81.26,32.78,3,0,0,0,0,1,0.08322421194137157,Safe
R00312,Highway,5.98,0,10.22,3,613.4,36.78,89.71,19.91,2,1,0,0,0,1,0.09926176463964041,Safe
R00313,Highway,19.09,0,3.63,1,2025.1,18.65,199.97,17.34,1,2,1,0,0,1,0.3775381775507204,Moderate
R00314,Village Road,1.54,3,8.57,1,959.2,36.16,91.38,27.94,2,1,0,1,1,0,0.5490606286071719,High
R00315,Village Road,14.33,1,3.32,1,323.8,37.22,29.73,31.93,3,2,0,0,0,1,0.1730749184517529,Safe
R00316,District Road,10.88,0,7.74,1,2405.4,38.6,80.58,34.0,2,1,0,0,0,1,0.19677821737907114,Safe
R00317,District Road,9.82,2,5.31,1,484.6,26.5,107.38,15.5,1,1,1,0,0,1,0.4079617302176904,Moderate
R00318,State Highway,4.86,1,5.76,1,418.0,31.48,57.48,17.57,2,2,0,0,1,1,0.23740313603238458,Safe
R00319,State Highway,14.26,0,7.2,2,928.0,11.78,188.83,32.65,2,1,1,0,0,1,0.3885089419834482,Moderate
R00320,State Highway,4.22,3,11.34,1,284.3,4.49,50.78,16.75,2,1,0,0,0,1,0.19019419254828254,Safe
R00321,District Road,11.28,1,9.4,0,431.3,23.98,44.43,18.64,2,1,1,0,0,1,0.3013049786369881,Moderate
R00322,District Road,5.44,1,11.43,0,2123.8,0.48,113.98,25.99,2,2,1,0,0,1,0.26008071926091975,Moderate
R00323,District Road,19.13,1,8.94,3,470.2,20.96,47.74,24.2,0,1,0,0,0,1,0.1679399008770516,Safe
R00324,State Highway,1.06,2,3.06,2,323.0,4.59,117.72,31.95,3,1,1,0,0,1,0.38748760759351325,Moderate
R00325,Village Road,4.39,0,5.39,1,2205.9,4.88,67.86,25.3,3,2,1,0,0,1,0.2850901238426208,Moderate
R00326,District Road,5.23,0,11.15,2,1137.3,39.19,61.81,22.22,4,0,0,1,0,1,0.3609784618301763,Moderate
R00327,District Road,8.57,0,8.79,2,435.0,28.82,36.35,11.85,4,4,0,0,0,1,0.11873218872968412,Safe
R00328,District Road,5.04,2,11.83,3,1474.7,29.04,76.73,34.38,2,2,1,1,0,0,0.6172536799664499,High
R00329,District Road,10.08,1,4.4,1,151.7,18.2,47.7,20.56,1,0,0,0,0,1,0.11984241858987271,Safe
R00330,State Highway,17.51,1,5.67,1,1097.1,18.6,40.87,24.31,2,0,0,0,0,1,0.08980183317207358,Safe
R00331,State Highway,14.39,0,6.26,0,1496.3,13.64,173.65,22.55,2,1,1,0,0,1,0.3429108568746659,Moderate
R00332,Village Road,11.81,1,5.94,3,2394.9,19.55,106.23,28.45,1,1,0,1,0,1,0.40903931118979114,Moderate
R00333,Highway,2.24,2,5.27,3,849.8,26.42,55.07,26.16,1,1,0,0,0,1,0.2744240614019542,Moderate
R00334,Highway,14.03,1,6.99,2,1924.4,8.4,26.49,18.57,1,1,0,0,1,1,0.1700056584355224,Safe
R00335,Highway,3.75,2,8.78,1,375.1,11.78,12.59,23.0,3,0,0,0,0,1,0.0959362890781876,Safe
R00336,Highway,15.83,0,5.8,1,1112.3,22.26,57.26,30.65,3,0,0,0,1,1,0.2550784687684087,Moderate
R00337,Village Road,5.38,2,3.72,1,596.7,17.32,156.95,25.84,1,0,1,1,0,0,0.6075127001286997,High
R00338,District Road,8.63,0,9.38,0,1256.5,36.88,67.42,33.86,1,1,0,0,0,1,0.1534460248726022,Safe
R00339,District Road,7.33,1,7.13,1,1072.2,36.98,49.08,28.85,2,3,0,0,0,1,0.1314859364614383,Safe
R00340,Highway,17.25,3,8.01,0,2450.5,15.12,27.66,22.13,2,0,0,0,0,1,0.2355805543574892,Safe
R00341,District Road,2.97,3,7.1,3,2297.9,20.29,60.32,30.18,3,3,0,0,1,0,0.3136593420991492,Moderate
R00342,District Road,11.53,0,11.01,1,1476.4,43.95,46.1,21.05,0,6,0,1,0,1,0.3834014931219388,Moderate
R00343,State Highway,3.27,1,8.03,3,482.4,37.24,25.81,15.33,4,2,1,0,0,1,0.44232899454515884,Moderate
R00344,District Road,14.24,0,11.31,2,1414.5,9.7,53.99,25.74,3,4,0,1,0,1,0.3580111717542438,Moderate
R00345,State Highway,18.15,2,7.6,0,1990.6,12.61,114.45,18.85,1,1,0,0,0,1,0.23612161035558482,Safe
R00346,District Road,8.97,1,5.63,0,143.2,3.76,15.88,10.62,1,0,0,0,1,1,0.18006178619949537,Safe
R00347,District Road,10.02,1,6.2,3,1113.4,30.5,72.47,15.35,2,0,0,0,0,1,0.1789015649425558,Safe
R00348,Highway,18.58,0,7.7,2,154.5,14.26,8.88,14.18,0,0,0,0,0,1,0.14642796669843144,Safe
R00349,State Highway,10.66,3,7.77,0,647.7,24.15,38.61,29.87,1,1,0,0,0,1,0.1459062887134153,Safe
R00350,District Road,10.01,1,9.19,0,275.7,34.57,23.71,28.17,3,5,0,0,0,1,0.17055696476942156,Safe
R00351,District Road,11.78,0,5.02,2,2403.4,37.62,138.5,25.36,5,1,1,0,0,1,0.38682119217986777,Moderate
R00352,Village Road,13.94,1,8.93,1,463.6,14.64,180.13,33.36,3,0,0,0,0,1,0.15789184315598817,Safe
R00353,District Road,2.58,0,10.01,0,417.8,10.68,83.41,14.45,2,1,0,0,0,1,0.06969822138389704,Safe
R00354,State Highway,16.51,1,9.09,2,2431.5,38.18,44.82,14.08,2,1,0,0,1,1,0.3037867056402187,Moderate
R00355,Highway,8.99,3,7.34,2,1314.1,17.16,67.51,32.73,2,2,0,0,1,0,0.33171404016363437,Moderate
R00356,District Road,1.91,2,11.93,1,1907.1,36.99,12.47,26.17,1,0,0,1,0,0,0.3972443220724744,Moderate
R00357,Highway,15.83,1,6.64,3,851.9,6.74,140.89,23.94,0,1,1,1,0,1,0.5874622645691877,High
R00358,District Road,7.85,2,3.96,2,1355.5,41.04,141.93,28.5,0,1,0,1,0,0,0.46495577933565607,Moderate
R00359,Village Road,2.46,1,10.39,2,66.8,21.74,116.49,17.04,2,2,0,0,0,1,0.17750138581146793,Safe
R00360,District Road,12.86,0,4.91,0,1051.6,7.66,80.91,24.87,2,0,0,1,0,1,0.2980988891922439,Moderate
R00361,State Highway,17.66,3,9.42,0,1410.0,24.08,185.14,20.67,2,1,1,0,1,0,0.5937298793776024,High
R00362,District Road,17.81,0,4.61,0,1310.3,39.15,50.75,17.67,1,3,1,1,0,1,0.5371788352871245,High
R00363,District Road,19.17,0,3.15,1,1044.3,17.52,14.27,31.91,3,0,1,1,0,1,0.4694698696416774,Moderate
R00364,District Road,17.42,3,4.44,3,1980.4,8.01,64.26,14.02,4,1,0,0,0,1,0.16959820857691435,Safe
R00365,Village Road,0.54,0,6.39,3,1279.0,25.95,29.84,10.45,2,3,0,0,0,1,0.14985210431017063,Safe
R00366,State Highway,7.91,2,3.96,2,1608.5,37.55,163.68,18.98,3,3,1,0,0,1,0.5683975967684108,High
R00367,Village Road,16.46,3,4.78,1,502.3,5.46,45.47,14.96,1,0,0,0,0,1,0.19800988377641557,Safe
R00368,Village Road,7.64,1,9.88,2,2160.7,1.86,97.93,30.28,1,5,0,0,0,1,0.21961635478360864,Safe
R00369,State Highway,12.23,0,9.93,1,938.9,2.53,205.36,13.17,3,0,1,1,0,1,0.5428351591901511,High
R00370,Highway,12.32,1,10.36,0,1231.2,10.37,121.41,33.44,1,0,1,0,1,1,0.4356045065280945,Moderate
R00371,Highway,7.62,0,10.57,1,912.9,0.33,42.7,14.19,1,3,0,0,0,1,0.1262334140347688,Safe
R00372,Highway,18.14,1,6.78,1,2235.2,19.29,113.64,32.23,2,1,0,0,0,1,0.1651654366057617,Safe
R00373,Highway,10.31,2,10.81,0,2256.8,31.4,77.86,14.21,1,1,0,0,0,1,0.21509134979756897,Safe
R00374,District Road,9.56,1,7.73,0,599.5,31.97,33.53,11.2,0,1,1,0,0,1,0.35461553609179003,Moderate
R00375,Highway,19.95,1,7.24,0,1894.2,28.65,26.12,22.2,1,2,0,0,1,1,0.25647633897687067,Moderate
R00376,State Highway,10.12,1,9.47,1,302.1,13.33,129.56,18.91,5,1,0,0,0,1,0.18594633344513053,Safe
R00377,Village Road,3.98,1,4.92,0,123.1,33.12,146.8,24.95,2,1,0,0,0,1,0.13487358998089033,Safe
R00378,Highway,10.5,2,10.11,2,2099.6,25.94,69.57,26.02,2,0,1,0,0,1,0.4406247705517875,Moderate
R00379,Village Road,16.37,0,6.87,1,371.4,38.75,34.37,33.36,2,0,0,0,0,1,0.1507636582987216,Safe
R00380,State Highway,15.65,2,4.15,1,429.2,21.51,55.41,33.82,3,3,0,1,0,0,0.38286259338925144,Moderate
R00381,Highway,15.88,1,4.07,2,1536.1,8.11,36.16,22.37,1,1,0,0,0,1,0.0876348395376363,Safe
R00382,District Road,14.31,0,4.48,1,2051.1,28.56,95.01,15.22,1,2,1,1,0,1,0.5315398827738782,High
R00383,District Road,5.46,0,11.02,1,514.5,6.79,132.47,16.18,3,0,1,0,0,1,0.2836203916313148,Moderate
R00384,Village Road,17.31,1,11.92,2,329.8,43.34,135.21,12.49,2,0,0,0,1,1,0.32546631947895177,Moderate
R00385,District Road,17.92,1,6.21,1,239.4,31.65,132.39,17.0,2,0,0,1,1,1,0.5167543594401116,High
R00386,Village Road,4.29,0,5.63,2,110.9,34.03,71.68,32.78,1,3,0,0,0,1,0.22726058386708636,Safe
R00387,State Highway,3.04,3,4.97,1,335.4,30.57,61.1,19.12,2,1,0,0,0,1,0.2977928194790823,Moderate
R00388,State Highway,19.52,1,10.41,0,2359.6,4.39,77.65,25.74,5,1,1,0,0,1,0.31285242653986717,Moderate
R00389,Village Road,17.43,3,4.88,1,283.4,20.94,67.3,34.53,4,3,0,0,0,1,0.29750072638887837,Moderate
R00390,Village Road,17.92,0,11.32,0,1514.0,29.31,107.19,12.67,3,2,0,1,0,1,0.32075293603109656,Moderate
R00391,Village Road,17.78,0,9.01,0,2306.4,10.32,131.66,29.38,4,3,0,0,0,1,0.15417644315636633,Safe
R00392,District Road,11.06,0,11.07,0,1588.2,30.58,85.61,27.49,4,1,1,0,0,1,0.3433260901602581,Moderate
R00393,State Highway,13.1,0,7.99,0,130.2,36.89,94.22,30.48,1,2,0,0,0,1,0.1527556782202411,Safe
R00394,Village Road,11.13,2,9.22,2,1511.2,12.37,76.42,13.43,4,1,1,0,0,1,0.38965192754861266,Moderate
R00395,State Highway,1.5,0,8.58,2,2262.5,8.98,47.29,22.54,3,3,0,0,0,1,0.09505520752397269,Safe
R00396,Village Road,15.04,1,10.48,2,840.3,39.74,107.14,25.8,4,2,1,1,0,1,0.602918304049612,High
R00397,Village Road,10.35,0,10.52,0,818.4,0.23,6.68,29.0,4,1,0,0,0,1,0.04680504279159131,Safe
R00398,District Road,13.13,1,8.31,2,659.7,11.51,45.46,27.82,1,1,0,0,1,1,0.1867240172312821,Safe
R00399,Village Road,10.3,2,8.69,0,1288.6,18.3,65.35,24.27,4,3,0,0,0,1,0.18085162845153932,Safe
R00400,Village Road,10.09,1,11.3,1,633.0,30.25,160.15,21.73,2,2,1,0,0,1,0.43266480912285665,Moderate
R00401,Highway,3.85,2,11.37,2,1823.3,44.87,228.06,33.54,1,2,0,1,0,0,0.5403770088496218,High
R00402,Village Road,5.93,0,8.98,0,1629.9,16.69,75.45,14.54,0,2,0,0,0,1,0.08311067339832522,Safe
R00403,District Road,3.6,3,3.07,3,1031.9,42.7,152.76,15.11,1,3,1,1,0,0,0.7569385141342206,Critical
R00404,Village Road,4.32,2,3.94,2,1820.3,16.5,158.75,12.78,3,1,1,0,1,0,0.5532735365838088,High
R00405,State Highway,19.47,1,10.72,2,291.3,31.3,9.9,12.82,4,0,0,0,0,1,0.14073266036121204,Safe
R00406,Village Road,3.49,1,3.76,2,1886.3,7.44,81.07,31.84,1,2,0,0,1,1,0.2852457153910954,Moderate
R00407,State Highway,5.75,3,4.92,2,1527.1,20.72,66.44,25.16,2,3,0,0,0,1,0.21034850814085904,Safe
R00408,Highway,12.02,1,5.07,3,1593.7,39.21,19.84,33.38,2,1,0,0,0,1,0.2588210811108378,Moderate
R00409,Village Road,12.4,2,8.4,2,208.4,14.4,57.42,32.17,2,1,0,0,0,1,0.20366398949082606,Safe
R00410,Highway,3.5,1,8.19,1,1564.4,4.73,154.89,17.51,3,4,0,0,0,1,0.2161756377828059,Safe
R00411,State Highway,15.98,0,5.6,1,1260.6,23.52,116.69,26.03,3,4,1,0,0,1,0.3957444718662637,Moderate
R00412,Village Road,15.81,2,4.87,1,1240.4,19.78,26.14,19.49,2,1,0,1,0,0,0.33205234733492694,Moderate
R00413,Village Road,5.13,1,9.88,3,838.5,10.33,12.15,31.9,4,2,0,0,0,1,0.14584403673214952,Safe
R00414,District Road,6.13,1,11.42,3,68.7,40.75,41.23,28.36,0,1,0,0,0,1,0.10748998807957406,Safe
R00415,District Road,18.79,1,3.48,1,1085.5,27.08,85.18,13.09,1,0,0,0,0,1,0.20530718013650764,Safe
R00416,District Road,16.6,0,4.2,2,1032.2,15.62,78.89,16.33,4,1,0,0,0,1,0.14229457270848694,Safe
R00417,State Highway,14.11,2,8.78,3,1085.9,44.83,14.7,26.44,2,0,0,0,0,1,0.2392486577437287,Safe
R00418,State Highway,2.1,3,10.24,0,1549.4,6.19,103.76,16.15,1,0,0,0,0,1,0.1596172858702436,Safe
R00419,District Road,8.66,2,10.12,1,784.8,38.16,45.31,23.35,0,1,0,0,1,1,0.29824733933240777,Moderate
R00420,Village Road,11.41,0,9.48,1,710.0,10.38,56.0,16.11,0,2,0,0,0,1,0.09420946874651465,Safe
R00421,Village Road,4.15,1,10.99,2,1269.6,10.78,120.8,27.06,2,3,0,0,0,1,0.2660287776489294,Moderate
R00422,Village Road,9.24,2,4.96,1,1501.2,22.42,31.16,11.88,1,0,0,0,0,1,0.09112659386187374,Safe
R00423,Highway,12.22,1,3.97,2,1440.0,29.79,196.62,28.03,2,1,0,1,0,1,0.4979940457183497,Moderate
R00424,District Road,6.88,1,8.54,1,2210.0,31.07,157.11,18.43,4,2,1,1,0,1,0.6430557727080679,High
R00425,Highway,15.73,3,10.4,0,1934.4,1.0,108.16,21.34,1,3,0,1,0,0,0.3400172680086787,Moderate
R00426,District Road,16.89,1,8.24,0,177.9,12.91,56.68,22.09,3,1,0,0,0,1,0.18566018989784602,Safe
R00427,District Road,6.81,1,11.67,0,1430.5,29.73,189.21,14.86,1,0,1,1,0,1,0.6145909808865401,High
R00428,Village Road,16.85,0,10.16,0,1073.6,40.04,56.73,33.55,3,4,0,0,0,1,0.18095921008600785,Safe
R00429,State Highway,2.52,0,9.31,1,934.6,30.15,116.75,10.0,2,2,0,0,0,1,0.2108283415625746,Safe
R00430,Highway,16.84,0,3.54,2,2396.8,11.96,10.08,19.32,1,0,0,0,0,1,0.0,Safe
R00431,Highway,3.48,3,3.97,0,1169.1,22.85,64.19,13.21,4,1,0,0,0,1,0.18377413547786386,Safe
R00432,Village Road,2.12,1,10.06,1,1812.6,29.14,19.3,19.0,2,2,0,0,0,1,0.10875098666755383,Safe
R00433,District Road,13.01,1,4.78,1,2419.4,6.09,16.24,12.6,3,4,0,0,0,1,0.09324550723858895,Safe
R00434,Highway,9.7,2,3.26,0,420.0,24.52,29.26,19.47,0,0,0,0,0,1,0.07780831152115068,Safe
R00435,Highway,18.2,1,11.2,1,183.8,21.22,78.7,14.85,3,3,0,0,0,1,0.12971465712405045,Safe
R00436,District Road,7.58,1,11.02,2,818.4,15.15,280.57,23.84,0,2,0,1,0,1,0.4398215416799255,Moderate
R00437,Highway,6.1,0,4.97,0,158.9,28.06,58.38,10.3,1,3,0,0,0,1,0.09947975661700652,Safe
R00438,Village Road,10.26,2,10.02,0,336.1,28.63,103.98,22.65,3,1,1,0,0,1,0.34038144254648467,Moderate
R00439,District Road,9.39,0,3.43,3,2479.7,43.72,97.75,17.07,3,1,0,0,1,1,0.3516398019284,Moderate
R00440,Highway,7.22,0,5.57,2,2402.4,19.27,62.3,18.04,4,3,0,0,0,1,0.09355818368513175,Safe
R00441,Highway,14.03,0,8.61,1,1743.7,23.91,6.67,18.87,3,1,0,0,0,1,0.12464645490460728,Safe
R00442,Village Road,15.31,0,9.87,1,1894.8,7.09,86.61,26.32,1,3,0,1,0,1,0.2969963280640058,Moderate
R00443,State Highway,17.13,0,3.09,2,394.2,24.68,39.22,28.94,0,1,0,0,0,1,0.035197082809556274,Safe
R00444,State Highway,19.47,1,5.94,2,1508.3,1.62,71.45,18.24,1,2,0,0,0,1,0.15126790010984198,Safe
R00445,Village Road,5.7,0,4.93,1,428.3,6.74,136.7,33.12,2,1,1,0,1,1,0.3894503906330481,Moderate
R00446,Village Road,14.46,1,11.99,1,977.0,7.71,75.97,28.66,2,2,0,0,1,1,0.17353668641478326,Safe
R00447,Village Road,8.19,0,9.04,1,896.1,28.47,47.32,20.1,0,2,0,0,0,1,0.14126969536608466,Safe
R00448,Village Road,13.7,0,6.65,0,1554.2,25.53,14.79,12.45,2,1,0,0,0,1,0.13727351680956237,Safe
R00449,State Highway,9.78,1,3.68,3,245.2,35.91,114.75,24.01,6,2,0,1,0,1,0.4503661047922709,Moderate
R00450,Highway,19.88,3,8.39,1,303.5,20.9,95.18,25.34,2,2,0,0,1,0,0.3285017365495411,Moderate
R00451,Village Road,14.71,2,8.78,1,1544.3,21.37,77.62,13.41,1,2,0,0,0,1,0.23807992631511843,Safe
R00452,District Road,19.07,3,10.35,3,1608.5,7.27,52.23,31.3,3,1,0,0,0,1,0.2993947854356901,Moderate
R00453,District Road,16.78,1,5.6,0,882.7,33.42,140.8,19.54,4,0,0,1,0,1,0.3997551022192768,Moderate
R00454,Village Road,18.11,1,11.83,0,409.8,0.16,157.21,13.81,1,0,1,0,0,1,0.4058696218042056,Moderate
R00455,Highway,16.38,1,6.96,2,2220.9,19.12,108.64,23.02,2,2,0,0,0,1,0.1036897571876068,Safe
R00456,District Road,9.45,1,5.66,1,179.7,8.47,157.93,20.55,2,0,1,0,0,1,0.35944479706379845,Moderate
R00457,Highway,5.41,0,6.14,2,1807.6,34.7,84.11,26.05,3,3,1,1,0,1,0.535797112520079,High
R00458,District Road,7.72,1,7.68,0,393.1,30.3,65.81,14.31,2,3,0,0,0,1,0.17603345232666642,Safe
R00459,Highway,0.89,1,11.43,1,1611.6,31.8,97.36,10.52,2,3,0,1,0,1,0.4055866782653204,Moderate
R00460,Highway,10.72,1,9.62,0,1676.0,6.69,71.86,21.91,4,1,0,0,0,1,0.1345042065789056,Safe
R00461,Highway,10.35,1,8.19,2,2020.4,30.1,71.05,13.93,2,0,0,1,0,1,0.4131648058765067,Moderate
R00462,District Road,10.74,0,4.47,0,1017.8,31.09,70.11,13.91,1,2,0,0,1,1,0.247821208391102,Safe
R00463,District Road,19.49,1,4.34,1,103.4,0.12,178.69,26.95,1,5,1,1,0,1,0.634003510996465,High
R00464,District Road,18.27,0,7.52,2,2037.1,14.29,71.45,16.47,2,2,0,0,0,1,0.08167722210449105,Safe
R00465,Village Road,3.65,3,9.56,3,1138.0,3.93,72.69,31.0,4,2,0,0,0,1,0.2042343939656634,Safe
R00466,State Highway,7.69,0,9.76,2,2125.4,30.66,56.77,22.87,4,1,0,0,0,1,0.06887551310713269,Safe
R00467,State Highway,8.77,0,5.03,1,1951.2,9.54,104.73,25.2,1,1,0,1,0,1,0.3076807772500566,Moderate
R00468,Village Road,7.53,2,3.9,1,1270.9,11.91,242.95,18.02,0,3,1,0,0,1,0.4655016970827323,Moderate
R00469,State Highway,16.07,1,6.46,2,2498.5,3.52,83.5,15.6,2,2,1,0,0,1,0.3884123544461596,Moderate
R00470,Village Road,10.72,0,11.26,2,1182.1,21.77,50.06,13.97,0,3,0,0,0,1,0.18011738694584542,Safe
R00471,Highway,11.66,1,7.91,2,1756.4,1.49,169.61,27.68,2,1,1,0,0,1,0.427190531841337,Moderate
R00472,Village Road,17.13,0,5.88,3,1691.0,38.05,54.47,27.23,1,3,0,0,0,1,0.19101591898257086,Safe
R00473,Highway,16.22,0,5.91,2,1319.3,1.19,229.42,22.32,0,5,1,0,0,1,0.3622327146482469,Moderate
R00474,Village Road,3.08,0,4.19,0,1484.1,2.77,68.3,29.53,1,4,0,1,0,1,0.20106644128266174,Safe
R00475,District Road,14.42,1,7.26,2,2006.6,28.82,95.18,30.06,1,1,0,0,0,1,0.23203238722390776,Safe
R00476,Village Road,8.99,2,10.12,2,1450.5,41.26,120.62,21.05,2,1,0,0,0,1,0.30708902093260065,Moderate
R00477,Highway,6.25,1,11.72,2,1152.9,40.15,53.94,26.28,2,2,0,0,0,1,0.24516792440115867,Safe
R00478,District Road,1.48,1,7.51,3,1672.1,3.76,29.74,32.8,6,2,0,0,0,1,0.13844539156972502,Safe
R00479,Village Road,10.0,0,4.5,1,137.0,12.98,61.79,12.04,2,2,0,0,0,1,0.058911675878252884,Safe
R00480,District Road,7.43,0,9.15,2,317.5,23.45,71.89,10.3,3,2,1,0,0,1,0.41873858025555527,Moderate
R00481,District Road,5.4,2,9.81,0,357.3,1.2,24.53,21.83,0,0,0,0,0,1,0.05951577411689002,Safe
R00482,District Road,14.05,0,3.65,1,1093.1,23.79,62.78,18.29,0,3,0,1,0,1,0.249867967732243,Safe
R00483,District Road,15.5,2,10.65,1,2185.8,20.15,137.73,12.18,3,0,1,1,0,0,0.6517353305757099,High
R00484,District Road,5.27,1,10.46,3,1626.1,26.48,97.06,13.74,4,1,1,0,0,1,0.4097347280254821,Moderate
R00485,District Road,1.46,2,7.25,3,2432.9,41.41,42.06,16.44,3,4,0,1,0,0,0.38780887089730987,Moderate
R00486,Village Road,17.05,0,8.04,2,147.9,12.36,141.82,12.48,3,2,1,0,0,1,0.34241588650320487,Moderate
R00487,Highway,0.69,0,9.42,0,1818.9,28.76,26.27,17.98,3,3,0,0,0,1,0.14803539759382423,Safe
R00488,State Highway,18.77,2,9.09,1,819.8,19.34,66.98,13.32,0,0,0,1,0,0,0.2826516474350591,Moderate
R00489,Village Road,12.74,2,3.15,2,107.0,19.58,43.3,25.62,2,0,0,0,1,1,0.3135136609244831,Moderate
R00490,Village Road,6.78,0,4.1,0,2073.5,29.13,82.04,27.42,2,0,0,0,0,1,0.12311322658246376,Safe
R00491,District Road,5.31,3,4.46,0,448.6,42.81,169.79,29.39,1,2,1,0,0,0,0.5170525278274752,High
R00492,District Road,0.68,0,9.8,2,574.5,38.84,211.56,31.74,4,0,1,0,0,1,0.5107499858122094,High
R00493,State Highway,5.09,0,6.96,0,884.1,28.78,83.29,10.08,2,0,0,0,0,1,0.14840651530771445,Safe
R00494,State Highway,3.19,1,7.91,0,1981.5,20.77,176.55,14.41,1,2,1,0,0,1,0.37909648994327444,Moderate
R00495,District Road,12.44,2,9.95,1,1580.2,19.08,82.63,30.37,1,1,1,0,0,1,0.37876039950060153,Moderate
R00496,State Highway,3.75,3,6.07,3,698.9,35.42,109.26,10.76,2,0,0,1,0,0,0.4228746351437588,Moderate
R00497,District Road,10.81,1,9.74,2,462.8,9.82,129.1,26.64,0,0,0,0,0,1,0.14412562855608457,Safe
R00498,Highway,12.01,0,6.98,3,318.4,26.44,117.83,14.52,2,4,0,0,0,1,0.18176223363951463,Safe
R00499,Village Road,6.31,1,6.39,2,417.1,22.72,86.99,22.66,4,2,0,0,0,1,0.21746302764817665,Safe
R00500,Village Road,1.18,0,6.0,1,2177.0,29.22,22.99,34.06,6,0,1,0,0,1,0.3035667514912211,Moderate
R00501,District Road,1.23,1,11.68,3,2310.6,8.43,167.03,26.22,2,3,1,0,0,1,0.48394632771363816,Moderate
R00502,District Road,1.01,1,9.95,1,2421.5,31.31,85.78,19.21,5,1,0,1,0,1,0.365977550606585,Moderate
R00503,State Highway,14.91,0,3.18,1,2095.1,28.21,166.07,27.23,1,1,0,0,1,1,0.2392705798964027,Safe
R00504,Village Road,6.7,1,11.62,1,2224.1,8.11,91.79,10.14,3,0,0,0,0,1,0.15017432791809932,Safe
R00505,District Road,16.03,1,9.98,2,2049.5,20.23,44.03,33.76,0,1,0,1,0,1,0.33022146589352136,Moderate
R00506,State Highway,8.92,2,4.34,3,2397.2,30.54,16.89,18.61,0,0,0,0,1,1,0.3036886498384322,Moderate
R00507,Village Road,9.33,1,3.69,1,2121.8,40.57,94.55,34.5,3,4,0,0,1,1,0.3644010806095659,Moderate
R00508,Village Road,10.5,0,5.77,1,1181.9,5.49,28.85,26.91,2,2,0,0,0,1,0.05912137696184015,Safe
R00509,Village Road,14.4,0,8.62,2,842.0,0.39,192.54,17.18,1,0,0,1,0,1,0.359607364476495,Moderate
R00510,District Road,5.83,0,8.55,0,1481.3,7.43,60.81,25.38,5,0,0,0,0,1,0.14446004576932447,Safe
R00511,District Road,2.87,0,5.48,2,1540.0,44.52,49.22,19.51,3,1,1,1,0,1,0.5156918596350017,High
R00512,District Road,11.34,1,7.01,1,1458.5,34.58,181.88,26.07,1,2,0,0,0,1,0.29212438232997007,Moderate
R00513,Village Road,6.88,3,4.91,1,1781.5,27.65,71.27,29.77,5,1,1,0,0,0,0.49806081326280516,Moderate
R00514,Village Road,9.13,1,3.46,1,1762.5,5.99,30.11,21.77,1,2,0,0,1,1,0.19371673995633346,Safe
R00515,Highway,13.12,1,7.65,1,263.6,18.72,138.52,15.55,0,1,0,1,0,1,0.41029781790128683,Moderate
R00516,Highway,10.14,1,6.12,2,749.5,32.19,40.86,34.54,1,1,0,0,0,1,0.09246080026582461,Safe
R00517,State Highway,12.6,0,7.89,3,2230.2,40.31,125.29,20.32,3,2,1,1,0,1,0.611948923280314,High
R00518,Village Road,11.11,3,11.52,1,1495.6,17.18,72.33,14.41,2,0,1,0,0,0,0.42946813007729073,Moderate
R00519,Village Road,14.93,3,4.29,2,854.9,44.99,43.26,28.48,2,1,0,0,0,1,0.22642001921205504,Safe
R00520,State Highway,14.27,1,3.02,2,2133.6,6.29,71.36,26.38,5,1,1,0,0,1,0.4320345523045862,Moderate
R00521,District Road,10.92,0,3.69,1,660.2,17.41,101.16,30.41,3,1,1,0,0,1,0.3760325401602336,Moderate
R00522,State Highway,13.74,2,7.16,1,1052.5,39.39,84.02,10.04,1,1,0,1,0,0,0.4026036815059028,Moderate
R00523,Village Road,17.53,0,9.36,2,726.8,29.25,86.25,18.68,2,2,1,0,0,1,0.35326604378110765,Moderate
R00524,Village Road,8.93,2,8.23,0,2184.8,36.49,47.81,17.86,1,0,0,0,1,1,0.33783057041146936,Moderate
R00525,Village Road,8.55,2,7.45,1,1834.3,40.85,29.04,33.1,0,0,0,0,0,1,0.12263706525693632,Safe
R00526,District Road,15.4,0,6.19,3,1177.6,22.83,62.12,18.74,2,0,0,0,0,1,0.11005133438118538,Safe
R00527,District Road,11.86,3,5.79,1,2334.1,10.56,10.2,23.18,2,1,0,0,0,1,0.11247391268543194,Safe
R00528,State Highway,1.88,3,6.39,1,2322.2,31.22,106.52,10.09,1,3,0,0,0,1,0.29317972619498456,Moderate
R00529,Highway,17.9,3,8.5,0,1793.2,25.36,82.76,30.2,0,1,0,0,1,0,0.34737190627681314,Moderate
R00530,Village Road,1.1,1,4.51,0,2235.4,34.77,79.88,12.85,1,1,1,0,0,1,0.35277570394302216,Moderate
R00531,Village Road,15.09,0,9.94,1,1812.5,23.03,79.41,32.06,2,1,0,0,0,1,0.203699807316221,Safe
R00532,Village Road,15.3,1,8.18,0,1589.1,36.5,17.78,28.38,1,1,0,0,0,1,0.11955033326067961,Safe
R00533,Village Road,19.09,1,5.42,0,1080.9,40.59,65.35,23.91,3,1,0,0,0,1,0.17677221568431736,Safe
R00534,District Road,1.56,0,7.51,1,720.0,33.73,71.36,28.73,1,3,0,0,0,1,0.1314355960058678,Safe
R00535,Village Road,12.14,1,11.67,1,197.6,33.46,100.63,29.82,1,4,0,1,0,1,0.40205200636954025,Moderate
R00536,Village Road,8.84,1,3.18,0,2012.1,26.42,9.03,28.79,1,4,0,0,0,1,0.09973633514657534,Safe
R00537,Village Road,6.95,0,4.8,0,349.3,21.22,26.57,26.52,2,2,0,0,0,1,0.07586928407045088,Safe
R00538,State Highway,2.26,0,7.04,0,1055.4,43.77,270.58,32.02,4,0,1,0,0,1,0.43546327303938526,Moderate
R00539,District Road,11.47,0,8.75,0,624.9,29.03,119.8,20.58,0,2,0,0,0,1,0.161495166628824,Safe
R00540,Highway,9.84,2,4.91,0,1163.8,37.82,55.09,24.15,0,2,0,0,0,1,0.20391794433466845,Safe
R00541,Village Road,2.54,1,11.38,1,821.7,22.74,91.06,34.23,0,0,0,1,0,1,0.3859169685052036,Moderate
R00542,District Road,12.44,0,8.78,1,2082.7,24.97,117.47,19.31,0,3,0,0,0,1,0.25868605344888906,Moderate
R00543,State Highway,14.89,3,10.9,1,2446.5,29.83,37.93,28.77,1,0,0,0,0,1,0.16715425023769223,Safe
R00544,District Road,15.46,0,5.96,2,2356.8,32.78,139.68,19.8,2,0,0,0,0,1,0.1238965353008621,Safe
R00545,District Road,18.15,1,10.46,1,1574.8,20.18,195.77,21.75,2,2,0,1,0,1,0.41359958059376395,Moderate
R00546,State Highway,8.48,2,6.4,0,2449.2,16.03,17.86,18.39,1,3,0,0,0,1,0.1380647495180747,Safe
R00547,Highway,19.08,2,5.27,0,1031.8,10.77,124.23,13.83,3,1,0,0,0,1,0.16447307557390786,Safe
R00548,District Road,17.38,0,11.2,3,1330.1,19.06,125.24,34.31,1,2,0,0,0,1,0.22964440968312974,Safe
R00549,District Road,6.28,3,3.83,3,679.3,9.51,119.58,21.18,3,1,0,0,0,1,0.2518886498350966,Moderate
R00550,Village Road,3.61,3,11.49,0,2250.1,18.75,166.15,16.98,1,1,1,1,0,0,0.6283718269353527,High
R00551,District Road,8.99,1,7.13,0,490.3,39.36,54.73,26.16,3,1,0,1,0,1,0.42474845634157943,Moderate
R00552,Village Road,8.34,1,11.93,1,1545.7,43.97,17.73,12.77,2,1,0,0,0,1,0.21055455767827935,Safe
R00553,District Road,11.73,0,7.86,1,2008.7,25.97,28.74,23.59,3,2,0,1,0,1,0.3522032541399913,Moderate
R00554,District Road,11.88,1,9.82,1,1508.7,6.57,57.89,24.35,1,2,0,1,0,1,0.3830188897639348,Moderate
R00555,Village Road,15.12,1,3.06,1,243.0,19.24,40.71,14.9,1,1,1,0,0,1,0.33163305014687544,Moderate
R00556,District Road,10.44,2,7.47,0,1548.0,27.09,30.18,33.99,3,1,0,0,0,1,0.12500934555279142,Safe
R00557,Highway,2.54,1,9.64,0,1929.3,16.68,124.62,24.87,1,0,0,0,0,1,0.0914190710459973,Safe
R00558,Highway,17.24,1,10.05,1,510.2,9.23,63.59,15.57,2,0,0,0,0,1,0.15265856631444485,Safe
R00559,Village Road,6.54,0,4.42,3,1855.5,10.21,160.91,30.84,4,2,1,0,0,1,0.424679084907149,Moderate
R00560,District Road,19.44,0,6.77,0,2202.5,21.33,60.93,17.68,0,1,1,0,0,1,0.28615431356326654,Moderate
R00561,District Road,2.8,0,6.77,2,2466.8,9.74,77.12,28.25,1,3,0,1,0,1,0.3475338987957045,Moderate
R00562,State Highway,19.19,0,3.93,1,1054.6,11.23,122.41,25.71,3,2,0,0,0,1,0.1402137952583737,Safe
R00563,Highway,2.27,1,6.99,0,111.6,39.29,140.04,13.99,1,1,0,0,0,1,0.24113993084038424,Safe
R00564,Highway,5.01,2,10.26,2,1076.7,35.06,83.74,12.36,2,0,0,1,0,0,0.44798424316646285,Moderate
R00565,State Highway,1.41,1,5.7,1,1667.6,2.49,58.74,25.19,2,1,0,0,0,1,0.0917008954326547,Safe
R00566,District Road,14.25,1,6.89,1,2233.8,14.41,31.88,26.71,3,5,0,0,0,1,0.03735818245147349,Safe
R00567,State Highway,17.08,1,11.65,1,2348.4,23.94,35.51,13.28,2,2,0,0,0,1,0.17830638170947055,Safe
R00568,District Road,8.96,0,3.29,0,2278.5,2.73,127.09,14.32,3,0,0,0,0,1,0.11787921224586298,Safe
R00569,Village Road,18.61,1,8.32,1,1662.0,30.74,256.19,11.25,1,3,1,1,0,1,0.758873849577611,Critical
R00570,State Highway,12.01,0,9.69,1,1722.2,17.3,38.85,13.36,1,1,0,0,0,1,0.10523487459248662,Safe
R00571,District Road,12.79,2,9.85,0,55.8,17.87,24.15,24.7,1,2,1,0,0,1,0.36908622929834234,Moderate
R00572,Village Road,16.99,0,9.44,1,941.1,11.94,41.21,15.02,3,0,0,0,0,1,0.053368077077388304,Safe
R00573,State Highway,6.29,0,9.54,0,2271.8,15.03,7.5,17.22,2,2,0,1,0,1,0.30572619424635705,Moderate
R00574,District Road,7.41,1,3.53,0,1739.6,38.78,59.5,23.88,2,3,0,0,0,1,0.19769716830014256,Safe
R00575,Village Road,18.17,3,7.81,2,1196.4,35.49,28.24,20.35,4,4,0,0,0,1,0.23282277277107075,Safe
R00576,Village Road,18.07,1,10.05,0,305.4,42.11,145.25,31.13,0,1,1,0,1,1,0.5389407702260872,High
R00577,Highway,19.54,2,3.85,1,653.5,31.45,33.87,24.28,2,0,0,0,0,1,0.18125946107066412,Safe
R00578,Village Road,18.09,1,3.11,3,1409.6,26.0,64.59,13.3,1,0,0,0,0,1,0.19144918716616793,Safe
R00579,District Road,2.98,1,10.33,0,2248.9,11.67,109.17,19.61,2,0,0,1,0,1,0.33870462650387856,Moderate
R00580,State Highway,16.56,2,9.41,1,284.7,30.01,55.8,16.47,2,2,0,0,0,1,0.18291217664123494,Safe
R00581,District Road,8.49,2,6.71,1,426.7,40.78,91.03,16.47,0,2,1,0,1,0,0.5133714043069054,High
R00582,Village Road,19.82,0,11.46,1,1654.8,3.11,53.88,16.41,2,1,1,0,0,1,0.2519226921456616,Moderate
R00583,District Road,9.71,0,9.9,1,770.7,19.94,107.07,20.46,2,4,1,0,0,1,0.37688795535121516,Moderate
R00584,State Highway,11.3,0,11.71,1,465.8,6.72,112.66,13.3,1,3,1,0,0,1,0.348182608168871,Moderate
R00585,District Road,10.83,1,11.36,0,487.2,36.48,25.29,16.31,2,0,0,0,0,1,0.15213997828052572,Safe
R00586,State Highway,6.77,2,7.33,0,1256.9,27.63,103.75,27.54,3,1,0,0,0,1,0.2346999522954216,Safe
R00587,Highway,1.96,0,9.79,2,1480.2,39.58,35.53,30.69,2,1,0,0,1,1,0.2823557451917314,Moderate
R00588,Highway,17.97,1,9.02,0,2265.7,2.84,69.37,10.34,3,0,0,0,0,1,0.07972651023738324,Safe
R00589,Highway,16.15,2,10.3,2,1348.1,40.76,14.11,12.09,1,0,0,0,0,1,0.22171286946557536,Safe
R00590,State Highway,3.22,1,10.09,2,1743.6,3.02,71.98,31.38,3,1,0,0,0,1,0.15693493229603672,Safe
R00591,Highway,15.65,1,4.38,0,492.7,12.94,57.05,15.37,4,3,0,0,1,1,0.23192962507496376,Safe
R00592,District Road,12.7,2,5.1,0,1798.0,7.03,63.31,17.8,2,2,0,0,0,1,0.2066138520523852,Safe
R00593,State Highway,8.48,1,5.39,0,1639.3,6.54,29.91,18.43,0,1,0,0,0,1,0.07462301045565002,Safe
R00594,State Highway,5.45,1,10.37,1,579.6,7.73,109.35,31.65,0,1,0,0,0,1,0.24848058901324294,Safe
R00595,Village Road,17.26,0,10.3,2,1690.0,21.61,137.3,14.07,0,0,0,1,0,1,0.3331781832074975,Moderate
R00596,District Road,14.15,0,7.46,0,568.2,35.3,85.75,30.31,4,2,0,0,0,1,0.11910158070284643,Safe
R00597,District Road,11.18,1,8.23,0,1504.3,40.42,84.63,21.69,1,1,0,0,0,1,0.14798544345994039,Safe
R00598,State Highway,12.39,1,10.44,1,1688.7,25.51,52.4,29.58,7,2,0,0,1,1,0.24443899355611776,Safe
R00599,State Highway,2.28,3,5.81,0,1748.7,7.1,55.94,27.2,1,0,0,0,0,1,0.18704387569056127,Safe
R00600,Highway,9.74,3,3.45,1,2277.7,3.56,131.4,28.3,0,4,1,0,0,0,0.44658571554038395,Moderate
R00601,State Highway,4.28,2,7.34,1,2372.2,22.24,166.87,12.85,2,3,0,0,0,1,0.2534040425082842,Moderate
R00602,State Highway,4.56,0,11.22,1,2035.0,34.44,96.53,17.72,4,4,1,0,0,1,0.3924584958601759,Moderate
R00603,State Highway,13.4,3,10.11,1,2202.9,27.91,47.27,15.68,2,1,0,0,0,1,0.16039003841350358,Safe
R00604,Highway,18.27,1,6.3,1,97.4,26.23,51.77,13.15,7,2,1,1,0,1,0.5708620223239951,High
R00605,Highway,8.37,1,3.58,1,938.5,2.17,18.41,25.98,4,0,0,0,0,1,0.13641134447787362,Safe
R00606,District Road,4.55,2,8.73,0,147.3,18.52,78.84,27.38,3,0,0,0,0,1,0.18848081784081538,Safe
R00607,State Highway,13.15,0,10.51,1,600.9,24.77,65.97,13.54,3,2,0,0,0,1,0.18061005335917393,Safe
R00608,State Highway,17.49,0,8.98,1,985.2,26.92,48.32,29.21,1,0,0,0,0,1,0.09508408214601102,Safe
R00609,District Road,15.09,2,6.83,0,2175.6,0.22,20.29,17.17,4,6,0,0,0,1,0.04270915046783263,Safe
R00610,District Road,17.44,1,4.11,0,1303.8,8.98,127.28,19.42,2,3,1,0,0,1,0.34875613446997,Moderate
R00611,Highway,10.96,1,11.2,0,1639.7,42.74,88.81,34.83,3,1,0,1,0,1,0.4453902087596914,Moderate
R00612,Village Road,15.16,1,5.48,0,938.9,22.89,29.67,14.8,3,3,0,0,0,1,0.15110132938309118,Safe
R00613,District Road,3.23,3,5.02,1,1527.1,31.66,133.96,12.95,0,2,1,0,0,0,0.5046181731734996,High
R00614,Highway,7.29,1,10.34,0,2048.1,13.87,91.09,16.71,2,1,0,0,0,1,0.20050448916249508,Safe
R00615,Village Road,8.1,1,11.83,1,788.0,26.34,54.55,33.3,3,3,0,0,0,1,0.23617131848429823,Safe
R00616,Village Road,10.47,0,8.94,1,2334.0,16.04,32.84,13.0,2,1,1,0,0,1,0.2837896145935318,Moderate
R00617,Highway,18.62,0,8.62,1,572.6,13.36,56.98,25.4,4,0,0,0,0,1,0.07263990824070064,Safe
R00618,State Highway,17.55,3,5.87,2,2302.3,18.51,60.76,29.83,4,2,0,1,0,0,0.39548387634569604,Moderate
R00619,Village Road,3.12,1,3.18,1,119.3,20.69,103.93,33.06,0,2,1,0,0,1,0.3314420077575386,Moderate
R00620,District Road,3.87,1,4.73,0,1379.7,14.9,154.42,21.95,1,2,0,0,0,1,0.20295181027296372,Safe
R00621,State Highway,7.47,1,8.26,0,2463.7,11.61,34.88,21.44,3,0,0,0,1,1,0.2051192810649916,Safe
R00622,State Highway,6.17,2,4.36,0,1544.0,28.07,108.25,30.69,1,2,1,0,0,1,0.33204679106733914,Moderate
R00623,State Highway,12.49,1,10.95,1,1409.4,17.13,78.0,14.9,2,2,0,1,1,1,0.3845063710401892,Moderate
R00624,District Road,18.1,1,4.69,0,1722.1,9.08,193.24,21.55,3,0,1,1,0,1,0.5832095639434055,High
R00625,District Road,19.26,1,7.7,1,758.8,34.13,169.1,25.94,1,1,1,1,0,1,0.6349958260546921,High
R00626,State Highway,13.25,0,7.61,2,182.1,32.57,41.78,27.5,4,4,0,0,0,1,0.1611232946915803,Safe
R00627,District Road,16.84,3,8.44,0,665.1,39.91,93.95,12.8,4,3,0,0,0,1,0.3079976983816562,Moderate
R00628,District Road,10.74,3,5.95,3,481.8,24.98,53.95,31.68,1,0,0,0,0,1,0.28183549870951946,Moderate
R00629,Highway,4.56,3,10.86,2,2312.7,12.57,36.61,30.46,2,0,0,1,0,0,0.3992903735782657,Moderate
R00630,State Highway,10.73,3,7.0,2,2138.0,38.87,34.13,17.93,0,1,0,0,0,1,0.2620772830589916,Moderate
R00631,District Road,11.32,2,9.3,2,828.4,12.61,63.66,21.91,2,2,1,1,0,0,0.6291816161151825,High
R00632,Village Road,14.98,1,8.72,0,2098.4,29.5,49.06,19.6,1,2,0,1,1,1,0.4710156923190056,Moderate
R00633,District Road,4.79,2,4.05,0,568.8,8.57,227.15,34.53,3,0,1,0,1,0,0.6135204726410343,High
R00634,District Road,7.68,1,8.6,0,539.0,28.31,101.61,24.6,2,0,0,1,0,1,0.3526417744118661,Moderate
R00635,Highway,7.6,0,7.96,0,1930.5,37.84,113.19,16.76,2,3,0,0,0,1,0.13245796627931022,Safe
R00636,District Road,19.21,1,11.09,1,851.0,24.3,88.6,28.65,3,1,0,0,0,1,0.18009370423248558,Safe
R00637,District Road,9.16,3,10.93,2,208.7,21.19,178.28,30.54,1,0,1,1,0,0,0.7157793156391664,High
R00638,State Highway,15.22,1,4.36,0,1814.0,44.71,50.67,28.15,2,0,0,0,0,1,0.20071800095757417,Safe
R00639,State Highway,15.14,2,3.74,0,2474.5,1.01,92.01,12.09,1,1,1,0,0,1,0.30458064204198376,Moderate
R00640,State Highway,5.68,0,5.65,2,1436.6,14.93,84.94,17.19,2,4,0,0,0,1,0.1427795581543002,Safe
R00641,Highway,11.65,0,11.88,0,696.0,41.34,137.34,19.06,1,2,0,0,1,1,0.3088123241083798,Moderate
R00642,State Highway,17.94,1,3.19,1,963.6,28.92,118.41,15.42,2,1,1,0,0,1,0.36428599825359076,Moderate
R00643,State Highway,9.77,0,9.06,0,1639.2,24.39,144.38,22.03,2,1,0,0,0,1,0.16898450705966664,Safe
R00644,State Highway,18.93,0,8.48,2,1768.4,28.7,69.98,17.99,3,1,1,0,0,1,0.35794738655850233,Moderate
R00645,Highway,4.68,0,8.82,1,2221.5,14.49,48.18,10.91,1,1,0,0,0,1,0.1055569120845254,Safe
R00646,Village Road,1.95,2,4.96,1,2276.6,3.2,110.55,26.3,1,4,1,1,0,0,0.5748160126827995,High
R00647,District Road,17.88,0,5.04,0,2160.1,12.38,56.14,20.9,1,1,0,0,0,1,0.0698863067303555,Safe
R00648,District Road,17.03,0,6.88,3,1638.8,15.14,23.05,10.7,2,1,0,0,0,1,0.14299640632198168,Safe
R00649,Village Road,19.86,0,3.86,1,1152.1,21.59,93.71,33.32,1,0,1,0,0,1,0.3870300222993968,Moderate
R00650,District Road,13.75,1,3.67,2,1714.3,17.73,54.44,26.28,1,0,1,0,0,1,0.3850090204131116,Moderate
R00651,Highway,18.77,1,3.8,3,1683.1,23.45,89.57,11.85,1,1,0,1,0,1,0.3947525467092555,Moderate
R00652,District Road,16.63,1,8.16,1,584.1,8.82,35.92,32.23,4,2,0,0,0,1,0.0511973953945636,Safe
R00653,District Road,16.97,1,6.58,1,1293.5,8.28,39.96,20.52,3,1,0,0,0,1,0.08575981059506586,Safe
R00654,District Road,11.6,0,5.64,0,560.1,15.83,124.73,15.99,1,1,0,0,0,1,0.1485569086034628,Safe
R00655,District Road,7.96,2,5.84,1,2252.9,21.32,87.88,11.15,1,0,0,0,0,1,0.20218010345238832,Safe
R00656,Highway,18.72,2,4.87,2,842.0,15.38,234.73,28.62,3,1,1,0,0,1,0.48823449235298244,Moderate
R00657,State Highway,8.93,0,6.7,0,2023.3,25.95,124.48,34.23,3,3,0,1,0,1,0.2731789487624732,Moderate
R00658,State Highway,11.01,1,4.83,3,974.2,13.95,73.99,14.63,2,1,0,0,0,1,0.14449218125643348,Safe
R00659,District Road,9.2,0,9.28,2,1921.2,7.97,95.55,20.42,3,5,0,1,1,1,0.49161222159436807,Moderate
R00660,District Road,11.51,0,4.12,1,591.2,38.83,78.99,15.94,0,2,0,1,1,1,0.37151653196132955,Moderate
R00661,State Highway,9.67,2,11.53,1,1921.2,9.03,143.05,24.31,3,2,0,1,0,0,0.4480849059160543,Moderate
R00662,Village Road,1.44,1,3.81,0,489.9,43.5,75.73,31.78,3,0,0,0,0,1,0.18843168289966788,Safe
R00663,District Road,17.7,0,11.49,0,1252.5,44.43,105.75,13.27,5,4,1,0,0,1,0.36790839767785494,Moderate
R00664,State Highway,9.17,0,10.5,0,328.4,31.36,34.22,17.46,2,3,0,0,0,1,0.09889944720612326,Safe
R00665,Highway,11.98,3,9.13,1,1343.4,22.59,16.56,14.12,0,0,0,0,0,1,0.2091741811057998,Safe
R00666,State Highway,3.21,2,11.21,3,2060.8,35.79,22.14,15.72,2,0,0,0,0,1,0.20164458154171352,Safe
R00667,State Highway,0.57,2,4.25,1,1901.1,39.29,120.8,13.25,2,0,0,0,0,1,0.25961430608698455,Moderate
R00668,State Highway,5.28,1,4.59,1,174.3,31.93,101.26,25.87,5,2,0,0,0,1,0.22910048565606833,Safe
R00669,State Highway,14.24,1,5.27,0,1255.8,4.59,37.21,11.09,6,1,0,0,0,1,0.07218832900729398,Safe
R00670,State Highway,2.43,1,5.2,2,2138.0,0.13,50.81,28.22,0,4,0,0,0,1,0.1030091221720545,Safe
R00671,State Highway,18.22,0,5.8,1,1642.8,8.64,36.62,13.55,2,2,0,0,0,1,0.03639791767804464,Safe
R00672,Village Road,4.69,1,8.18,1,195.0,8.48,76.15,16.67,3,2,0,0,0,1,0.12055280191501085,Safe
R00673,Highway,4.49,1,3.25,3,847.8,8.21,149.53,18.63,3,1,0,1,0,1,0.3661212830828448,Moderate
R00674,District Road,4.04,0,6.44,2,1413.6,22.94,111.2,19.53,3,0,1,1,0,1,0.609687091221145,High
R00675,District Road,0.77,2,5.22,2,473.0,23.4,265.67,14.32,1,0,1,0,1,0,0.548827434102076,High
R00676,Village Road,15.55,0,8.46,3,1720.7,32.54,62.23,22.22,1,4,1,0,0,1,0.3305589854394715,Moderate
R00677,Highway,17.56,1,11.87,1,1605.4,9.07,124.51,32.37,3,2,1,0,0,1,0.29968623607758627,Moderate
R00678,State Highway,12.48,0,7.66,2,546.0,4.17,127.35,21.47,2,1,1,1,0,1,0.5448597134234979,High
R00679,Village Road,4.17,1,6.83,1,1398.5,29.97,98.24,10.7,2,1,1,0,0,1,0.44340567404729136,Moderate
R00680,Village Road,6.06,0,6.31,0,2038.7,21.78,20.81,19.09,1,2,0,1,0,1,0.32126810561608743,Moderate
R00681,Village Road,9.78,0,10.06,3,968.3,29.98,76.36,20.08,1,2,0,0,0,1,0.13413550590367984,Safe
R00682,State Highway,19.11,1,3.65,0,655.1,17.13,171.04,17.08,0,1,0,0,0,1,0.19542813253193406,Safe
R00683,State Highway,5.32,1,11.64,0,1768.0,33.79,75.71,17.4,3,0,0,0,0,1,0.1672543316929321,Safe
R00684,District Road,14.77,1,6.76,0,223.5,30.72,22.67,14.97,1,0,0,0,0,1,0.13489265490569413,Safe
R00685,Village Road,9.07,0,5.82,1,2090.1,29.27,84.75,33.92,1,0,1,1,0,1,0.5394473658636151,High
R00686,District Road,6.31,1,11.77,0,2361.5,1.24,101.58,23.24,0,0,1,0,0,1,0.3071185824266486,Moderate
R00687,District Road,9.39,1,11.42,1,2413.7,38.62,67.3,23.42,3,1,1,0,0,1,0.3780682457428433,Moderate
R00688,State Highway,1.89,0,8.78,3,1109.7,16.95,42.83,20.64,4,4,1,0,0,1,0.34062792052259305,Moderate
R00689,Village Road,16.07,2,3.17,0,1576.8,6.1,142.02,25.42,1,0,0,1,0,0,0.3672801830317779,Moderate
R00690,State Highway,5.24,1,9.74,2,2150.5,34.0,54.11,20.58,5,0,0,0,0,1,0.14249239692396196,Safe
R00691,State Highway,14.65,0,6.02,0,597.4,21.89,78.37,27.22,1,3,0,0,0,1,0.18173736261651702,Safe
R00692,District Road,1.83,3,6.49,0,117.9,1.44,68.6,12.21,2,2,1,0,1,0,0.4031374981197318,Moderate
R00693,District Road,19.12,2,4.43,1,992.2,35.18,263.67,10.74,0,0,1,0,1,0,0.6441552073777218,High
R00694,State Highway,4.26,3,7.71,2,2216.7,19.58,43.28,24.06,4,0,1,0,0,0,0.36989411461489025,Moderate
R00695,Highway,17.71,1,9.7,0,1287.4,33.97,164.79,28.35,1,1,1,1,0,1,0.5874956854705397,High
R00696,District Road,16.28,1,5.46,1,1349.0,34.0,171.28,26.73,3,2,1,0,0,1,0.4231103066989748,Moderate
R00697,State Highway,19.37,0,11.45,0,1744.1,4.5,94.02,19.97,0,2,1,1,0,1,0.4906796716300606,Moderate
R00698,District Road,9.82,1,4.75,3,1457.6,27.6,118.05,10.08,3,0,1,0,0,1,0.4976467782370295,Moderate
R00699,State Highway,14.68,3,3.6,0,183.5,16.21,218.98,13.02,2,0,1,0,0,0,0.4935830217621433,Moderate
R00700,District Road,7.73,1,8.8,1,1424.1,24.59,180.26,19.8,1,2,1,0,0,1,0.5196616191602416,High
R00701,District Road,4.1,2,10.64,2,1637.5,3.98,282.92,26.61,2,1,1,0,0,1,0.39142630064613054,Moderate
R00702,Highway,9.14,0,11.58,1,1621.9,26.47,123.95,17.8,2,2,0,0,0,1,0.18355343088888587,Safe
R00703,State Highway,3.73,1,9.9,3,1834.4,34.99,72.07,23.29,2,3,1,0,0,1,0.4508842973264389,Moderate
R00704,Highway,19.65,3,4.8,3,1323.8,44.41,103.9,14.39,1,0,0,0,0,1,0.262319782190796,Moderate
R00705,Highway,2.38,2,11.8,1,2255.1,14.41,82.1,14.24,1,0,1,0,0,1,0.41310655595003504,Moderate
R00706,Village Road,11.99,3,11.27,1,1187.4,6.98,44.87,28.57,0,1,0,0,0,1,0.17097142458844095,Safe
R00707,State Highway,12.72,2,4.47,0,1319.6,16.47,120.62,20.96,3,2,0,1,0,0,0.41116577457040565,Moderate
R00708,Village Road,10.99,1,8.03,3,1961.7,0.87,103.34,33.73,2,2,0,0,0,1,0.1399908948763062,Safe
R00709,State Highway,13.41,1,8.0,0,2091.4,18.39,73.42,15.28,1,0,1,0,0,1,0.36949866610111864,Moderate
R00710,District Road,2.77,3,6.98,2,1638.5,41.16,108.12,21.19,4,2,0,0,0,1,0.3212504884643124,Moderate
R00711,Village Road,11.32,1,11.86,1,359.6,8.75,10.13,14.71,2,0,0,0,1,1,0.12597276159755086,Safe
R00712,District Road,6.1,0,3.54,1,863.3,21.5,72.43,16.4,0,2,0,0,0,1,0.09409358550339651,Safe
R00713,District Road,18.83,1,8.64,0,99.4,25.77,122.14,26.0,1,1,0,0,1,1,0.3160086164251051,Moderate
R00714,District Road,15.36,1,4.85,1,773.9,8.1,135.62,32.74,3,3,0,0,1,1,0.26668463966556616,Moderate
R00715,State Highway,19.46,0,7.75,0,1447.1,14.85,163.73,13.21,5,1,0,1,0,1,0.3839760409014464,Moderate
R00716,Village Road,1.23,2,10.02,0,2022.8,41.01,40.97,13.24,1,0,1,0,0,1,0.4288566379057589,Moderate
R00717,Village Road,6.06,0,5.22,0,1484.8,13.31,58.27,33.81,1,1,0,0,0,1,0.1095830654519761,Safe
R00718,Village Road,4.31,1,6.54,0,147.7,28.59,116.5,28.41,4,1,1,0,0,1,0.39797872689664465,Moderate
R00719,Highway,0.72,2,11.56,1,684.8,6.16,46.81,17.82,4,0,0,0,0,1,0.21203587269118068,Safe
R00720,District Road,5.23,1,9.85,1,1466.3,30.14,67.78,20.17,4,1,0,1,0,1,0.40006251952183286,Moderate
R00721,Village Road,13.74,2,8.15,0,1787.2,12.56,37.64,29.72,0,1,0,0,0,1,0.15511688998165066,Safe
R00722,State Highway,5.01,0,5.0,1,2172.8,10.41,49.33,27.47,1,2,1,0,0,1,0.2891161969291516,Moderate
R00723,Highway,10.43,3,6.83,2,2420.7,5.59,62.6,25.24,4,2,1,0,0,0,0.4093437829563974,Moderate
R00724,District Road,17.81,0,9.97,1,2234.9,2.11,110.31,31.62,1,2,0,0,0,1,0.113804284664503,Safe
R00725,District Road,14.03,0,10.38,3,1195.0,43.55,123.98,17.81,3,1,1,1,0,1,0.6364471086016512,High
R00726,Village Road,8.2,2,5.2,0,1880.0,18.63,114.18,15.28,1,1,0,0,0,1,0.1830104985193,Safe
R00727,Highway,7.76,2,8.96,2,639.3,34.99,33.12,20.24,3,0,0,0,0,1,0.20946368263505452,Safe
R00728,Village Road,9.39,0,3.86,1,206.4,41.4,31.15,10.19,3,1,1,0,0,1,0.3491191041921632,Moderate
R00729,State Highway,3.95,3,3.21,1,184.9,9.18,121.66,22.68,2,3,1,0,0,0,0.4354971263618034,Moderate
R00730,State Highway,12.86,1,7.94,1,641.2,39.14,45.41,19.13,0,2,1,0,0,1,0.3123554147682731,Moderate
R00731,State Highway,7.6,3,5.02,1,142.0,31.86,99.74,13.3,5,2,1,0,0,0,0.46171758616855607,Moderate
R00732,Village Road,17.12,1,3.71,1,2133.2,26.01,95.75,31.89,5,5,1,0,0,1,0.42186702145806965,Moderate
R00733,District Road,15.25,1,9.57,1,1250.3,36.41,44.51,14.86,0,0,0,0,0,1,0.2200984803200589,Safe
R00734,District Road,12.41,1,7.48,0,2036.7,4.98,147.23,27.65,1,0,1,0,0,1,0.37941648912935305,Moderate
R00735,State Highway,7.6,0,10.17,1,2352.8,11.86,184.08,27.64,5,2,1,0,0,1,0.36711862299392894,Moderate
R00736,Village Road,4.59,1,8.98,2,2485.1,5.9,13.97,11.06,2,1,0,0,1,1,0.23767314118967525,Safe
R00737,State Highway,15.63,1,9.57,1,2346.1,40.32,224.76,20.69,2,0,1,1,0,1,0.7154146049958409,High
R00738,Village Road,9.98,0,5.77,0,1805.6,4.45,219.3,21.91,2,4,1,1,1,1,0.6288830710003201,High
R00739,District Road,4.88,0,5.37,0,1132.9,44.1,103.69,30.44,0,2,0,0,1,1,0.2997366624772095,Moderate
R00740,State Highway,4.31,0,8.41,0,1515.1,4.95,6.34,25.61,3,0,0,0,0,1,0.04923580855418682,Safe
R00741,District Road,3.73,2,4.8,0,2050.4,29.78,25.22,11.58,2,1,0,0,0,1,0.16356475851853464,Safe
R00742,State Highway,15.65,1,10.34,0,2249.0,29.72,62.01,21.22,2,1,0,0,1,1,0.2997185386591876,Moderate
R00743,District Road,4.97,2,7.71,0,2393.3,41.91,43.3,17.52,4,5,0,1,0,0,0.4644837668894869,Moderate
R00744,District Road,10.77,3,5.04,0,1840.0,14.54,57.26,14.27,2,1,0,0,1,0,0.3003201246368172,Moderate
R00745,State Highway,9.31,1,8.63,1,1372.9,14.94,170.34,16.9,0,0,1,1,0,1,0.6313432192014279,High
R00746,Village Road,11.8,3,11.51,3,2422.5,38.08,66.76,31.01,1,0,1,1,0,0,0.6574583870358209,High
R00747,State Highway,17.6,0,3.74,3,2398.6,44.04,106.59,25.5,1,1,0,0,0,1,0.26045628220378503,Moderate
R00748,District Road,17.42,0,3.98,0,1220.0,1.36,81.1,20.89,1,1,1,0,0,1,0.3052821577663264,Moderate
R00749,Village Road,9.3,1,10.59,0,1639.2,28.59,49.63,28.01,1,1,0,0,1,1,0.23793950041194828,Safe
R00750,District Road,0.8,1,3.99,1,2032.7,10.96,232.4,34.21,0,2,1,0,0,1,0.37789303862381474,Moderate
R00751,Highway,8.82,2,3.35,0,1111.0,32.76,29.74,33.18,1,3,0,0,0,1,0.21452300094784038,Safe
R00752,Village Road,12.32,1,6.13,1,2082.0,34.77,79.55,12.42,2,3,0,1,0,1,0.43018984981754177,Moderate
R00753,District Road,11.38,0,7.2,1,323.1,34.31,56.59,18.31,1,0,0,0,0,1,0.10252604767017172,Safe
R00754,State Highway,13.2,2,8.12,1,1228.8,19.6,37.54,17.83,2,1,0,0,1,1,0.25606085777178905,Moderate
R00755,Highway,3.5,1,7.57,2,1232.4,7.1,246.7,23.85,0,4,1,0,0,1,0.533130591526076,High
R00756,Village Road,13.11,0,11.22,2,1727.4,26.31,49.41,12.26,4,1,0,0,0,1,0.11342470659331036,Safe
R00757,District Road,4.06,1,9.92,3,335.2,35.51,72.2,33.04,2,2,0,0,0,1,0.1834006447182791,Safe
R00758,District Road,15.14,3,11.85,0,302.9,41.05,83.07,29.56,2,1,1,1,0,0,0.6412172872523513,High
R00759,Village Road,7.11,2,7.29,2,2256.5,20.37,156.76,13.07,4,1,0,0,0,1,0.2960725951959699,Moderate
R00760,Village Road,14.34,1,3.76,1,794.2,11.06,126.28,16.36,1,1,1,1,0,1,0.483046047088373,Moderate
R00761,State Highway,1.43,1,11.6,1,851.0,5.35,30.74,13.58,1,0,0,0,0,1,0.09225289772942968,Safe
R00762,State Highway,8.45,0,3.04,2,1953.3,35.89,46.02,21.94,3,1,0,0,0,1,0.12994952914563557,Safe
R00763,State Highway,14.25,1,9.98,3,1066.5,24.09,109.09,32.25,5,2,1,0,0,1,0.45203568173701186,Moderate
R00764,District Road,4.92,2,3.28,2,2090.7,30.34,81.55,26.12,3,2,0,0,0,1,0.22739614494240484,Safe
R00765,Highway,16.01,1,9.85,1,1033.6,7.17,52.42,25.14,4,2,0,0,0,1,0.16708638056023917,Safe
R00766,District Road,12.8,0,11.44,1,1913.5,0.3,123.98,11.86,1,0,1,0,0,1,0.3344913367491664,Moderate
R00767,Village Road,11.96,3,6.5,1,1337.0,43.54,40.01,32.66,2,1,0,0,0,1,0.24356881444710732,Safe
R00768,Village Road,7.39,2,5.17,2,2342.8,36.49,38.9,17.02,2,2,0,0,0,1,0.2480923595677136,Safe
R00769,State Highway,9.91,1,5.04,2,852.1,18.0,23.97,32.5,0,0,0,0,0,1,0.09382322553237486,Safe
R00770,Village Road,12.15,0,7.43,1,938.6,20.57,97.18,21.35,3,3,0,0,0,1,0.10822882246591725,Safe
R00771,Highway,9.71,0,4.54,1,2426.5,41.81,81.2,23.22,1,1,0,0,0,1,0.20509823679282696,Safe
R00772,Village Road,14.12,0,9.06,0,1856.9,9.34,130.81,25.12,2,0,1,0,0,1,0.30590843681167795,Moderate
R00773,Highway,8.96,1,6.32,3,1942.8,36.13,38.08,17.21,3,1,1,0,0,1,0.4357903655368065,Moderate
R00774,State Highway,4.44,0,5.91,0,775.1,0.81,4.13,30.89,2,2,0,0,0,1,0.0,Safe
R00775,Village Road,4.67,2,7.15,1,1353.5,39.41,86.06,33.96,0,1,0,0,0,1,0.16825323558842467,Safe
R00776,Highway,0.61,3,7.88,2,818.2,26.52,39.09,17.09,2,2,0,0,0,1,0.22135456012715266,Safe
R00777,State Highway,6.37,1,4.28,1,686.7,21.49,71.53,10.0,4,2,0,0,0,1,0.14016297673472836,Safe
R00778,District Road,15.1,1,9.37,2,1361.3,31.79,86.7,23.14,2,1,0,0,0,1,0.19556178910864555,Safe
R00779,District Road,15.99,2,10.95,2,2470.0,3.04,50.95,24.82,1,3,0,0,0,1,0.16348341573184044,Safe
R00780,District Road,4.45,3,5.5,0,575.8,8.8,102.29,11.59,1,2,1,0,0,0,0.4351366592956975,Moderate
R00781,District Road,19.2,2,4.62,1,644.2,18.31,28.29,26.82,1,2,0,0,0,1,0.12078881975684294,Safe
R00782,District Road,10.3,0,9.84,2,645.7,27.8,88.23,17.3,3,0,0,1,0,1,0.39417458549361245,Moderate
R00783,State Highway,18.38,0,4.65,1,1989.7,6.5,102.6,33.97,1,1,1,0,0,1,0.2667461018537014,Moderate
R00784,State Highway,14.28,2,3.37,1,1300.7,17.08,77.34,29.54,1,1,0,1,0,0,0.29983979492768287,Moderate
R00785,State Highway,14.59,1,8.57,1,992.7,11.74,77.87,11.81,2,4,1,0,1,1,0.4297178339227816,Moderate
R00786,Village Road,2.16,0,5.16,0,2117.3,29.05,71.53,33.86,2,2,0,0,0,1,0.17666977947239199,Safe
R00787,District Road,4.79,1,4.55,1,778.9,41.37,58.4,15.68,2,2,1,0,0,1,0.3705408295581527,Moderate
R00788,District Road,0.67,2,11.83,0,1010.9,7.47,121.55,29.96,1,0,1,0,0,1,0.37884493756140397,Moderate
R00789,District Road,14.46,0,5.63,0,230.4,8.52,14.13,26.08,0,0,0,0,0,1,0.012926149627874473,Safe
R00790,Village Road,7.22,2,11.13,1,341.3,27.02,184.45,23.41,2,1,0,0,0,1,0.30994467998931885,Moderate
R00791,State Highway,15.84,0,4.6,1,385.0,20.41,71.91,33.32,1,2,0,0,0,1,0.08661096866149369,Safe
R00792,District Road,7.11,2,10.37,0,900.1,32.31,113.86,25.15,3,1,0,1,0,0,0.40512756819468665,Moderate
R00793,District Road,16.48,1,7.52,2,1334.0,12.95,84.11,31.47,2,2,1,1,0,1,0.5661591105489099,High
R00794,District Road,3.05,0,3.71,1,51.8,24.52,11.75,30.69,2,1,0,0,0,1,0.069901389010407,Safe
R00795,Highway,3.88,2,9.6,3,515.3,17.41,146.43,26.8,1,0,1,0,0,1,0.3840889625216974,Moderate
R00796,Village Road,7.15,2,11.03,1,480.3,12.66,167.77,22.26,1,1,1,0,0,1,0.3914717154899931,Moderate
R00797,Village Road,8.47,3,4.47,0,670.7,32.82,59.79,12.45,1,3,0,1,0,0,0.41244256285257463,Moderate
R00798,District Road,7.3,1,9.53,2,456.9,35.82,12.79,13.85,1,1,0,0,0,1,0.16454834994387182,Safe
R00799,District Road,15.39,1,7.01,1,528.1,14.8,23.0,23.32,2,4,1,0,0,1,0.3593915010888864,Moderate
R00800,Village Road,2.39,1,9.78,1,2460.5,28.03,61.24,18.31,1,2,0,1,0,1,0.350405226409247,Moderate
R00801,District Road,7.35,1,9.43,1,1507.1,8.04,78.29,15.2,1,1,0,0,0,1,0.09555195922133099,Safe
R00802,State Highway,16.83,2,3.24,0,1918.6,35.59,130.91,34.18,0,4,1,1,0,0,0.6931637070013746,High
R00803,District Road,1.8,0,4.61,1,2057.4,12.66,151.6,31.47,1,5,0,0,0,1,0.1340791351099922,Safe
R00804,District Road,18.88,0,7.24,0,1685.8,7.69,82.6,20.76,3,3,0,1,0,1,0.31536658803970674,Moderate
R00805,District Road,19.73,1,11.4,1,1775.0,42.3,108.0,31.78,1,1,1,0,0,1,0.38834009683873755,Moderate
R00806,District Road,2.23,0,6.08,2,1599.1,19.01,32.08,11.49,2,1,0,0,0,1,0.17401112643686745,Safe
R00807,Village Road,6.18,3,8.66,2,1641.0,28.96,40.34,12.48,0,1,0,1,0,0,0.43022786564699805,Moderate
R00808,Village Road,7.76,1,3.11,0,2324.7,36.41,39.75,33.7,1,2,1,0,0,1,0.3982571707897079,Moderate
R00809,District Road,15.64,1,9.4,2,505.1,30.88,62.34,27.22,2,2,0,1,0,1,0.3844758038776196,Moderate
R00810,Highway,12.12,2,8.43,1,723.1,25.41,54.16,29.11,2,2,0,0,0,1,0.17133659086375344,Safe
R00811,Village Road,13.07,1,9.44,0,278.5,16.72,132.95,30.82,0,3,0,1,0,1,0.35149973758792696,Moderate
R00812,Village Road,15.27,1,11.14,2,2101.4,41.33,58.08,11.33,3,1,1,0,0,1,0.3570310441121992,Moderate
R00813,Highway,2.8,0,4.32,1,1149.5,6.01,87.2,27.95,3,1,0,1,1,1,0.3710428745089278,Moderate
R00814,Village Road,16.75,1,5.35,0,2272.4,39.78,100.88,18.92,2,3,0,1,0,1,0.40605492309137553,Moderate
R00815,Village Road,14.26,0,11.96,0,1058.6,31.94,75.2,30.45,1,1,0,0,0,1,0.08920878503209088,Safe
R00816,District Road,11.76,1,4.41,1,1134.4,25.71,121.86,19.69,2,3,1,0,0,1,0.4048311073628273,Moderate
R00817,District Road,17.85,1,9.49,0,1148.5,14.61,102.86,29.19,2,3,0,1,0,1,0.35075064759258523,Moderate
R00818,State Highway,14.16,0,9.53,2,1550.6,6.57,36.6,32.53,3,1,0,0,0,1,0.07885551818782154,Safe
R00819,Highway,4.43,1,9.15,1,1927.0,19.94,105.71,18.48,2,1,1,0,0,1,0.39657367380523634,Moderate
R00820,State Highway,8.88,0,5.05,1,910.7,35.27,39.83,21.73,1,3,0,0,0,1,0.15350235421129815,Safe
R00821,Village Road,10.13,3,4.94,0,1593.9,33.54,57.89,23.44,3,1,1,0,0,0,0.45869382121328006,Moderate
R00822,Highway,1.58,0,9.0,2,549.7,29.04,96.62,27.2,5,2,0,0,0,1,0.18905370745711497,Safe
R00823,State Highway,19.12,2,4.68,1,1407.4,44.66,122.51,31.1,1,1,1,1,0,0,0.6984593848696553,High
R00824,State Highway,3.01,1,8.95,1,1389.1,43.77,16.37,15.26,2,0,0,0,0,1,0.18511906089244703,Safe
R00825,District Road,14.1,1,7.43,2,2227.4,18.0,141.93,33.64,1,1,1,0,0,1,0.3858630338736963,Moderate
R00826,Village Road,10.37,0,6.48,0,2244.8,8.66,225.78,29.64,0,4,1,0,0,1,0.36633682667057765,Moderate
R00827,State Highway,1.0,3,5.7,1,1243.7,20.87,4.38,13.49,3,2,0,0,1,0,0.22556651674922418,Safe
R00828,State Highway,18.53,0,11.53,1,110.3,38.01,80.85,18.4,1,2,0,0,0,1,0.18743491646594782,Safe
R00829,District Road,17.11,1,7.57,1,2119.3,20.64,9.07,16.28,0,1,0,0,0,1,0.11781146630547802,Safe
R00830,District Road,10.72,3,8.05,0,51.5,15.12,146.92,13.98,0,2,0,0,0,1,0.2053807213268514,Safe
R00831,State Highway,4.96,2,11.54,0,1221.7,33.36,35.89,26.12,4,2,0,0,0,1,0.1619492905429844,Safe
R00832,District Road,2.87,1,8.88,1,98.5,29.26,54.34,11.64,7,0,1,0,0,1,0.3131669257682716,Moderate
R00833,Highway,7.59,3,11.62,3,913.8,43.59,49.94,24.97,1,3,0,0,0,1,0.35098784621051593,Moderate
R00834,State Highway,5.48,2,3.96,1,1610.1,24.72,58.47,30.69,1,0,0,0,0,1,0.2198282276019909,Safe
R00835,District Road,10.38,0,10.62,0,959.4,43.54,71.04,19.05,1,3,0,0,0,1,0.16971676553035173,Safe
R00836,District Road,19.34,1,6.02,2,2320.9,13.09,18.67,22.24,1,1,0,0,0,1,0.0796243595138496,Safe
R00837,Village Road,11.71,0,10.29,1,1619.9,38.92,266.19,13.6,2,0,1,0,0,1,0.48606918780984704,Moderate
R00838,State Highway,17.85,0,10.7,1,1633.8,15.79,53.71,28.01,1,0,0,1,0,1,0.28340279403312396,Moderate
R00839,District Road,13.19,2,5.44,1,967.4,36.44,19.38,32.72,0,1,0,0,0,1,0.19419485408413814,Safe
R00840,District Road,9.77,1,6.68,1,144.4,41.67,130.63,28.32,1,3,0,0,0,1,0.20676884110048804,Safe
R00841,Highway,17.16,0,9.53,1,1858.5,28.04,82.26,13.07,2,2,0,0,0,1,0.07281197505676786,Safe
R00842,District Road,9.69,2,3.89,0,1804.8,32.78,159.49,18.64,2,1,0,0,0,1,0.21746006412209704,Safe
R00843,State Highway,17.44,0,9.8,2,1348.8,43.14,80.42,14.33,0,1,0,1,0,1,0.36395082492288555,Moderate
R00844,Village Road,6.19,3,3.99,0,1069.9,16.88,46.94,24.74,3,1,0,0,1,0,0.2957180218300566,Moderate
R00845,Highway,3.01,3,11.23,0,1368.9,23.02,52.06,28.06,3,1,0,1,0,0,0.41130040618182034,Moderate
R00846,District Road,17.18,3,5.49,0,1879.7,40.42,129.88,34.38,2,0,0,0,0,1,0.22844860903111358,Safe
R00847,Highway,11.95,2,8.18,2,1796.3,30.28,131.94,22.57,0,2,1,0,1,0,0.5297855662829147,High
R00848,Village Road,17.84,0,4.05,1,1662.4,39.31,123.46,25.93,1,0,1,0,1,1,0.4377913090748418,Moderate
R00849,District Road,18.79,1,5.43,2,2264.3,27.82,109.84,12.66,0,1,0,0,0,1,0.2428810306928921,Safe
R00850,District Road,1.55,0,6.64,2,1544.2,33.29,206.3,13.88,12,1,0,1,0,1,0.5662372248617685,High
R00851,Highway,10.27,0,7.38,0,85.5,0.59,70.5,15.79,6,2,0,0,0,1,0.07586814163286666,Safe
R00852,District Road,7.81,1,3.0,1,1564.3,15.29,23.51,11.36,2,2,1,0,0,1,0.3701249379086732,Moderate
R00853,State Highway,12.7,0,11.0,1,1550.8,34.67,48.59,20.2,3,4,0,0,0,1,0.1787043092705915,Safe
R00854,Village Road,15.98,3,3.07,1,220.6,18.18,37.19,33.78,2,1,0,0,0,1,0.21507950179772595,Safe
R00855,State Highway,5.97,3,9.96,0,1097.9,16.33,132.16,26.32,1,0,1,0,0,0,0.34079465132563114,Moderate
R00856,State Highway,11.36,1,7.24,2,1645.2,42.82,22.1,20.9,2,0,1,0,0,1,0.3695102593487183,Moderate
R00857,Highway,14.32,1,7.71,2,1776.0,24.86,23.03,22.35,4,1,0,1,1,1,0.4376316457803245,Moderate
R00858,District Road,3.12,1,4.87,1,2238.0,8.66,82.29,13.67,5,1,0,0,0,1,0.07479814364776712,Safe
R00859,District Road,16.37,2,8.47,2,2111.4,21.25,187.28,12.42,1,1,0,0,0,1,0.3018212437161321,Moderate
R00860,Highway,12.32,1,7.84,1,335.6,23.34,145.35,16.48,4,4,0,0,0,1,0.22637923252010403,Safe
R00861,Village Road,19.02,0,4.48,0,1541.5,44.49,89.21,17.66,0,0,0,0,0,1,0.11054643384289098,Safe
R00862,District Road,7.12,1,5.14,1,1511.4,32.32,150.2,13.07,1,3,1,1,0,1,0.5781424492297228,High
R00863,District Road,2.61,1,3.6,0,794.2,23.37,54.73,27.29,2,2,0,0,0,1,0.12219551455819141,Safe
R00864,District Road,10.38,3,3.6,0,501.1,19.44,206.65,33.08,3,1,1,0,0,0,0.5693155379724716,High
R00865,District Road,2.17,0,3.12,0,538.8,41.2,21.95,14.36,0,1,0,0,0,1,0.11406082671619501,Safe
R00866,District Road,19.41,0,4.98,3,485.0,29.07,33.24,30.95,3,1,1,1,0,1,0.5879898901470395,High
R00867,State Highway,1.25,2,9.12,1,2025.3,16.02,115.58,17.46,2,2,0,1,0,0,0.3691302484744573,Moderate
R00868,State Highway,15.19,2,5.85,2,413.6,20.91,119.06,25.17,3,1,0,1,0,0,0.44114095479140414,Moderate
R00869,Village Road,10.74,2,6.08,0,697.8,12.52,190.17,12.22,1,0,0,0,1,1,0.37033443395101384,Moderate
R00870,Village Road,7.69,1,4.19,0,583.6,43.22,46.46,15.98,1,2,0,0,0,1,0.24315236994536416,Safe
R00871,State Highway,1.78,1,8.18,2,1796.5,31.59,154.44,13.95,1,1,0,0,0,1,0.2766074345490674,Moderate
R00872,State Highway,12.63,1,6.08,1,438.1,17.65,83.27,14.03,3,2,1,1,0,1,0.5072275936544764,High
R00873,District Road,11.91,0,9.09,2,109.0,8.24,29.11,33.34,0,3,0,0,0,1,0.13196490247134254,Safe
R00874,District Road,5.98,1,9.67,0,966.9,7.97,22.17,19.1,3,0,0,0,0,1,0.0896719178369271,Safe
R00875,Highway,18.25,0,8.26,3,797.5,21.5,57.2,14.9,2,1,0,0,0,1,0.10790518467299529,Safe
R00876,State Highway,6.43,0,5.48,1,1024.4,21.04,64.66,14.28,1,1,0,0,0,1,0.11213157973678456,Safe
R00877,District Road,9.27,3,7.58,0,1896.8,18.8,18.77,26.82,2,4,0,0,0,1,0.2117307283749931,Safe
R00878,District Road,11.1,0,5.27,2,80.3,38.33,104.02,27.96,1,1,0,0,0,1,0.25160932323272006,Moderate
R00879,Highway,2.45,3,11.13,2,142.4,44.06,114.47,34.49,2,2,1,0,0,0,0.5237580515439298,High
R00880,State Highway,18.68,0,9.9,0,676.3,15.97,55.79,25.65,1,1,0,0,0,1,0.09383742188028243,Safe
R00881,State Highway,7.8,0,7.44,3,2228.6,13.26,66.09,21.47,4,0,1,1,0,1,0.6000566971296657,High
R00882,District Road,2.08,1,11.69,2,464.2,34.65,147.63,15.6,1,0,0,0,0,1,0.24763415223283247,Safe
R00883,Highway,8.05,2,7.92,1,2492.7,20.24,105.37,10.98,6,1,0,1,0,0,0.3954722666137511,Moderate
R00884,Highway,12.2,1,5.96,0,2023.9,9.79,107.47,32.02,4,4,0,0,0,1,0.10008492988402796,Safe
R00885,Village Road,10.52,2,3.86,1,1167.5,8.14,79.37,29.72,2,0,1,0,1,0,0.4586374457239888,Moderate
R00886,State Highway,14.04,0,7.89,0,1882.3,12.63,80.44,29.9,2,0,0,0,0,1,0.08689308784532626,Safe
R00887,District Road,1.58,3,10.74,1,1321.1,0.06,85.03,18.05,2,2,0,0,0,1,0.21246045521377127,Safe
R00888,State Highway,6.05,0,10.8,2,1436.7,42.36,30.68,18.94,0,1,0,1,1,1,0.43251198940791824,Moderate
R00889,Highway,16.47,2,8.44,2,1472.9,19.36,61.62,29.59,2,0,0,0,0,1,0.12031818111614812,Safe
R00890,State Highway,2.06,1,6.54,1,1639.4,3.73,87.36,27.19,2,0,0,1,0,1,0.27532773329214905,Moderate
R00891,District Road,17.18,2,8.85,0,198.9,7.42,116.21,26.24,2,1,0,0,0,1,0.24178120438679845,Safe
R00892,Village Road,2.29,1,9.86,3,1560.4,14.55,107.38,23.87,3,1,0,0,0,1,0.2454397823396729,Safe
R00893,Village Road,16.77,0,6.7,0,1806.5,24.83,91.73,19.21,0,2,1,0,0,1,0.3760629882906655,Moderate
R00894,State Highway,7.54,3,7.29,0,811.3,31.67,68.52,28.53,2,3,0,0,0,1,0.1893599676992133,Safe
R00895,District Road,12.44,0,9.13,1,2447.5,13.85,114.71,19.02,1,1,0,0,0,1,0.11772680479101245,Safe
R00896,State Highway,3.48,0,10.89,2,403.9,43.09,114.32,28.37,4,1,0,1,0,1,0.45361640123154834,Moderate
R00897,State Highway,1.79,2,10.12,3,2280.6,34.21,65.22,14.76,5,3,0,1,0,0,0.3961226972712378,Moderate
R00898,Village Road,4.71,0,3.2,3,1707.3,37.16,65.4,24.76,3,1,0,1,1,1,0.4130528116909957,Moderate
R00899,Highway,2.99,0,4.12,3,1677.6,14.56,15.04,18.93,1,0,0,0,0,1,0.04389303146352888,Safe
R00900,Highway,6.59,1,10.68,1,2196.3,17.14,234.98,30.71,2,4,1,1,0,1,0.6310707105740204,High
R00901,State Highway,10.53,2,10.5,0,2087.7,24.21,98.68,22.97,4,3,0,1,0,0,0.44535347800275904,Moderate
R00902,Highway,11.98,0,6.5,1,896.3,20.33,128.53,25.6,3,2,1,0,0,1,0.37582955410897473,Moderate
R00903,State Highway,15.9,1,8.26,0,1778.2,11.7,166.11,12.08,3,4,0,0,0,1,0.21381687072107508,Safe
R00904,District Road,13.3,2,11.15,0,174.0,44.88,15.71,22.38,2,1,0,0,0,1,0.16576277385901272,Safe
R00905,District Road,12.37,2,11.2,0,1186.8,38.18,62.75,29.52,0,1,0,0,0,1,0.143335932954811,Safe
R00906,Village Road,8.53,3,10.05,0,2347.6,10.71,57.61,31.5,1,2,0,0,0,1,0.17000245235541403,Safe
R00907,Village Road,9.74,2,4.89,1,721.5,40.16,60.2,28.03,3,2,0,0,0,1,0.2078209498766247,Safe
R00908,State Highway,8.58,1,9.57,1,172.4,26.41,31.33,20.46,2,1,0,0,0,1,0.12179822665264958,Safe
R00909,State Highway,16.92,1,3.91,1,1478.2,0.57,165.21,16.44,0,1,0,0,0,1,0.1889876359360236,Safe
R00910,State Highway,4.99,0,11.05,2,920.0,15.58,82.91,19.73,3,0,0,0,0,1,0.13592751088033225,Safe
R00911,District Road,0.61,2,4.34,2,980.2,1.16,81.46,24.04,1,0,1,0,0,1,0.3370171373376474,Moderate
R00912,State Highway,13.2,3,8.96,3,1477.0,3.95,115.62,10.15,1,0,1,0,0,0,0.4392352660025339,Moderate
R00913,District Road,4.45,2,8.49,1,1572.9,8.05,15.01,32.8,1,2,0,0,0,1,0.07674981297693953,Safe
R00914,District Road,17.86,0,9.99,0,1121.4,21.8,74.26,18.59,0,0,0,0,0,1,0.06562769406139668,Safe
R00915,District Road,17.25,1,7.96,0,1293.5,17.16,130.4,29.92,5,2,0,0,0,1,0.16473009043726347,Safe
R00916,District Road,2.0,1,3.54,2,2483.5,6.7,184.93,23.36,3,2,0,1,0,1,0.35726354303617447,Moderate
R00917,State Highway,2.57,1,9.35,2,2395.0,17.75,96.14,26.55,2,2,0,0,0,1,0.19899135168457852,Safe
R00918,Village Road,10.16,2,6.45,0,1782.9,13.7,121.69,28.99,1,1,0,0,0,1,0.11921414408264815,Safe
R00919,Village Road,12.38,1,5.88,2,445.6,18.46,119.9,17.2,2,2,1,0,0,1,0.3528279967686507,Moderate
R00920,Highway,5.86,0,11.93,1,931.9,7.75,69.82,25.15,2,1,0,0,1,1,0.164853615847949,Safe
R00921,Village Road,14.48,3,8.31,0,2213.6,27.44,90.89,28.79,3,0,1,0,0,0,0.43775575937699046,Moderate
R00922,District Road,12.1,1,9.4,1,1087.7,2.0,53.11,29.27,4,0,0,0,0,1,0.09356576545349021,Safe
R00923,Village Road,6.83,0,7.74,1,2390.7,17.45,142.61,20.4,2,1,1,0,0,1,0.2513606999040532,Moderate
R00924,Village Road,0.99,0,9.93,0,1246.3,40.27,34.82,28.21,3,3,0,1,0,1,0.29577647522301226,Moderate
R00925,District Road,15.13,3,9.77,1,2161.3,18.89,40.86,17.55,5,1,0,1,0,0,0.4591044796411833,Moderate
R00926,Highway,4.69,2,8.91,2,136.7,19.85,36.4,13.11,3,0,1,0,0,1,0.39547321029350463,Moderate
R00927,State Highway,16.77,1,11.98,1,1113.7,3.06,55.18,12.82,2,1,0,0,1,1,0.1539051722790501,Safe
R00928,District Road,8.7,0,7.14,0,1765.6,27.24,45.92,22.64,0,0,0,0,0,1,0.06778182937874236,Safe
R00929,District Road,11.75,0,9.36,3,2165.7,42.14,65.09,19.58,3,1,0,0,0,1,0.2294881435658485,Safe
R00930,State Highway,17.52,0,10.18,0,1543.6,13.12,77.91,15.81,7,3,0,0,0,1,0.0869142347596703,Safe
R00931,Highway,17.34,1,6.38,0,474.5,17.7,127.15,19.78,2,3,0,1,0,1,0.32904851527049195,Moderate
R00932,Village Road,7.74,1,7.11,1,2220.2,26.47,76.22,20.3,2,2,1,0,0,1,0.3362337992078522,Moderate
R00933,Village Road,4.57,1,11.72,2,1458.3,4.19,60.26,23.84,1,3,0,1,0,1,0.33503268043614975,Moderate
R00934,District Road,15.62,2,3.29,1,314.6,42.76,52.69,11.45,1,0,0,0,0,1,0.22930499299904228,Safe
R00935,State Highway,8.95,0,6.02,2,1186.4,21.04,153.26,32.7,4,2,0,0,0,1,0.24542631052393452,Safe
R00936,State Highway,4.24,0,7.38,3,1762.4,5.18,84.4,19.31,3,2,0,1,0,1,0.3380960966085498,Moderate
R00937,Highway,18.14,1,3.01,2,1155.0,15.09,135.93,25.38,3,0,1,0,0,1,0.42262082032744724,Moderate
R00938,Village Road,4.36,0,11.09,0,2183.4,16.82,18.85,17.66,2,0,0,1,0,1,0.23796219489326614,Safe
R00939,Highway,1.0,0,5.58,2,1088.1,15.54,47.2,29.04,2,3,0,0,0,1,0.07752243661533334,Safe
R00940,District Road,0.9,1,5.32,2,1479.5,31.2,129.69,21.47,1,4,1,0,0,1,0.39385698983443673,Moderate
R00941,State Highway,12.64,2,10.38,0,567.4,15.55,39.89,18.04,1,1,0,0,0,1,0.12185214368811344,Safe
R00942,District Road,13.4,2,5.5,1,1306.1,14.57,133.79,34.1,4,5,1,0,0,1,0.4081370223575382,Moderate
R00943,District Road,6.57,2,8.92,2,596.0,14.49,27.38,31.63,1,0,0,0,0,1,0.10476535909612386,Safe
R00944,Village Road,6.74,1,10.39,0,601.7,35.0,35.82,14.51,1,1,0,0,0,1,0.10710870644519697,Safe
R00945,State Highway,7.12,2,10.13,0,735.8,13.88,59.63,27.52,2,2,0,1,0,0,0.42152979027432935,Moderate
R00946,Highway,13.76,0,10.04,2,158.3,0.63,40.62,28.86,1,2,0,0,0,1,0.03245691804892768,Safe
R00947,Highway,1.63,3,3.8,2,450.1,16.45,40.51,10.86,6,1,0,1,0,0,0.40824890253746915,Moderate
R00948,Village Road,18.62,0,3.72,0,1089.7,12.52,151.63,34.02,1,1,0,0,0,1,0.024499921165469812,Safe
R00949,Village Road,4.84,0,5.76,1,371.1,40.91,39.09,15.82,2,2,0,0,1,1,0.22575996608468446,Safe
R00950,District Road,19.99,0,3.32,1,376.8,21.51,105.01,32.71,4,1,1,1,0,1,0.5866421017337435,High
R00951,District Road,3.84,3,7.5,2,2421.4,10.56,120.37,26.35,2,3,0,0,1,0,0.333357187250164,Moderate
R00952,District Road,15.55,3,6.55,3,1096.4,44.17,51.51,22.8,4,3,0,0,0,1,0.26040158037729383,Moderate
R00953,State Highway,4.86,2,8.01,2,1039.1,11.1,38.12,29.65,2,2,1,0,0,1,0.3174507058374793,Moderate
R00954,Village Road,2.08,1,5.69,1,706.0,34.34,51.75,26.88,2,1,0,0,0,1,0.18639070930513704,Safe
R00955,District Road,17.56,1,7.37,3,1305.5,29.23,191.84,28.51,4,2,0,1,0,1,0.529691182205179,High
R00956,State Highway,17.25,3,6.01,0,1510.4,20.8,180.75,31.45,2,0,0,0,1,0,0.4689476455475428,Moderate
R00957,District Road,8.37,1,4.76,0,1074.6,18.26,150.29,21.78,3,1,0,0,0,1,0.07397851057995777,Safe
R00958,Highway,14.2,3,8.84,1,1014.8,39.26,201.91,20.64,0,2,1,0,0,0,0.5115564942199079,High
R00959,State Highway,11.36,0,9.06,1,1766.0,21.38,107.5,32.49,3,3,1,1,0,1,0.5516498593244767,High
R00960,District Road,17.13,0,10.46,0,2377.0,16.89,55.37,29.95,1,1,0,0,0,1,0.11516010413892933,Safe
R00961,Highway,6.64,2,10.87,1,2200.7,15.94,128.31,10.48,1,1,0,0,0,1,0.2610541224252225,Moderate
R00962,District Road,10.71,0,9.34,2,340.6,12.41,160.84,26.35,2,0,1,0,0,1,0.3440452863625587,Moderate
R00963,State Highway,9.96,3,9.19,2,1648.2,18.4,48.92,32.6,2,2,0,0,0,1,0.20034760311358138,Safe
R00964,State Highway,7.4,1,3.51,0,67.3,5.4,169.41,27.09,1,0,1,1,0,1,0.5375946920631168,High
R00965,State Highway,17.88,3,3.99,1,1601.1,2.93,64.26,23.84,4,0,1,0,0,0,0.39275969195656674,Moderate
R00966,State Highway,3.73,0,10.31,0,1187.7,24.37,38.15,14.4,1,2,0,1,1,1,0.4212147961634289,Moderate
R00967,District Road,3.42,2,5.1,2,1253.2,20.44,44.72,33.76,0,0,0,0,0,1,0.2161327736371098,Safe
R00968,State Highway,11.75,1,6.2,1,1490.7,7.8,66.49,25.66,2,1,1,0,0,1,0.3328074099815711,Moderate
R00969,District Road,13.32,1,4.31,3,1869.5,4.81,106.83,12.53,2,1,0,0,0,1,0.13081159597046207,Safe
R00970,District Road,4.3,1,4.76,0,1837.2,6.45,71.68,33.19,1,1,0,1,1,1,0.4245023424728428,Moderate
R00971,District Road,8.12,3,9.98,1,159.0,14.19,104.62,22.92,2,3,1,0,1,0,0.6219145326692128,High
R00972,Village Road,18.96,1,5.36,0,1854.4,20.32,244.93,13.93,2,2,1,1,0,1,0.7042752491999431,High
R00973,District Road,5.31,0,7.04,1,2083.0,8.7,14.37,15.66,3,0,0,0,0,1,0.018458615619015052,Safe
R00974,State Highway,13.53,3,4.37,2,217.0,34.0,93.21,34.2,1,1,1,0,0,0,0.5145754040088037,High
R00975,Highway,14.93,0,9.1,3,841.2,8.7,79.84,20.92,1,2,1,0,0,1,0.4342634673403283,Moderate
R00976,State Highway,9.24,1,9.55,1,1990.6,5.59,58.78,20.49,0,5,0,0,0,1,0.1744804052134139,Safe
R00977,District Road,18.78,0,6.26,2,1258.1,44.75,9.5,22.15,3,0,0,0,0,1,0.11700810107118177,Safe
R00978,Highway,14.86,2,10.06,0,1752.5,20.15,53.72,27.51,3,3,0,0,0,1,0.14480052405908683,Safe
R00979,District Road,9.43,0,5.16,0,1280.7,7.65,124.13,19.13,6,2,0,0,0,1,0.14169133411437002,Safe
R00980,District Road,11.6,0,9.23,2,2446.6,40.26,97.98,20.53,2,3,0,1,1,1,0.4642892683478817,Moderate
R00981,State Highway,14.01,3,9.57,0,2343.7,10.4,134.12,28.65,2,3,0,0,0,1,0.2213382969313608,Safe
R00982,Village Road,12.05,2,11.72,0,738.8,41.65,73.73,21.53,1,1,1,0,0,1,0.4126315731712018,Moderate
R00983,Highway,17.63,0,5.09,1,995.4,5.35,11.72,27.84,0,0,0,0,1,1,0.1504899409425362,Safe
R00984,Highway,7.46,2,3.84,1,1106.8,37.88,40.21,34.06,3,2,0,0,0,1,0.18100804381088884,Safe
R00985,District Road,6.35,3,5.37,0,305.3,8.29,23.62,34.06,2,1,0,0,0,1,0.23368203748682176,Safe
R00986,District Road,4.67,0,4.11,2,1040.0,42.23,159.16,21.18,1,1,1,1,0,1,0.6252759852304209,High
R00987,District Road,1.24,2,4.53,1,1948.4,25.84,14.93,15.86,5,3,0,1,0,0,0.43130383707754916,Moderate
R00988,District Road,1.34,1,6.01,1,2124.9,8.55,103.99,16.28,1,2,1,1,0,1,0.5941662801420895,High
R00989,State Highway,17.47,1,6.73,0,2221.0,38.02,249.69,30.48,0,0,1,0,0,1,0.4863459289509088,Moderate
R00990,Village Road,13.73,1,11.13,1,85.7,17.58,12.94,11.99,0,2,0,1,0,1,0.21964553497133565,Safe
R00991,Village Road,13.38,1,4.76,2,1982.6,32.98,43.12,11.01,2,2,0,1,0,1,0.35921740959433285,Moderate
R00992,District Road,12.49,0,11.75,3,1281.4,28.95,100.94,27.04,2,1,0,0,0,1,0.19142492921432916,Safe
R00993,State Highway,17.06,2,10.29,3,555.1,32.14,36.99,32.75,2,2,0,1,0,0,0.4617081147987711,Moderate
R00994,District Road,9.87,0,10.93,1,1271.9,15.47,24.3,15.77,3,0,0,0,1,1,0.15835669651785808,Safe
R00995,State Highway,17.47,1,11.36,3,2118.4,42.25,41.1,11.36,2,1,0,0,1,1,0.2920083958737884,Moderate
R00996,Highway,7.51,0,9.78,0,1113.9,25.19,61.48,32.38,3,3,0,0,1,1,0.19789497485037108,Safe
R00997,Village Road,18.57,2,10.1,0,2476.6,3.49,63.46,18.85,0,1,0,0,0,1,0.12948302177296173,Safe
R00998,Highway,14.12,0,6.94,2,1560.9,3.0,81.52,23.74,1,2,1,0,0,1,0.3201702394911354,Moderate
R00999,Village Road,5.51,1,7.59,0,1249.9,33.22,152.56,30.91,3,4,1,1,0,1,0.6064972372704578,High
R01000,District Road,11.5,1,11.39,0,772.5,38.25,37.59,16.25,4,1,1,0,0,1,0.3378626971490473,Moderate
R01001,State Highway,10.89,2,6.4,3,77.1,31.29,150.61,25.03,1,1,0,1,1,0,0.5716398622900263,High
R01002,District Road,3.19,1,3.38,2,1545.8,12.49,261.52,34.79,4,0,0,0,0,1,0.29050130992759815,Moderate
R01003,Village Road,12.03,2,9.86,0,1464.9,10.17,85.88,28.53,4,3,0,1,0,0,0.4161309734683507,Moderate
R01004,District Road,6.64,0,8.16,2,1316.2,25.44,136.37,19.93,5,2,1,1,0,1,0.682390013596273,High
R01005,Village Road,1.52,0,10.33,2,1367.4,8.86,157.4,29.2,3,3,1,0,0,1,0.38711941553766127,Moderate
R01006,District Road,19.0,1,3.68,3,2116.6,17.06,149.25,10.54,0,3,0,1,0,1,0.43331071110952485,Moderate
R01007,District Road,13.01,3,8.59,1,826.3,28.29,37.12,15.38,3,1,0,0,0,1,0.23685696441482773,Safe
R01008,Village Road,17.6,0,5.23,2,1398.1,12.82,169.54,28.62,1,1,0,0,0,1,0.239768271344732,Safe
R01009,State Highway,13.68,0,11.13,2,1715.9,16.89,10.47,16.56,4,1,0,0,1,1,0.08383422755458786,Safe
R01010,District Road,7.46,0,3.99,2,564.1,16.22,86.1,13.15,2,0,0,0,0,1,0.08153889733015521,Safe
R01011,State Highway,10.5,1,10.59,1,2315.8,20.72,58.31,17.33,4,1,0,0,0,1,0.2045345075346332,Safe
R01012,Village Road,13.68,1,3.8,1,1856.0,30.35,151.16,14.28,2,0,0,0,0,1,0.18755243639201857,Safe
R01013,Village Road,19.22,2,3.23,1,180.6,35.21,64.95,20.52,2,0,0,0,0,1,0.20482797942353773,Safe
R01014,Highway,5.45,0,5.12,3,2169.5,29.93,177.88,13.11,3,1,0,1,0,1,0.458101821483897,Moderate
R01015,District Road,17.56,0,6.0,1,2328.2,1.18,87.68,30.94,2,4,0,0,0,1,0.0903483750857777,Safe
R01016,Village Road,18.52,0,8.64,0,1994.5,40.36,99.45,29.5,2,2,0,0,0,1,0.15121899465660948,Safe
R01017,State Highway,13.57,1,4.19,2,1094.3,26.15,70.45,17.67,2,2,1,1,0,1,0.5173508755256779,High
R01018,District Road,18.66,1,6.94,0,2486.2,41.41,36.18,23.0,2,0,0,0,0,1,0.12091171857812591,Safe
R01019,Village Road,8.26,0,4.84,1,354.9,43.37,39.6,31.38,1,1,0,1,0,1,0.37551662693279236,Moderate
R01020,Highway,19.08,3,10.7,0,1364.7,21.05,12.97,33.23,1,4,0,1,0,0,0.3673476841079125,Moderate
R01021,District Road,14.2,0,3.4,1,467.5,41.24,36.29,12.28,0,5,0,0,0,1,0.1976205701593585,Safe
R01022,State Highway,1.32,2,6.2,3,1126.4,16.44,70.74,28.05,3,1,0,1,0,0,0.4392264975133688,Moderate
R01023,Village Road,18.18,1,8.68,2,2322.2,11.72,90.15,13.39,2,2,0,1,0,1,0.34500624321643103,Moderate
R01024,Village Road,9.95,0,11.22,0,1995.9,3.31,73.02,10.5,3,4,0,0,0,1,0.09408495135219613,Safe
R01025,Village Road,9.48,2,10.81,3,1966.1,20.33,145.21,11.97,2,4,1,0,0,1,0.480060143628163,Moderate
R01026,District Road,11.55,2,11.06,1,916.9,30.99,32.91,24.4,4,1,0,0,0,1,0.19087101806032925,Safe
R01027,Village Road,3.41,1,3.57,1,2339.0,43.96,60.98,19.43,3,1,0,0,0,1,0.15325872118074704,Safe
R01028,Village Road,9.65,1,10.57,1,952.2,23.46,26.41,12.97,3,1,0,0,0,1,0.05457644362176735,Safe
R01029,State Highway,16.71,0,10.02,3,147.9,33.05,48.15,21.86,0,2,0,1,0,1,0.3523140641119277,Moderate
R01030,Village Road,0.8,1,11.12,0,1612.6,40.33,13.56,22.71,0,1,0,0,0,1,0.09886673459540649,Safe
R01031,Highway,5.82,0,5.8,2,938.5,24.44,121.29,29.68,7,0,0,1,0,1,0.384182476863413,Moderate
R01032,District Road,0.55,2,11.21,1,426.6,7.5,22.19,26.59,3,1,0,0,0,1,0.12110576050802652,Safe
R01033,State Highway,8.61,0,6.62,0,2339.9,38.17,43.72,21.65,2,1,0,0,0,1,0.18068202389810367,Safe
R01034,Highway,14.7,0,8.71,3,1611.2,25.84,48.4,18.11,3,6,1,0,0,1,0.35856135591318583,Moderate
R01035,Highway,16.08,0,6.82,1,2354.3,34.13,53.19,10.05,3,3,0,0,0,1,0.13494949952964316,Safe
R01036,District Road,18.93,0,6.85,2,1478.3,29.63,55.36,30.8,0,3,1,0,0,1,0.3739994905115749,Moderate
R01037,State Highway,12.37,1,7.92,0,206.5,2.75,133.15,16.67,3,1,0,0,0,1,0.21262503404311228,Safe
R01038,District Road,5.47,0,6.2,2,123.4,7.61,84.13,15.33,0,3,0,0,0,1,0.06113575990638594,Safe
R01039,Highway,18.52,2,10.13,2,2256.4,12.88,57.96,28.37,2,1,0,0,1,1,0.30048484840435574,Moderate
R01040,State Highway,15.62,0,8.7,1,144.9,12.81,291.75,11.79,0,3,1,1,0,1,0.6797616172235889,High
R01041,District Road,11.7,2,9.21,1,1557.2,37.76,100.51,16.57,0,1,0,0,0,1,0.28144668764863273,Moderate
R01042,Village Road,14.06,1,5.08,3,780.0,26.92,68.33,20.88,2,2,0,0,0,1,0.22386507065885705,Safe
R01043,State Highway,18.52,3,11.73,2,1734.8,3.75,289.64,21.04,2,0,1,0,0,0,0.5429253156998359,High
R01044,District Road,14.39,3,8.94,1,747.6,17.42,70.94,13.95,2,0,1,0,0,0,0.36369807003546106,Moderate
R01045,Village Road,7.68,2,4.77,2,141.2,25.03,52.49,11.0,3,0,1,0,0,1,0.46633889483752516,Moderate
R01046,District Road,14.4,2,9.75,2,1840.6,11.32,80.38,21.76,1,1,0,0,0,1,0.22640353589041196,Safe
R01047,State Highway,1.29,1,4.56,0,811.7,1.79,31.57,18.94,1,1,0,1,0,1,0.17488846126068966,Safe
R01048,Highway,8.04,2,3.57,1,1399.5,17.11,12.38,17.12,1,3,0,0,0,1,0.1682734841089092,Safe
R01049,Village Road,8.42,3,7.75,3,1946.0,20.75,18.71,16.77,3,0,1,0,0,0,0.432329624440474,Moderate
R01050,Highway,3.75,0,7.98,3,1771.9,40.71,104.96,22.6,2,0,1,0,0,1,0.3464258644151498,Moderate
R01051,Village Road,0.95,1,4.7,2,904.0,40.88,24.41,10.54,3,2,0,1,0,1,0.4046051696505031,Moderate
R01052,District Road,3.1,0,6.14,0,1882.2,22.52,98.52,12.65,4,0,0,1,0,1,0.2794343081951678,Moderate
R01053,Village Road,13.27,1,11.51,3,2317.9,21.22,85.92,18.13,1,0,0,0,0,1,0.19669368278141805,Safe
R01054,Village Road,16.14,1,5.57,1,1544.4,28.82,111.43,22.0,6,2,1,0,0,1,0.4253753745053664,Moderate
R01055,Village Road,19.77,1,4.4,0,1773.6,11.62,93.45,27.35,0,3,1,0,0,1,0.29653178715038137,Moderate
R01056,State Highway,7.25,1,11.93,2,2171.5,12.86,47.45,17.33,0,1,0,0,0,1,0.13556973313756648,Safe
R01057,Village Road,12.19,3,5.72,2,2116.9,0.12,304.45,26.68,4,0,1,1,0,0,0.7360839592722304,High
R01058,District Road,18.77,1,9.12,0,911.4,3.52,47.42,19.68,2,4,0,0,0,1,0.12651395741339094,Safe
R01059,District Road,3.76,2,5.08,3,2479.7,8.03,53.83,29.37,2,2,0,0,0,1,0.17440988028494958,Safe
R01060,District Road,14.49,0,7.95,3,120.0,28.83,49.35,22.02,1,0,0,0,0,1,0.11571264370424258,Safe
R01061,Village Road,15.22,1,6.48,0,2467.4,9.57,24.95,23.53,2,4,0,0,0,1,0.037994887610473836,Safe
R01062,Village Road,2.24,1,11.65,3,652.7,5.58,49.92,20.88,2,0,0,0,0,1,0.216106894001376,Safe
R01063,Village Road,17.29,0,6.9,3,1129.1,27.73,155.39,13.32,1,0,0,1,0,1,0.3543203134602188,Moderate
R01064,District Road,16.36,1,8.26,0,2215.0,29.33,37.26,14.28,4,3,0,1,1,1,0.43605444685824823,Moderate
R01065,District Road,1.15,1,11.5,0,648.6,2.69,150.15,20.01,1,2,1,0,0,1,0.4389834096317523,Moderate
R01066,District Road,2.28,1,11.9,1,600.7,34.78,123.77,12.47,4,2,0,0,1,1,0.2950983655729802,Moderate
R01067,State Highway,1.46,1,3.91,1,1625.6,27.28,167.01,13.5,6,1,0,1,0,1,0.5256301263356066,High
R01068,Highway,7.03,1,10.51,2,1778.4,17.87,18.43,25.59,2,2,0,0,0,1,0.21832973231262126,Safe
R01069,State Highway,10.43,0,6.44,1,68.3,44.24,127.42,25.83,2,0,0,1,0,1,0.3737572899995148,Moderate
R01070,State Highway,10.88,1,8.35,3,1153.6,0.46,72.0,13.19,4,1,0,1,0,1,0.37559216796504574,Moderate
R01071,State Highway,5.72,0,6.38,3,1248.3,24.52,35.59,31.35,2,3,1,0,0,1,0.30825574703698333,Moderate
R01072,State Highway,18.28,0,6.61,1,716.0,7.19,32.34,31.42,0,2,0,0,0,1,0.026431634209606765,Safe
R01073,Highway,7.68,0,4.43,1,1388.0,14.82,75.23,19.49,2,0,0,0,0,1,0.14150818417529,Safe
R01074,Highway,1.39,0,8.15,1,428.7,5.99,63.21,22.45,3,0,0,0,1,1,0.18026493923472564,Safe
R01075,Village Road,6.35,0,7.92,1,842.8,30.07,129.1,30.04,2,1,0,1,0,1,0.358968920669017,Moderate
R01076,District Road,10.86,0,4.7,1,1797.4,18.07,136.35,29.07,0,4,0,0,0,1,0.1953748605211063,Safe
R01077,State Highway,8.46,0,7.88,0,2190.8,44.38,144.97,19.07,2,0,0,1,0,1,0.4061397496540378,Moderate
R01078,District Road,5.84,1,11.76,0,1494.0,29.42,63.9,17.93,1,2,0,0,0,1,0.09645085680888323,Safe
R01079,State Highway,3.06,0,9.43,0,233.4,41.28,130.7,26.61,3,2,1,0,0,1,0.3832392578307356,Moderate
R01080,Village Road,16.47,1,7.33,3,1712.9,10.84,71.3,19.09,3,1,0,1,0,1,0.3849378455339095,Moderate
R01081,Village Road,19.92,3,11.24,0,2249.1,14.35,53.23,27.24,3,1,0,0,0,1,0.17852937124061014,Safe
R01082,Highway,6.93,2,8.18,0,1285.6,16.32,135.76,13.24,1,0,1,0,0,1,0.42300862810390605,Moderate
R01083,District Road,7.94,0,4.22,1,1259.5,37.73,133.98,26.8,1,0,1,0,0,1,0.41844459931754746,Moderate
R01084,Village Road,12.55,3,7.93,0,2479.0,9.53,26.52,29.63,1,0,0,0,0,1,0.13854211263681795,Safe
R01085,Village Road,14.51,0,4.63,0,1608.9,42.6,126.99,32.62,3,0,1,0,0,1,0.4016979658091928,Moderate
R01086,District Road,8.14,0,9.91,1,2024.8,1.96,35.73,21.4,3,3,0,0,0,1,0.10259823574602377,Safe
R01087,District Road,18.15,3,11.7,1,1633.9,40.04,94.98,24.01,2,1,1,1,0,0,0.6484977668460801,High
R01088,State Highway,11.42,2,6.25,0,591.2,20.31,71.73,17.22,1,1,0,1,0,0,0.38283869067455734,Moderate
R01089,Village Road,9.28,1,6.91,1,746.0,23.67,80.44,13.76,2,1,0,0,0,1,0.10615404246878535,Safe
R01090,State Highway,13.11,1,6.79,1,1681.0,44.88,80.19,14.33,1,0,0,0,1,1,0.37344079688367865,Moderate
R01091,Village Road,19.08,1,5.57,1,1167.4,39.15,118.31,31.11,3,3,0,1,0,1,0.4439064698407413,Moderate
R01092,District Road,15.99,0,10.15,2,1040.7,40.68,72.64,23.54,3,3,0,0,0,1,0.20159863391259045,Safe
R01093,District Road,1.28,0,8.56,0,105.0,26.35,129.38,19.41,0,2,0,0,0,1,0.12020117683467504,Safe
R01094,District Road,6.98,1,3.58,1,2216.7,43.04,108.77,31.6,0,2,0,0,0,1,0.17217022040264796,Safe
R01095,State Highway,9.68,3,10.55,2,2217.0,30.95,158.78,12.84,3,3,0,1,0,0,0.5976270019659667,High
R01096,State Highway,6.63,0,4.68,3,1179.4,36.87,82.24,24.86,1,0,1,1,1,1,0.633817608676118,High
R01097,State Highway,14.15,2,11.81,2,1766.8,32.44,28.86,29.77,4,0,0,0,0,1,0.20190174533142774,Safe
R01098,State Highway,16.61,0,6.39,1,485.7,35.14,97.99,13.12,1,2,0,0,0,1,0.13770179917286807,Safe
R01099,Village Road,14.76,1,8.55,1,1284.3,28.71,42.33,13.01,1,2,0,0,0,1,0.075941304627462,Safe
R01100,State Highway,19.79,1,3.7,1,1125.2,32.69,15.75,10.83,0,2,0,1,0,1,0.3215056630604144,Moderate
R01101,Highway,5.81,1,6.1,2,1658.7,19.62,73.86,33.55,1,0,0,1,0,1,0.37955353652016544,Moderate
R01102,Village Road,17.56,0,10.22,2,1200.6,31.81,220.74,27.3,1,3,1,0,0,1,0.5076469810419404,High
R01103,Village Road,15.45,1,7.29,1,1271.2,12.46,70.37,11.79,1,1,0,0,0,1,0.0932584570495116,Safe
R01104,Village Road,7.56,1,11.14,0,774.5,28.57,120.1,26.78,5,2,0,0,1,1,0.3434463055306748,Moderate
R01105,Village Road,14.82,0,8.18,1,168.6,23.57,69.63,17.59,1,2,0,0,0,1,0.12849585513167916,Safe
R01106,State Highway,2.53,0,11.36,0,2296.7,40.43,160.84,12.73,2,3,0,0,0,1,0.20828265643032481,Safe
R01107,State Highway,15.89,1,11.84,3,80.0,30.3,182.3,34.81,3,2,1,0,0,1,0.437992219358285,Moderate
R01108,Village Road,10.88,1,7.09,0,739.2,26.85,76.78,14.5,1,1,0,0,0,1,0.14818377635536809,Safe
R01109,District Road,6.2,0,8.09,0,1146.6,14.09,139.18,29.96,0,3,0,0,0,1,0.1449065217735505,Safe
R01110,State Highway,13.29,1,10.51,2,831.8,38.83,21.72,32.04,0,4,0,0,0,1,0.15578110626400038,Safe
R01111,Village Road,13.01,3,4.99,0,1402.2,2.44,53.09,23.26,1,1,1,1,0,0,0.5320616370052625,High
R01112,State Highway,4.58,0,10.75,0,1181.0,40.49,116.72,34.4,2,0,0,0,0,1,0.1608063230327216,Safe
R01113,State Highway,1.09,1,8.33,1,675.9,29.38,48.43,13.0,1,1,0,0,0,1,0.119350013978588,Safe
R01114,District Road,8.96,0,9.53,1,265.6,8.53,71.61,34.02,3,0,0,0,0,1,0.08912928749168629,Safe
R01115,District Road,11.61,0,3.72,1,387.0,40.63,25.85,11.77,2,1,0,0,0,1,0.1566180114487565,Safe
R01116,District Road,17.59,0,9.9,1,1241.5,14.69,208.43,21.93,3,3,1,0,1,1,0.4720625500089275,Moderate
R01117,Highway,18.6,1,5.8,0,2122.6,7.57,150.64,31.38,2,3,1,0,0,1,0.43196219261811597,Moderate
R01118,Village Road,10.81,2,10.25,1,296.6,14.36,42.5,23.83,1,2,1,0,0,1,0.37569887394934764,Moderate
R01119,State Highway,15.2,0,7.58,1,1709.2,43.25,28.96,24.59,4,0,1,0,0,1,0.3915685872884946,Moderate
R01120,Highway,9.07,1,5.47,2,1990.6,33.87,116.4,14.02,0,0,0,0,0,1,0.28570864058328677,Moderate
R01121,Village Road,15.05,1,11.57,1,728.1,41.26,47.65,34.61,2,1,0,0,0,1,0.15417571176010417,Safe
R01122,Village Road,4.49,0,9.89,1,1687.2,13.45,54.4,15.78,1,0,0,0,0,1,0.04192617074590387,Safe
R01123,Village Road,7.74,1,11.87,1,1732.3,3.71,432.13,31.47,2,5,1,1,0,1,0.6796460802033756,High
R01124,Village Road,12.87,2,6.28,0,1784.1,25.32,40.67,33.91,1,1,0,0,1,1,0.3513068745499057,Moderate
R01125,District Road,0.85,2,8.84,0,2232.5,21.74,90.41,17.02,2,2,1,1,0,0,0.5218239221395389,High
R01126,District Road,14.59,2,8.5,2,1026.4,32.43,76.73,28.26,1,1,0,0,0,1,0.22884505634824406,Safe
R01127,Highway,16.79,0,9.19,0,647.0,24.42,61.52,12.01,3,2,1,0,0,1,0.35730394142306265,Moderate
R01128,District Road,8.28,2,3.34,2,1382.4,17.84,150.75,28.54,3,1,1,1,0,0,0.6224381912194855,High
R01129,State Highway,9.23,0,5.63,0,203.2,0.21,73.1,22.11,1,1,1,1,0,1,0.5715037221065948,High
R01130,State Highway,17.1,2,11.18,2,868.1,21.05,65.75,12.95,2,0,0,0,0,1,0.2684053347415638,Moderate
R01131,District Road,15.63,3,6.81,3,2213.9,5.43,76.61,32.37,1,1,1,0,0,0,0.4505964201514216,Moderate
R01132,District Road,6.12,0,11.65,1,1353.5,41.49,75.77,26.97,2,2,0,0,0,1,0.1850081938383417,Safe
R01133,Highway,6.82,1,4.92,1,1119.9,41.48,106.37,14.21,2,1,1,1,0,1,0.6025078082923706,High
R01134,State Highway,13.74,1,11.98,1,700.9,36.16,78.95,23.32,2,2,0,0,0,1,0.14508055540914236,Safe
R01135,District Road,11.48,2,9.28,2,663.4,7.1,23.77,18.15,3,2,0,0,0,1,0.12924794308162735,Safe
R01136,Highway,3.66,0,9.99,0,629.7,6.63,35.82,27.76,2,0,0,0,1,1,0.18225977706633517,Safe
R01137,Village Road,6.54,3,6.57,2,2081.6,25.35,75.02,25.69,1,2,1,0,0,0,0.4835037988674735,Moderate
R01138,District Road,18.05,1,11.16,2,2463.3,32.74,14.66,14.74,0,1,0,0,0,1,0.07342932376035471,Safe
R01139,District Road,13.92,0,7.91,1,1360.3,40.7,53.25,16.05,1,2,1,0,0,1,0.35527784623292263,Moderate
R01140,District Road,19.73,0,9.13,0,245.6,40.23,100.42,27.61,3,1,0,1,0,1,0.4121326361499273,Moderate
R01141,Village Road,15.46,2,3.85,0,1890.0,6.99,97.99,26.88,1,1,0,0,0,1,0.22309604311560702,Safe
R01142,State Highway,18.87,0,8.69,2,2198.8,44.8,98.71,17.81,2,1,1,1,0,1,0.6588695343141215,High
R01143,District Road,4.72,0,10.91,0,2331.5,7.06,147.1,21.96,4,0,1,1,0,1,0.5549705821083737,High
R01144,District Road,15.54,1,4.6,1,1590.5,37.81,79.45,21.68,1,2,1,0,0,1,0.3451332375293319,Moderate
R01145,State Highway,0.89,1,9.64,1,1291.9,26.41,55.62,13.11,3,2,0,1,0,1,0.37490568374167493,Moderate
R01146,Village Road,13.58,1,3.23,0,1570.3,30.52,42.7,25.53,1,1,0,0,0,1,0.1666037612666706,Safe
R01147,Village Road,9.65,1,11.34,1,81.7,27.18,64.32,16.61,4,1,0,0,0,1,0.18602495252606488,Safe
R01148,District Road,7.26,2,11.85,2,1655.8,39.14,140.36,21.5,1,2,1,0,1,0,0.6185940987397713,High
R01149,Village Road,17.32,3,6.19,1,1788.6,28.67,61.75,11.79,5,2,0,1,0,0,0.4533373550476025,Moderate
R01150,Village Road,17.16,0,3.96,2,1819.0,38.19,73.39,25.35,3,2,1,0,0,1,0.38562897533835666,Moderate
R01151,District Road,0.93,2,8.93,1,1429.5,6.95,201.28,30.99,2,2,0,1,0,0,0.42692371858688294,Moderate
R01152,Village Road,12.39,3,3.27,2,1765.1,39.0,57.93,24.24,1,0,0,0,0,1,0.22669678637183277,Safe
R01153,District Road,7.67,1,7.34,1,1615.1,44.68,79.08,24.92,3,1,1,1,0,1,0.608081331207651,High
R01154,District Road,8.61,1,5.45,3,333.0,29.77,36.41,26.83,0,3,0,0,0,1,0.20600848657796572,Safe
R01155,District Road,16.72,0,7.26,1,2251.0,43.94,34.47,14.91,2,1,0,0,0,1,0.1825333024544815,Safe
R01156,Village Road,6.54,1,3.16,1,1575.7,9.89,51.21,11.72,4,1,0,1,0,1,0.3361034747559516,Moderate
R01157,State Highway,18.89,1,3.46,1,1833.1,37.32,172.46,31.35,3,2,0,0,0,1,0.24231530708650895,Safe
R01158,Village Road,4.0,2,3.14,1,890.1,7.61,113.15,31.17,2,2,0,1,0,0,0.33213958683554323,Moderate
R01159,Village Road,13.42,3,8.57,0,2302.1,23.22,84.87,23.62,1,0,0,0,0,1,0.22516622179007154,Safe
R01160,Highway,13.61,0,8.04,0,1281.4,29.88,59.81,14.93,4,0,0,0,0,1,0.0911116561800924,Safe
R01161,Village Road,5.42,0,5.1,2,1713.6,29.71,10.83,30.43,4,0,0,0,0,1,0.11197448580502939,Safe
R01162,Highway,6.83,0,8.82,0,2382.8,30.19,27.28,15.51,3,0,0,0,0,1,0.1535573534823315,Safe
R01163,State Highway,16.78,2,10.96,1,2294.4,14.44,51.89,31.52,3,1,1,0,0,1,0.4210624498108984,Moderate
R01164,District Road,15.36,0,5.5,3,1629.8,43.82,141.54,20.59,1,0,1,1,0,1,0.603423173674404,High
R01165,State Highway,6.92,1,10.49,1,456.1,0.29,32.17,11.44,3,3,0,0,0,1,0.09264598986631906,Safe
R01166,Village Road,10.91,0,8.96,0,2378.9,27.94,91.99,30.42,1,1,0,0,0,1,0.12968348193040366,Safe
R01167,Village Road,1.7,1,3.3,2,2461.1,38.97,108.1,24.02,1,3,1,0,0,1,0.3445095992969286,Moderate
R01168,District Road,4.57,0,6.38,0,303.3,40.1,89.39,17.96,3,2,0,0,0,1,0.05841871493376867,Safe
R01169,Highway,9.97,2,7.57,1,1153.2,32.41,282.97,21.32,1,1,1,1,0,0,0.7350604639229911,High
R01170,State Highway,2.18,1,9.59,1,1393.2,25.87,68.44,32.15,3,0,0,1,0,1,0.37065069798598854,Moderate
R01171,District Road,16.94,3,5.58,0,275.6,20.58,44.93,15.08,1,1,0,1,0,0,0.43415424771376004,Moderate
R01172,Village Road,14.5,1,11.84,0,514.7,20.23,46.72,12.59,2,3,0,1,0,1,0.3536145284799096,Moderate
R01173,District Road,18.9,0,9.16,0,1367.4,19.13,233.64,29.62,2,2,0,1,0,1,0.39417317797598095,Moderate
R01174,State Highway,14.02,0,6.36,0,2409.6,31.5,28.49,25.54,0,1,0,0,0,1,0.11338088757293233,Safe
R01175,District Road,18.84,3,3.87,0,118.1,32.9,119.56,31.75,2,0,0,0,0,1,0.26997720376168943,Moderate
R01176,District Road,11.31,2,4.63,3,2285.5,23.16,45.48,17.84,1,0,1,0,0,1,0.40477473299530536,Moderate
R01177,Village Road,12.2,0,7.39,1,2251.6,33.34,57.78,24.03,2,1,0,0,0,1,0.1469730133475626,Safe
R01178,Highway,19.55,2,7.45,2,2150.1,23.78,28.34,11.06,2,4,0,0,0,1,0.16398911344658826,Safe
R01179,Village Road,13.02,1,9.91,1,975.0,4.38,122.4,31.17,0,0,1,0,0,1,0.28327022432660237,Moderate
R01180,District Road,1.1,0,9.54,2,1252.5,38.32,4.61,14.78,0,0,0,0,0,1,0.09881876424316641,Safe
R01181,Village Road,14.61,0,4.81,0,1038.8,39.17,169.4,12.87,3,0,0,0,0,1,0.21643786423849812,Safe
R01182,State Highway,18.16,2,8.35,0,2371.6,11.99,17.58,22.11,5,1,0,0,0,1,0.19637280385451872,Safe
R01183,District Road,16.01,0,3.19,1,1327.3,35.39,33.47,28.62,2,2,1,1,0,1,0.50911276023995,High
R01184,Village Road,11.88,0,6.59,2,247.5,23.0,38.6,15.24,0,3,0,0,0,1,0.13899867551534545,Safe
R01185,Highway,13.59,0,9.88,0,721.4,5.58,133.33,15.84,1,4,1,0,1,1,0.46425548348222667,Moderate
R01186,Village Road,19.81,0,6.6,1,1182.0,17.91,154.93,17.89,0,1,0,1,0,1,0.4014675555383724,Moderate
R01187,District Road,2.27,1,10.52,0,2386.2,3.44,136.02,30.28,0,1,0,1,0,1,0.3799040001065345,Moderate
R01188,Highway,13.51,0,11.79,1,1443.9,35.39,53.74,28.68,3,0,0,0,0,1,0.11897654472983576,Safe
R01189,State Highway,6.03,0,8.46,1,1755.4,8.83,228.53,16.75,0,1,1,0,0,1,0.3933614770068709,Moderate
R01190,District Road,12.98,3,4.31,2,266.9,7.4,108.25,16.38,3,3,1,1,0,0,0.5617778826213787,High
R01191,Highway,12.35,0,6.42,0,2199.4,9.38,100.39,32.66,4,0,0,1,0,1,0.27032163764912875,Moderate
R01192,District Road,3.49,1,3.09,0,1370.6,10.18,134.62,25.37,1,1,1,0,0,1,0.3486326958796426,Moderate
R01193,State Highway,4.53,1,8.42,1,2307.0,30.33,60.02,15.62,3,4,1,0,0,1,0.411257416268484,Moderate
R01194,District Road,12.62,1,10.39,3,1141.4,28.74,126.23,13.51,3,2,1,1,1,0,0.713098922078321,High
R01195,Highway,3.0,2,8.67,1,1723.6,5.82,88.67,11.65,2,1,0,0,0,1,0.1999669611768747,Safe
R01196,Village Road,5.67,0,10.07,1,1203.6,32.6,178.46,16.16,2,3,0,1,0,1,0.3838247795315804,Moderate
R01197,Village Road,16.79,2,10.2,1,399.3,15.71,22.08,28.0,3,2,0,0,0,1,0.18885496376554006,Safe
R01198,Village Road,6.88,2,10.66,0,716.5,20.59,60.63,19.29,3,0,0,0,0,1,0.16732423211816536,Safe
R01199,District Road,10.02,2,5.4,2,214.8,5.62,22.98,34.13,0,1,0,0,1,1,0.22486659772475934,Safe
R01200,Highway,18.85,0,10.84,0,1128.7,31.89,208.66,18.11,2,4,0,1,0,1,0.388035371852365,Moderate
R01201,Village Road,4.93,0,8.89,2,1640.9,16.93,114.97,13.76,4,4,0,0,0,1,0.2616967826002128,Moderate
R01202,Highway,8.1,1,5.61,1,647.1,28.45,104.65,14.41,3,1,0,0,0,1,0.17323809928317846,Safe
R01203,Highway,12.33,2,11.89,1,1251.5,19.22,93.65,22.21,1,3,1,0,0,1,0.4003286038291668,Moderate
R01204,State Highway,15.23,1,11.55,0,1174.5,2.2,102.71,33.44,2,1,1,0,0,1,0.34362858969520615,Moderate
R01205,District Road,18.08,0,8.17,2,1356.9,31.66,80.43,32.51,0,0,0,0,0,1,0.03060302313231411,Safe
R01206,Village Road,18.35,0,10.59,0,502.2,24.86,201.0,14.58,4,2,1,0,0,1,0.41291043159876706,Moderate
R01207,District Road,15.64,1,5.35,2,1358.3,19.54,159.1,28.86,2,1,0,0,0,1,0.21711507715644385,Safe
R01208,District Road,4.95,2,6.74,2,942.3,9.07,42.21,28.81,1,3,0,0,0,1,0.11861847105405912,Safe
R01209,State Highway,0.98,0,4.66,1,750.8,28.1,68.0,14.13,2,4,0,1,0,1,0.31329038461151437,Moderate
R01210,Village Road,7.98,0,7.68,1,1485.7,12.38,12.35,17.45,4,5,0,1,0,1,0.26128962901779906,Moderate
R01211,District Road,3.26,1,7.46,3,412.7,19.31,124.03,11.9,1,2,1,1,0,1,0.6067136903051354,High
R01212,District Road,14.35,1,4.92,0,2256.6,2.54,89.19,11.87,3,1,1,1,0,1,0.5565716298747088,High
R01213,State Highway,13.39,2,9.06,3,2340.4,34.95,37.82,21.05,3,1,0,0,1,1,0.34408729675101696,Moderate
R01214,Village Road,1.36,2,4.06,0,1668.5,4.05,64.33,22.1,0,1,0,0,0,1,0.0737381794272018,Safe
R01215,District Road,16.81,1,3.56,1,792.7,40.09,45.66,10.82,2,2,0,1,0,1,0.4218062327737649,Moderate
R01216,State Highway,5.35,0,6.46,0,1583.7,39.04,102.16,34.16,4,1,0,0,0,1,0.09261272747641712,Safe
R01217,Highway,8.93,1,6.69,0,1523.7,43.7,38.93,22.16,2,2,0,1,0,1,0.33663513557044916,Moderate
R01218,District Road,13.52,3,5.88,0,1008.6,40.88,87.46,29.7,2,1,0,1,0,0,0.4467209533649915,Moderate
R01219,District Road,8.87,3,5.32,0,753.8,43.71,67.72,25.87,2,3,0,1,0,0,0.4824006987945546,Moderate
R01220,State Highway,9.11,2,6.05,3,462.7,39.93,58.49,25.48,2,0,0,0,0,1,0.20713041499294685,Safe
R01221,Village Road,1.78,0,4.47,2,582.6,5.06,133.97,17.58,3,3,1,0,0,1,0.33344139431103803,Moderate
R01222,State Highway,8.33,2,6.63,0,1649.9,19.7,85.76,32.18,4,3,0,1,0,0,0.3590236241049399,Moderate
R01223,District Road,15.41,2,11.14,0,2220.4,3.43,18.41,17.49,1,4,0,0,0,1,0.18072191875864133,Safe
R01224,Village Road,18.35,1,5.02,2,993.1,24.54,66.97,33.79,1,0,1,1,0,1,0.631698651127927,High
R01225,District Road,8.56,0,9.16,1,348.7,23.84,230.89,10.99,1,1,0,1,0,1,0.45976582555060536,Moderate
R01226,District Road,8.76,3,4.28,2,81.4,41.5,25.0,12.87,0,1,0,0,0,1,0.25131363294472536,Moderate
R01227,State Highway,14.2,1,6.19,1,1044.5,43.64,60.71,28.16,1,3,0,0,0,1,0.22085414168842876,Safe
R01228,State Highway,18.88,0,5.89,2,619.8,11.68,112.53,25.22,0,2,0,0,0,1,0.14979530764533489,Safe
R01229,Village Road,5.71,0,11.43,1,840.3,26.2,73.24,27.93,0,2,0,0,0,1,0.12493244299602752,Safe
R01230,District Road,9.08,1,6.85,1,642.1,20.9,54.78,26.04,1,1,0,0,0,1,0.15617981550051674,Safe
R01231,Village Road,16.02,1,9.21,0,1677.2,24.6,87.73,23.18,2,2,1,0,0,1,0.4175304115793867,Moderate
R01232,State Highway,12.39,0,8.42,1,1614.4,23.93,113.87,10.78,4,1,1,0,1,1,0.44100847591678016,Moderate
R01233,State Highway,2.66,2,4.27,0,2285.1,41.14,47.95,30.22,2,0,1,0,0,1,0.39490303357360396,Moderate
R01234,Highway,12.74,2,11.46,1,1764.4,40.33,63.9,22.75,3,0,1,0,1,0,0.5491770496283461,High
R01235,District Road,4.14,2,6.11,1,454.1,5.52,47.48,12.65,1,1,1,0,0,1,0.37640857637591085,Moderate
R01236,State Highway,10.45,0,3.4,2,1891.4,15.53,144.23,14.81,4,3,0,0,0,1,0.14120333425114417,Safe
R01237,Village Road,10.82,1,5.7,0,494.1,33.87,22.69,26.55,1,0,0,0,0,1,0.11514625304424533,Safe
R01238,District Road,17.59,0,6.02,1,1418.6,30.78,53.89,11.93,0,3,0,0,0,1,0.07537842130426474,Safe
R01239,Village Road,9.52,0,3.83,0,238.8,28.4,51.91,31.74,2,1,0,0,0,1,0.06764439501789146,Safe
R01240,State Highway,5.95,1,8.58,1,165.9,44.72,76.03,29.77,3,0,0,0,0,1,0.17269427067381327,Safe
R01241,Village Road,5.0,2,6.12,2,1187.4,15.16,79.96,17.66,5,0,1,1,0,0,0.6068256893786657,High
R01242,Village Road,17.55,1,8.66,2,307.2,23.19,26.45,32.09,2,1,0,0,0,1,0.13597025718466646,Safe
R01243,Village Road,3.83,0,3.06,3,801.3,44.06,103.03,32.13,3,4,0,0,0,1,0.2726823606848851,Moderate
R01244,Village Road,8.8,1,11.84,3,880.1,31.3,64.19,30.95,2,1,1,0,1,1,0.4739161992969024,Moderate
R01245,Village Road,4.15,1,4.53,2,1935.1,29.19,112.18,17.69,2,0,0,0,1,1,0.32063863114337043,Moderate
R01246,District Road,15.58,3,8.93,0,865.1,6.96,77.18,26.4,2,2,0,1,0,0,0.4393349608618534,Moderate
R01247,Highway,9.75,3,9.44,0,1261.0,11.1,39.56,21.29,5,2,0,0,0,1,0.17044172620401482,Safe
R01248,Highway,7.35,0,4.54,1,1942.8,16.99,52.59,23.47,1,1,1,0,0,1,0.2399270940365309,Safe
R01249,Village Road,7.54,0,4.01,3,552.0,20.92,58.59,20.24,1,5,1,1,0,1,0.5569368964193299,High
R01250,District Road,17.12,0,4.37,1,2022.0,22.37,167.79,10.1,5,3,0,0,0,1,0.2776045938217011,Moderate
R01251,Village Road,11.3,2,5.22,0,2087.9,40.6,18.87,10.25,2,2,0,0,0,1,0.12211882127041962,Safe
R01252,District Road,14.5,0,4.51,3,2472.7,4.82,44.48,29.32,1,4,0,0,0,1,0.10554973857339574,Safe
R01253,Highway,17.99,0,9.07,1,1137.9,11.18,64.39,33.66,1,1,0,0,0,1,0.08079879848652932,Safe
R01254,Highway,18.08,1,6.79,2,958.1,6.46,103.51,15.74,2,2,1,0,0,1,0.3895572493059405,Moderate
R01255,District Road,6.91,0,7.84,2,1769.9,33.09,121.17,23.61,3,0,0,1,0,1,0.3501740715843019,Moderate
R01256,District Road,19.07,0,3.43,2,192.5,43.68,79.85,17.65,0,2,1,1,0,1,0.6043102887444214,High
R01257,State Highway,0.99,1,10.75,2,147.4,40.23,77.91,21.94,3,1,0,1,0,1,0.3685127068746776,Moderate
R01258,District Road,7.85,0,4.54,2,870.7,32.55,27.83,12.95,3,2,1,0,0,1,0.3912436188895947,Moderate
R01259,Highway,17.97,1,6.24,2,1837.3,0.97,97.83,28.14,3,1,0,0,0,1,0.14056321579514672,Safe
R01260,District Road,5.86,3,3.65,1,335.3,15.62,65.93,22.91,2,1,0,0,0,1,0.23595723450702044,Safe
R01261,State Highway,5.83,0,4.23,2,1607.1,38.86,104.59,17.72,2,2,0,1,1,1,0.5168140393285627,High
R01262,Village Road,6.4,1,8.99,2,710.3,29.39,188.12,26.59,4,2,0,1,0,1,0.44095201085526836,Moderate
R01263,State Highway,12.44,3,9.23,1,1646.6,9.43,81.71,22.78,3,3,1,0,0,0,0.3924324452604506,Moderate
R01264,District Road,9.05,2,9.09,0,1169.6,20.99,152.66,20.11,1,0,0,1,1,0,0.458928313892102,Moderate
R01265,Highway,14.67,1,7.97,1,332.1,3.96,85.23,23.33,1,3,1,1,0,1,0.5222268229200764,High
R01266,Highway,17.95,1,11.57,1,655.8,23.44,122.58,33.84,2,2,0,0,0,1,0.14878172639833998,Safe
R01267,State Highway,13.65,0,7.56,0,588.3,40.55,56.61,11.73,3,1,0,0,0,1,0.15345704759048923,Safe
R01268,District Road,4.49,2,7.04,2,453.2,1.74,32.71,33.1,6,1,0,0,0,1,0.16232824952976949,Safe
R01269,District Road,18.69,3,5.23,0,1197.4,27.63,59.42,13.16,2,0,0,0,0,1,0.1435531120949259,Safe
R01270,State Highway,5.66,1,3.89,0,2388.9,10.49,90.07,15.16,1,2,1,0,0,1,0.37933922692644517,Moderate
R01271,District Road,3.42,1,7.93,0,1662.3,44.57,149.77,34.48,4,2,1,0,0,1,0.46631757781604255,Moderate
R01272,Village Road,2.25,0,5.83,1,2098.2,2.93,79.38,30.25,1,5,0,0,0,1,0.1076407494230073,Safe
R01273,Village Road,11.49,1,7.72,0,2453.6,27.78,68.03,18.79,3,1,0,0,0,1,0.13825627208820615,Safe
R01274,Highway,2.72,1,4.86,1,1374.5,11.54,57.82,20.12,3,3,0,1,0,1,0.29781711502016417,Moderate
R01275,District Road,3.21,1,10.54,3,633.3,39.71,231.75,17.48,1,2,0,0,0,1,0.26470005149416614,Moderate
R01276,Highway,6.35,0,12.0,2,2323.1,5.49,244.76,15.63,1,2,1,1,0,1,0.62542359469272,High
R01277,State Highway,5.99,1,5.9,2,1762.5,19.32,104.49,11.52,3,0,1,1,0,1,0.6281511221709253,High
R01278,Village Road,12.28,1,10.58,1,2399.4,8.34,82.68,10.84,1,3,0,1,0,1,0.38873047552120854,Moderate
R01279,Highway,16.43,0,10.86,2,1645.0,35.97,105.79,22.54,3,3,0,0,0,1,0.15504532485119227,Safe
R01280,District Road,15.35,0,11.96,2,1949.1,15.81,36.39,23.25,3,0,0,0,0,1,0.09091539625049287,Safe
R01281,District Road,5.62,0,6.08,3,2232.1,8.4,86.44,29.04,2,0,0,0,0,1,0.16090028076579782,Safe
R01282,District Road,5.28,2,9.8,0,1910.2,32.67,136.74,12.38,1,0,0,0,0,1,0.23891755337243123,Safe
R01283,District Road,19.33,1,5.06,0,1428.5,36.77,63.01,22.87,2,1,1,0,0,1,0.39981939284258716,Moderate
R01284,Highway,0.66,2,8.62,0,1206.2,20.81,81.08,33.11,2,2,0,0,1,1,0.32233026099820117,Moderate
R01285,State Highway,17.65,0,9.34,3,2067.3,17.05,94.0,31.32,2,3,1,0,0,1,0.37173339511052306,Moderate
R01286,District Road,4.39,3,9.67,1,1941.4,28.45,135.57,23.36,2,2,1,1,0,0,0.703903071591168,High
R01287,Highway,18.97,2,4.86,1,947.8,29.31,161.71,13.34,0,1,1,0,0,1,0.3848579290888213,Moderate
R01288,State Highway,7.17,1,10.64,1,1270.9,29.73,222.28,13.9,2,2,0,1,0,1,0.43328892591047324,Moderate
R01289,Highway,9.09,0,6.79,2,1605.7,12.41,109.19,21.93,2,1,0,0,1,1,0.23028483294086077,Safe
R01290,Highway,14.29,0,4.95,3,119.5,42.36,77.96,25.43,3,2,0,0,0,1,0.2853551522051543,Moderate
R01291,State Highway,11.96,3,7.88,2,656.5,9.6,23.66,34.47,2,3,0,0,1,0,0.3155451791382207,Moderate
R01292,Highway,6.7,0,10.77,2,663.0,16.84,22.61,30.78,2,0,0,0,0,1,0.10352561754828683,Safe
R01293,District Road,11.3,0,11.7,1,2213.9,12.77,65.29,20.36,2,0,1,0,0,1,0.32466744507387546,Moderate
R01294,District Road,14.75,0,9.73,1,862.1,41.9,111.64,18.75,1,2,0,1,0,1,0.38326201388783415,Moderate
R01295,Village Road,1.33,2,3.05,2,1385.6,37.28,100.28,10.34,1,4,0,0,0,1,0.28422046928319006,Moderate
R01296,State Highway,0.72,0,4.21,2,2087.4,36.51,78.04,10.19,2,1,0,0,0,1,0.12039242825918853,Safe
R01297,State Highway,9.43,0,3.69,2,686.2,0.21,83.45,21.86,3,0,0,0,0,1,0.11265423621018866,Safe
R01298,Highway,3.07,1,3.91,0,353.2,30.87,41.07,11.73,2,1,0,0,0,1,0.14717782747618371,Safe
R01299,District Road,13.45,1,6.45,0,2373.5,10.36,92.84,13.91,4,0,0,0,0,1,0.07698114941170361,Safe
R01300,District Road,4.67,1,6.05,0,1776.5,43.55,43.58,34.51,0,1,1,0,0,1,0.3473484782708189,Moderate
R01301,Highway,8.94,1,4.02,1,483.8,23.88,37.52,27.93,8,1,0,0,0,1,0.1665103447034909,Safe
R01302,Village Road,4.35,2,10.94,1,2058.3,25.41,94.44,21.31,1,1,0,0,0,1,0.21601846738601505,Safe
R01303,Highway,11.2,2,8.54,3,1978.5,16.04,149.87,31.45,1,3,1,1,0,0,0.6391126176690872,High
R01304,District Road,2.76,2,10.17,2,2102.0,24.15,105.77,14.44,2,0,0,1,0,0,0.509618557156055,High
R01305,District Road,0.95,0,6.34,0,726.7,33.74,101.49,19.73,2,3,0,1,0,1,0.360836718116686,Moderate
R01306,Village Road,1.5,2,6.69,0,1149.0,25.29,35.75,17.37,2,3,0,0,0,1,0.21764830015476774,Safe
R01307,District Road,19.11,0,5.86,2,1749.5,28.86,130.82,34.89,1,0,1,0,0,1,0.4057957686011082,Moderate
R01308,Village Road,3.27,0,6.95,1,1007.1,21.26,24.85,32.53,3,1,0,0,0,1,0.08543062137456423,Safe
R01309,State Highway,14.32,3,8.49,2,221.4,32.24,26.17,23.15,3,7,0,0,0,1,0.2933347599307035,Moderate
R01310,Village Road,1.82,2,7.44,1,384.3,40.48,77.67,20.6,3,0,0,0,0,1,0.2908722595941051,Moderate
R01311,Highway,2.61,1,10.54,0,1512.9,2.3,59.05,34.95,1,2,0,0,0,1,0.12307193088718568,Safe
R01312,Village Road,10.42,2,11.1,0,969.2,4.83,33.32,15.16,3,0,0,0,0,1,0.13862662207407156,Safe
R01313,District Road,9.56,3,7.23,1,63.2,30.85,122.1,20.2,4,1,0,1,1,0,0.5624581145281398,High
R01314,Village Road,19.06,1,5.16,1,1928.8,17.0,114.65,27.79,0,2,0,0,1,1,0.28865733171798524,Moderate
R01315,District Road,18.92,1,11.51,2,1070.9,12.67,45.02,27.6,3,2,1,0,0,1,0.3164435530039917,Moderate
R01316,District Road,15.7,2,9.62,1,818.7,8.04,39.8,24.36,2,2,0,0,0,1,0.16763171656182654,Safe
R01317,District Road,12.24,0,8.76,3,1798.1,25.77,61.97,33.8,1,1,0,1,0,1,0.40435995502851796,Moderate
R01318,District Road,9.37,0,9.71,2,1165.0,15.64,23.48,16.17,4,2,0,0,0,1,0.12292509078493219,Safe
R01319,Highway,7.45,2,3.68,1,1752.3,22.86,45.0,24.22,1,4,0,0,0,1,0.15290346906547989,Safe
R01320,Highway,18.97,0,3.61,1,82.3,43.14,66.1,30.26,2,0,0,0,0,1,0.14938929570178147,Safe
R01321,State Highway,12.26,0,4.38,2,73.1,34.12,28.58,15.81,3,4,0,1,0,1,0.34659107846054305,Moderate
R01322,State Highway,11.79,0,4.33,0,1421.8,35.82,22.57,31.78,2,3,0,0,1,1,0.23228155464362824,Safe
R01323,Village Road,5.02,1,6.79,3,2456.4,5.59,33.81,25.98,1,0,0,0,0,1,0.10154864095213471,Safe
R01324,State Highway,1.41,3,4.42,1,717.3,14.62,32.1,19.53,3,0,0,0,0,1,0.14304598696625537,Safe
R01325,Village Road,18.93,1,10.69,3,1723.1,4.78,40.81,26.19,1,0,0,0,0,1,0.12156926278821663,Safe
R01326,State Highway,6.62,1,8.2,3,472.0,43.58,115.13,33.2,0,2,0,0,0,1,0.2778687279149468,Moderate
R01327,State Highway,9.13,3,6.31,1,813.3,30.7,53.98,34.7,1,2,1,0,0,0,0.40851104813634215,Moderate
R01328,Village Road,2.74,3,3.63,0,241.3,0.87,44.34,17.04,3,4,0,0,0,1,0.11725461113792848,Safe
R01329,District Road,16.82,1,8.32,1,2207.9,21.4,70.34,32.73,0,1,0,0,0,1,0.2070693182255944,Safe
R01330,District Road,1.04,3,4.05,1,810.6,11.86,85.37,10.96,0,3,0,0,0,1,0.21202661255934876,Safe
R01331,District Road,16.76,1,9.69,2,614.6,24.3,93.77,10.18,1,0,1,1,0,1,0.6203736234161681,High
R01332,District Road,3.24,0,10.22,0,1840.0,8.04,75.24,25.04,1,3,0,0,1,1,0.17146399166983425,Safe
R01333,State Highway,17.79,0,7.9,1,538.6,2.56,85.16,22.04,0,1,0,0,0,1,0.07315790653765963,Safe
R01334,Village Road,14.73,1,4.35,3,638.7,14.54,31.59,21.73,1,1,0,0,0,1,0.10185132986749965,Safe
R01335,Village Road,3.71,1,10.08,3,303.9,13.3,17.9,15.85,3,3,0,0,0,1,0.19353913167400216,Safe
R01336,District Road,11.53,1,5.77,0,2409.0,32.26,36.73,24.94,2,0,1,1,0,1,0.5441514933442679,High
R01337,State Highway,6.6,1,5.0,2,656.7,21.35,140.56,10.42,2,1,0,0,1,1,0.3470808342759488,Moderate
R01338,District Road,3.98,0,7.24,0,2489.4,13.11,101.57,20.85,0,1,1,0,0,1,0.3108846794821471,Moderate
R01339,Highway,17.25,0,11.3,2,481.6,25.67,50.73,19.17,4,0,0,0,0,1,0.1742145391206527,Safe
R01340,Highway,8.37,1,5.68,0,100.6,3.21,8.06,14.83,1,1,0,0,0,1,0.0,Safe
R01341,State Highway,8.27,0,11.15,3,2244.4,29.81,148.71,22.77,1,1,1,0,1,1,0.5477643073713605,High
R01342,District Road,3.81,1,3.48,2,1471.0,6.63,71.15,27.26,2,1,0,0,0,1,0.16788227441176057,Safe
R01343,Village Road,7.97,1,3.75,1,911.0,12.59,194.31,30.32,2,3,1,1,0,1,0.5874913412110108,High
R01344,District Road,17.5,1,9.29,0,1307.7,12.7,114.3,21.56,0,0,0,0,1,1,0.22985537390126018,Safe
R01345,District Road,7.58,0,4.72,0,688.8,20.96,87.16,16.0,0,0,1,0,0,1,0.2889392582469533,Moderate
R01346,District Road,19.06,1,5.85,2,1605.2,42.89,31.87,15.25,1,2,0,0,0,1,0.2194474829726437,Safe
R01347,State Highway,18.95,2,4.23,2,1560.3,14.61,33.18,24.48,3,1,1,0,0,1,0.3359117410668209,Moderate
R01348,State Highway,3.33,3,5.99,2,246.5,12.66,46.47,19.73,2,1,0,0,0,1,0.26052211761782257,Moderate
R01349,Village Road,3.96,2,5.52,2,2281.2,7.6,93.53,17.94,1,1,0,0,1,1,0.28028485209270976,Moderate
R01350,Highway,17.32,1,9.63,2,1178.3,17.64,68.72,23.07,2,2,0,0,0,1,0.19783179698457748,Safe
R01351,Village Road,8.16,0,9.32,3,528.1,8.19,172.88,23.91,1,1,1,0,0,1,0.34527532406856204,Moderate
R01352,District Road,0.59,1,11.59,2,803.1,6.2,66.58,15.85,4,2,0,1,0,1,0.38675049917522686,Moderate
R01353,District Road,5.84,3,9.52,0,2172.2,38.58,105.82,19.46,0,1,0,1,0,0,0.45930228319421357,Moderate
R01354,District Road,12.15,0,9.25,2,988.8,2.37,31.15,27.69,2,0,0,0,0,1,0.09822290173825311,Safe
R01355,District Road,16.09,0,9.25,1,1426.8,31.99,193.76,19.68,2,2,0,0,1,1,0.2954060273563292,Moderate
R01356,Village Road,3.1,0,10.95,3,2371.8,9.12,33.38,21.1,2,3,1,0,0,1,0.2966957701696563,Moderate
R01357,Village Road,2.66,2,5.67,1,1646.7,0.53,65.97,26.0,3,2,0,0,1,1,0.2106506935304296,Safe
R01358,District Road,18.48,1,5.7,0,1705.5,35.78,145.16,14.77,1,1,0,0,1,1,0.3084188049109644,Moderate
R01359,State Highway,15.15,0,9.67,0,659.0,31.6,55.5,31.67,1,2,0,0,0,1,0.11496376463155748,Safe
R01360,District Road,12.0,2,5.06,2,1687.3,15.04,56.37,18.46,2,1,0,0,0,1,0.1772359027158781,Safe
R01361,Village Road,15.5,1,11.21,0,1014.8,3.57,31.45,27.19,0,0,0,0,0,1,0.04724222614370517,Safe
R01362,State Highway,8.86,0,7.81,3,2282.1,16.23,68.6,17.43,3,0,1,1,0,1,0.5278487351862563,High
R01363,District Road,15.29,0,5.7,0,367.4,8.16,99.64,26.2,3,1,0,0,1,1,0.2039538569869986,Safe
R01364,District Road,7.75,0,9.98,0,749.8,41.96,198.15,16.93,4,1,1,1,0,1,0.6489062890940945,High
R01365,District Road,5.26,1,5.81,0,211.7,23.83,58.52,28.7,2,2,0,0,0,1,0.09635681777232802,Safe
R01366,Highway,14.72,0,11.67,0,983.2,43.37,137.04,12.62,1,3,1,0,0,1,0.42832395766828646,Moderate
R01367,District Road,8.68,1,11.85,1,413.5,15.81,27.8,17.69,2,1,0,0,0,1,0.10922648106423735,Safe
R01368,Village Road,19.64,2,9.0,1,2120.6,25.04,109.91,24.19,1,1,1,0,0,1,0.44571829040242567,Moderate
R01369,State Highway,7.31,1,4.02,0,2316.4,8.56,111.13,25.83,1,0,0,1,0,1,0.32976130777751145,Moderate
R01370,State Highway,18.47,0,5.37,0,1690.1,36.38,174.07,13.45,1,3,1,1,0,1,0.643173890602026,High
R01371,Village Road,18.69,1,7.64,1,303.2,1.85,16.99,17.99,0,0,0,0,1,1,0.19141978469240106,Safe
R01372,State Highway,5.22,2,10.66,2,887.0,31.3,27.83,12.54,2,2,1,1,0,0,0.6556246532286916,High
R01373,Village Road,16.07,0,4.66,1,2413.0,17.62,108.58,30.86,0,3,0,0,0,1,0.1034049270437094,Safe
R01374,District Road,8.94,0,3.94,0,383.9,26.03,318.48,34.59,2,1,1,1,1,1,0.7652669101689457,Critical
R01375,State Highway,18.39,1,3.67,1,1413.4,26.65,37.76,17.1,3,2,0,0,0,1,0.1569970184685766,Safe
R01376,Village Road,9.28,1,7.56,1,914.7,31.99,112.56,22.08,1,0,0,0,0,1,0.23996185528254269,Safe
R01377,District Road,15.01,0,10.96,1,2497.9,9.19,96.89,22.66,0,1,0,0,0,1,0.18938616371437025,Safe
R01378,District Road,9.61,2,3.38,1,749.2,23.91,80.22,14.11,0,3,1,0,0,1,0.3471964474242464,Moderate
R01379,State Highway,4.94,1,4.91,3,167.0,19.21,82.63,26.69,3,1,0,1,0,1,0.4352928943453707,Moderate
R01380,District Road,4.39,3,9.24,0,1770.3,12.7,13.79,22.92,2,1,0,0,0,1,0.08932576505183187,Safe
R01381,State Highway,8.8,0,10.43,0,850.5,22.31,163.5,22.85,1,2,0,1,0,1,0.3186566489642473,Moderate
R01382,State Highway,15.23,2,10.27,0,1661.1,42.84,113.98,11.46,3,5,1,0,0,1,0.4709855804484393,Moderate
R01383,Village Road,12.3,0,10.07,1,306.4,42.7,43.68,12.0,5,0,0,1,1,1,0.468059420335911,Moderate
R01384,State Highway,13.93,1,4.17,0,1331.5,12.55,78.47,34.11,3,1,1,0,0,1,0.30552319909732906,Moderate
R01385,District Road,6.01,1,6.58,1,969.3,39.79,73.34,33.49,2,1,0,0,1,1,0.36386552092335467,Moderate
R01386,State Highway,9.89,1,11.86,3,1365.1,39.45,36.17,10.46,3,2,0,0,0,1,0.22631854298953671,Safe
R01387,Village Road,1.37,2,11.9,0,2141.0,11.23,52.48,23.51,1,3,0,1,0,0,0.34867230452504183,Moderate
R01388,Highway,16.44,0,8.42,1,2433.2,26.95,40.84,11.62,1,2,0,0,0,1,0.15875367548411265,Safe
R01389,Village Road,19.8,1,9.38,2,1895.2,39.15,121.8,29.83,1,2,1,0,1,1,0.5264818938820353,High
R01390,District Road,8.43,0,11.56,0,1928.8,23.17,39.4,11.23,3,0,0,0,0,1,0.12377394291168647,Safe
R01391,State Highway,0.71,2,7.05,0,1345.9,16.64,234.45,23.73,3,2,1,0,0,1,0.5115596751553356,High
R01392,Highway,3.81,0,4.23,1,288.6,29.29,67.31,25.48,5,0,0,0,0,1,0.11207474400391211,Safe
R01393,State Highway,13.22,2,9.02,0,1684.3,7.76,111.61,12.4,1,2,0,0,0,1,0.20198885551446888,Safe
R01394,District Road,12.44,2,11.64,2,412.1,7.28,27.89,24.86,3,1,0,0,0,1,0.14538850660913932,Safe
R01395,State Highway,15.86,2,9.27,0,651.9,37.47,35.84,33.54,4,1,0,1,0,0,0.39040695203532505,Moderate
R01396,Village Road,5.45,0,10.23,1,1783.6,1.88,140.41,12.43,2,2,1,0,0,1,0.35670418869515963,Moderate
R01397,District Road,15.39,1,6.8,2,1659.6,36.16,9.12,27.12,0,0,0,0,0,1,0.2310285402142634,Safe
R01398,State Highway,13.92,0,3.87,0,820.1,13.07,35.53,16.78,3,0,0,0,0,1,0.06248159058709129,Safe
R01399,District Road,6.79,2,4.52,0,1941.5,21.74,71.45,16.84,3,1,1,0,0,1,0.4133128267267575,Moderate
R01400,District Road,11.14,2,11.84,0,2351.3,24.46,160.72,23.6,6,0,1,1,1,0,0.7139300683274571,High
R01401,State Highway,3.37,1,7.44,2,1385.9,34.52,89.12,33.2,4,0,0,1,0,1,0.4282102918678622,Moderate
R01402,State Highway,9.33,2,3.11,2,1710.3,39.77,119.31,15.77,2,0,0,1,0,0,0.4634494113654985,Moderate
R01403,Highway,17.68,0,11.6,0,715.9,36.19,86.84,34.83,3,2,1,0,0,1,0.3553828167703214,Moderate
R01404,District Road,8.71,1,7.48,2,2428.5,25.76,59.36,12.29,0,3,0,0,0,1,0.2247813353010714,Safe
R01405,District Road,16.87,0,10.53,2,720.6,15.66,117.83,33.5,0,1,1,0,0,1,0.3453944306337812,Moderate
R01406,District Road,12.01,3,7.94,3,2224.2,23.7,195.77,10.45,4,4,1,0,0,0,0.5368153710699114,High
R01407,Village Road,4.24,2,3.92,1,2323.3,1.35,87.99,14.05,2,2,0,0,0,1,0.24051826226445572,Safe
R01408,Village Road,11.83,2,8.54,2,1813.1,11.02,38.17,34.41,2,3,0,0,0,1,0.19391228237504118,Safe
R01409,District Road,10.37,3,11.98,1,2038.4,16.48,9.06,16.65,1,4,0,0,0,1,0.18542269860289518,Safe
R01410,Village Road,8.27,0,3.31,2,1171.7,14.39,76.32,10.18,2,0,1,0,0,1,0.32668628869641847,Moderate
R01411,State Highway,2.83,3,10.58,0,2302.9,4.28,169.59,32.13,2,2,1,0,0,0,0.41077303504849916,Moderate
R01412,Highway,8.63,0,5.12,0,1869.5,2.28,16.5,32.85,0,2,0,0,0,1,0.01935913451686257,Safe
R01413,State Highway,1.92,2,6.54,2,850.5,18.93,55.41,28.61,0,1,1,0,0,1,0.4313100474630199,Moderate
R01414,Highway,2.43,2,6.35,2,135.6,3.37,184.72,33.49,6,2,1,0,0,1,0.4456614084106818,Moderate
R01415,District Road,8.61,0,11.09,1,1374.9,12.88,13.53,16.64,0,1,0,0,0,1,0.08917645472159828,Safe
R01416,Village Road,6.45,1,7.54,1,2109.6,21.37,122.35,26.13,2,1,0,0,0,1,0.1313533642192892,Safe
R01417,Highway,18.55,0,7.02,1,2158.6,9.45,57.9,28.56,3,1,0,0,0,1,0.13650878679388528,Safe
R01418,Highway,7.83,3,10.36,0,2096.0,3.58,52.03,34.34,5,1,1,0,1,0,0.44669461780879066,Moderate
R01419,District Road,15.28,0,3.44,0,576.1,19.45,40.59,32.45,3,3,0,0,0,1,0.11538342350721154,Safe
R01420,Village Road,10.84,1,3.78,0,1094.1,20.18,139.91,11.48,5,3,1,0,0,1,0.4104610444359059,Moderate
R01421,State Highway,14.23,2,3.2,1,1553.9,41.2,92.8,18.48,4,1,0,0,0,1,0.24040968360974055,Safe
R01422,District Road,5.57,0,9.19,0,1685.5,5.75,101.16,25.38,1,3,1,0,0,1,0.38116360579284175,Moderate
R01423,Highway,18.87,1,7.73,0,869.7,27.67,73.1,31.38,1,1,1,1,0,1,0.5686737421204408,High
R01424,Highway,10.84,1,10.88,3,1747.0,14.39,84.03,16.99,4,1,1,1,0,1,0.6688319911597524,High
R01425,Village Road,16.71,0,7.49,0,1497.7,5.56,10.07,10.2,3,4,0,0,0,1,0.08227267547150105,Safe
R01426,Village Road,7.62,2,5.0,2,1438.6,17.69,41.66,14.67,1,2,0,0,0,1,0.18324046938412972,Safe
R01427,Highway,2.45,0,10.25,2,1674.4,19.26,45.75,20.63,1,2,0,0,0,1,0.04350673173486126,Safe
R01428,Village Road,13.64,0,5.65,0,1528.3,16.36,84.71,11.53,0,1,1,1,0,1,0.5454345757849229,High
R01429,District Road,0.65,1,11.42,0,458.8,34.46,43.97,11.06,1,3,0,0,0,1,0.09571022232331403,Safe
R01430,Village Road,9.77,1,5.25,1,2192.3,37.76,105.78,20.04,5,2,1,1,1,0,0.6776368306455653,High
R01431,District Road,4.26,3,4.51,1,639.4,6.69,120.41,26.2,2,2,0,0,0,1,0.2856127231819914,Moderate
R01432,District Road,12.73,2,7.44,1,1874.0,7.56,119.69,27.76,0,0,1,0,0,1,0.2999268905519423,Moderate
R01433,District Road,19.6,1,3.45,1,482.3,18.95,134.93,23.32,1,0,0,0,0,1,0.15108161337821485,Safe
R01434,District Road,9.56,1,3.33,3,1669.4,14.41,89.26,20.9,2,0,0,0,0,1,0.22704077781323437,Safe
R01435,Highway,16.44,0,7.46,0,2244.4,36.88,55.98,10.47,2,1,0,0,0,1,0.1050630862267623,Safe
R01436,Highway,10.4,0,4.94,2,73.8,44.86,30.44,16.56,1,1,0,0,0,1,0.1316719861304066,Safe
R01437,State Highway,10.17,1,3.08,0,2450.2,8.15,52.79,26.75,1,3,0,0,0,1,0.043532238808178816,Safe
R01438,District Road,18.64,2,5.66,1,122.7,34.31,41.85,21.24,0,0,0,0,1,1,0.2864838063817219,Moderate
R01439,State Highway,17.85,0,7.3,0,77.9,27.33,51.0,16.6,2,2,0,0,0,1,0.08359036800346613,Safe
R01440,District Road,15.82,0,6.55,1,2151.0,29.0,118.35,15.74,2,2,0,1,0,1,0.3658514565034257,Moderate
R01441,Village Road,6.28,1,4.22,2,1786.3,11.9,295.44,10.43,2,1,1,1,0,1,0.725964106469072,High
R01442,Highway,11.13,0,8.22,0,309.2,4.37,339.16,30.63,1,0,0,1,0,1,0.4167215673942253,Moderate
R01443,District Road,4.87,2,9.39,0,2346.7,24.45,103.95,31.95,2,2,0,0,0,1,0.23807669610735205,Safe
R01444,District Road,9.16,1,9.08,1,1696.2,27.61,57.38,19.14,2,0,0,0,0,1,0.12695059420926613,Safe
R01445,Village Road,9.94,1,6.54,0,322.1,43.34,61.28,27.53,2,1,0,0,0,1,0.18197048687485734,Safe
R01446,State Highway,16.72,0,4.24,2,2158.4,30.39,13.26,11.62,4,0,0,0,0,1,0.18874002219409042,Safe
R01447,District Road,17.97,3,7.5,2,1228.2,19.97,40.91,32.22,2,3,0,1,0,0,0.47792643347881447,Moderate
R01448,Village Road,8.59,0,11.01,2,731.4,44.73,67.89,32.67,3,2,0,0,0,1,0.20920308829970977,Safe
R01449,Village Road,0.85,2,7.22,1,2071.4,16.8,145.33,13.92,5,1,0,0,0,1,0.18875954835721423,Safe
R01450,District Road,17.3,1,4.76,1,1859.2,7.32,74.95,29.52,2,2,0,0,0,1,0.12852507510632571,Safe
R01451,District Road,3.9,2,3.84,0,1576.5,27.81,132.02,21.83,1,1,0,1,0,0,0.418258806832845,Moderate
R01452,District Road,12.63,2,11.5,2,2251.4,11.98,125.93,27.03,2,4,1,1,1,0,0.7518968528947648,Critical
R01453,Village Road,0.99,0,9.69,1,2160.1,41.5,46.89,21.87,1,1,0,0,0,1,0.2575515227396898,Moderate
R01454,District Road,8.29,2,5.82,3,605.6,19.25,59.85,11.97,4,1,0,0,0,1,0.20057678527053585,Safe
R01455,Highway,19.73,1,5.66,3,2202.8,6.73,82.95,31.0,3,0,0,0,0,1,0.1715593415657611,Safe
R01456,Village Road,2.46,0,11.06,3,966.4,6.37,85.71,12.14,1,1,0,1,0,1,0.2543006798464417,Moderate
R01457,District Road,8.76,0,4.6,1,1107.8,29.23,256.73,19.0,2,1,1,1,0,1,0.6270869632770443,High
R01458,District Road,6.49,1,7.82,1,2432.2,16.47,40.73,34.65,2,2,0,0,0,1,0.15784610104874017,Safe
R01459,State Highway,18.15,1,9.42,2,1911.7,16.37,142.23,20.67,0,0,0,0,0,1,0.1583155463818073,Safe
R01460,District Road,17.45,2,6.57,2,837.6,27.55,71.01,30.51,2,2,0,1,0,0,0.34471729725369127,Moderate
R01461,State Highway,5.14,2,3.36,2,1637.4,9.97,154.56,14.22,2,0,0,0,0,1,0.3151307719329742,Moderate
R01462,District Road,2.08,1,5.05,0,1371.3,6.54,256.28,30.75,1,2,1,1,0,1,0.6364353494266772,High
R01463,Highway,12.73,2,11.12,2,335.7,29.58,67.26,21.53,1,0,1,0,0,1,0.41085220991824845,Moderate
R01464,District Road,7.06,1,7.71,1,2225.0,0.24,113.37,22.75,5,0,1,0,0,1,0.3201849907184245,Moderate
R01465,Village Road,13.61,0,10.34,1,2063.6,40.83,110.77,34.22,1,0,1,1,0,1,0.5858839066787015,High
R01466,Highway,1.13,3,8.0,2,1955.4,8.23,28.28,32.15,1,2,0,0,0,1,0.18820699576724004,Safe
R01467,Village Road,3.1,0,11.49,1,1419.9,20.15,113.34,18.69,1,1,0,1,0,1,0.37425026725696975,Moderate
R01468,District Road,13.88,1,11.18,2,591.1,9.52,29.55,33.74,2,3,0,0,0,1,0.09919872248937234,Safe
R01469,Village Road,4.64,2,7.35,1,2215.5,9.82,72.15,12.58,2,1,0,0,0,1,0.13642399152064702,Safe
R01470,Village Road,17.22,1,5.86,1,914.8,37.58,95.91,10.65,2,1,0,0,0,1,0.17240114260015496,Safe
R01471,District Road,1.64,0,8.42,0,99.3,26.33,105.6,23.32,1,2,0,0,0,1,0.14860817834195686,Safe
R01472,District Road,4.7,0,9.07,1,2455.3,14.02,45.45,29.25,1,2,0,0,0,1,0.12122301766168428,Safe
R01473,Village Road,19.97,1,7.49,1,2159.8,11.3,128.67,15.52,1,1,1,0,0,1,0.4091146047065811,Moderate
R01474,District Road,8.94,3,10.4,1,1575.6,9.58,48.87,12.01,1,1,0,0,0,1,0.19564394211892083,Safe
R01475,State Highway,14.21,1,4.65,2,80.4,24.95,176.89,31.14,4,2,1,0,0,1,0.44729547892753696,Moderate
R01476,District Road,4.06,1,6.01,1,607.9,32.89,174.65,34.66,0,1,0,1,0,1,0.4569862658660168,Moderate
R01477,Village Road,12.39,0,9.18,2,1157.5,11.41,61.99,27.36,3,2,0,1,0,1,0.3186646612603082,Moderate
R01478,Village Road,14.66,0,5.22,1,1588.8,14.95,152.57,34.38,4,1,1,0,0,1,0.40589251256634223,Moderate
R01479,Village Road,6.63,0,6.96,2,1785.0,32.42,111.79,30.82,1,1,0,0,0,1,0.1929538703734599,Safe
R01480,District Road,16.66,0,11.67,0,1981.3,33.18,91.62,16.3,3,3,1,0,0,1,0.4062630388657691,Moderate
R01481,Village Road,12.27,1,8.63,0,1411.4,9.33,125.01,12.74,1,1,1,0,0,1,0.4174598039847659,Moderate
R01482,Highway,8.09,0,11.54,2,1657.6,17.2,98.93,30.22,4,3,0,0,0,1,0.1825466509584984,Safe
R01483,District Road,11.37,0,9.5,0,2037.5,39.15,146.6,26.49,1,1,1,0,0,1,0.32827363071911064,Moderate
R01484,Highway,11.75,2,9.52,3,1813.6,33.31,39.6,30.32,2,1,0,0,0,1,0.20673849929771337,Safe
R01485,State Highway,3.73,2,8.33,0,2389.3,7.31,142.92,27.96,2,0,1,0,0,1,0.3733164513792689,Moderate
R01486,State Highway,8.35,3,4.28,3,2192.9,17.37,96.34,22.63,2,0,1,1,1,0,0.7761198991215391,Critical
R01487,State Highway,7.2,1,7.68,1,464.9,43.8,49.64,33.52,1,2,0,0,0,1,0.177544548004093,Safe
R01488,District Road,8.32,0,5.27,1,2371.2,23.64,70.73,28.84,1,0,1,0,0,1,0.29402345062723084,Moderate
R01489,State Highway,15.34,2,11.99,0,550.2,32.37,108.55,10.21,0,0,1,0,0,1,0.4095555162476695,Moderate
R01490,District Road,9.91,0,5.4,1,2478.6,4.14,96.97,27.61,5,2,0,0,0,1,0.08510528454902733,Safe
R01491,State Highway,18.84,1,5.08,0,1768.3,37.46,36.9,23.6,1,2,0,0,0,1,0.07660489797185091,Safe
R01492,State Highway,6.23,2,8.61,1,1587.5,27.22,33.34,13.46,1,0,0,1,0,0,0.4208601652405639,Moderate
R01493,State Highway,8.61,2,7.6,1,844.6,7.9,106.28,20.88,4,1,0,0,0,1,0.19985893021712758,Safe
R01494,Highway,15.85,3,3.19,2,376.1,17.11,61.38,23.1,5,1,0,0,1,0,0.3725895935639267,Moderate
R01495,District Road,11.15,2,4.17,2,359.1,3.74,147.28,21.71,2,2,1,1,0,0,0.5535289455920307,High
R01496,District Road,11.17,1,10.3,1,2173.1,34.97,121.25,20.86,0,1,0,1,0,1,0.37442473520278197,Moderate
R01497,District Road,1.54,0,7.35,0,1109.5,33.52,129.3,25.78,1,2,0,1,0,1,0.33282364422022437,Moderate
R01498,District Road,8.27,3,4.31,1,1421.6,22.06,42.6,26.46,3,2,0,1,0,0,0.272483673641339,Moderate
R01499,State Highway,5.78,0,7.19,2,2333.0,20.34,248.44,27.44,0,2,1,1,0,1,0.6740814079991299,High
R01500,Village Road,19.99,3,5.28,0,675.6,20.85,138.21,29.04,1,0,0,0,0,1,0.19387121072075678,Safe
R01501,District Road,6.51,0,5.01,1,1921.6,1.69,187.18,30.83,2,0,1,0,0,1,0.3098112155513495,Moderate
R01502,District Road,17.75,0,11.62,0,1202.6,16.57,54.68,24.35,1,1,0,0,0,1,0.1058056941733946,Safe
R01503,Highway,13.69,2,6.26,0,571.2,5.78,198.35,11.82,2,1,1,0,1,0,0.511001518245257,High
R01504,State Highway,7.15,0,3.42,1,2139.8,8.32,59.33,19.12,1,0,0,0,0,1,0.05170866875030068,Safe
R01505,State Highway,11.1,2,11.73,1,1715.9,43.3,87.51,10.09,3,1,0,1,0,0,0.5066958846345058,High
R01506,State Highway,16.89,0,10.15,1,282.6,11.78,76.72,24.88,2,2,1,0,1,1,0.4009201079393532,Moderate
R01507,District Road,17.73,2,5.29,2,1377.3,21.76,33.4,34.38,3,2,0,0,1,1,0.27651117952826576,Moderate
R01508,District Road,3.63,1,6.68,0,2136.8,39.95,28.19,30.68,3,0,0,0,0,1,0.14379598061449592,Safe
R01509,District Road,7.12,1,10.76,0,214.0,18.61,75.11,22.16,0,2,0,0,0,1,0.11100552854892702,Safe
R01510,Village Road,7.04,1,6.22,2,1069.9,23.79,74.27,27.7,4,0,1,0,0,1,0.36769947107220596,Moderate
R01511,Village Road,1.32,0,8.11,1,2022.8,7.6,152.81,28.55,2,1,0,0,0,1,0.1372954813802732,Safe
R01512,District Road,12.17,2,7.81,0,2153.0,12.83,82.14,24.87,2,2,0,0,0,1,0.11372149844561469,Safe
R01513,Village Road,17.17,0,6.61,2,1949.6,22.78,53.28,32.14,3,3,0,0,0,1,0.07078795421096698,Safe
R01514,Highway,7.94,1,8.76,1,799.0,16.42,212.26,18.05,1,1,1,0,0,1,0.5419475744616357,High
R01515,State Highway,14.93,1,7.26,0,1292.0,1.72,279.59,26.83,3,2,1,0,0,1,0.4631799686847843,Moderate
R01516,Highway,12.74,1,3.19,2,1866.1,18.04,29.22,11.62,2,2,0,0,0,1,0.16864769702441476,Safe
R01517,District Road,7.83,0,10.33,1,423.8,36.68,111.27,13.46,1,1,0,0,0,1,0.24798801979017654,Safe
R01518,Village Road,3.25,0,4.02,0,1507.7,5.22,22.31,33.46,1,1,0,0,0,1,0.0,Safe
R01519,State Highway,14.33,0,7.18,1,1814.9,0.84,54.65,23.58,2,2,0,0,0,1,0.032738054728976076,Safe
R01520,Village Road,17.16,2,8.22,1,2132.5,5.34,42.72,28.86,0,1,0,0,0,1,0.1081580259201292,Safe
R01521,Highway,13.87,0,9.35,3,323.6,30.91,97.15,31.73,4,1,0,0,0,1,0.22828870282279828,Safe
R01522,Village Road,0.85,3,6.7,2,857.7,35.76,159.43,33.35,1,2,1,1,0,0,0.7367553257292192,High
R01523,State Highway,4.72,0,9.62,1,1377.1,2.19,86.97,12.24,2,1,1,0,0,1,0.3305783672980354,Moderate
R01524,Highway,1.85,0,4.18,0,1767.6,39.94,31.82,27.55,3,5,0,0,1,1,0.27049480026113765,Moderate
R01525,District Road,11.62,1,8.88,2,1838.6,28.23,34.84,25.75,4,2,0,1,0,1,0.40101259996848304,Moderate
R01526,State Highway,15.25,0,10.44,2,670.5,23.32,136.8,25.0,3,2,0,0,0,1,0.1673704055812629,Safe
R01527,State Highway,2.66,1,11.0,0,84.0,11.41,120.08,13.64,0,0,0,0,0,1,0.164554532429079,Safe
R01528,State Highway,16.85,2,8.22,0,1749.9,16.73,32.86,29.33,1,0,0,0,0,1,0.16789315400148722,Safe
R01529,Village Road,11.33,0,5.82,2,2277.4,42.61,25.99,17.89,3,2,0,0,0,1,0.11705130373355958,Safe
R01530,District Road,13.95,2,4.47,2,2003.9,41.02,38.04,15.56,2,3,0,1,0,0,0.44673954401154065,Moderate
R01531,State Highway,19.44,1,6.11,0,1575.0,28.15,62.23,27.68,3,2,0,0,0,1,0.0435522513404851,Safe
R01532,District Road,2.13,0,7.86,2,2445.0,26.05,145.27,15.38,3,2,1,0,0,1,0.393482282718682,Moderate
R01533,District Road,18.07,0,4.77,0,1111.1,9.47,62.44,22.47,3,2,0,0,0,1,0.07093523954365491,Safe
R01534,State Highway,2.96,3,11.57,0,1336.4,42.9,116.38,17.94,2,2,0,1,0,0,0.5058357461714814,High
R01535,District Road,8.16,0,11.07,1,80.1,33.99,122.35,30.59,1,2,1,0,0,1,0.3678287587613285,Moderate
R01536,Highway,17.1,2,3.3,1,2367.6,17.2,95.34,33.86,4,0,0,0,0,1,0.18958413295136603,Safe
R01537,State Highway,18.17,1,8.06,2,1479.2,36.71,94.39,30.62,3,2,1,0,1,1,0.6143284937144148,High
R01538,District Road,10.37,0,10.1,1,1007.5,9.53,79.57,19.92,3,1,0,1,1,1,0.38375776286965085,Moderate
R01539,State Highway,12.09,1,5.21,0,159.2,9.6,40.92,14.07,1,2,0,0,0,1,0.0715882128747364,Safe
R01540,District Road,14.31,2,7.72,2,937.9,35.59,45.12,27.46,0,0,0,0,0,1,0.21881683182430384,Safe
R01541,District Road,16.74,2,6.65,0,58.8,25.17,57.41,32.59,1,1,0,0,0,1,0.19260189900836963,Safe
R01542,Highway,2.87,1,4.77,2,844.6,25.01,48.6,20.04,3,0,0,1,0,1,0.36569553149148637,Moderate
R01543,District Road,16.3,2,8.53,2,2381.1,25.82,107.37,11.02,3,1,1,0,0,1,0.42063533944975745,Moderate
R01544,State Highway,9.88,0,11.94,0,428.0,5.66,172.06,13.11,2,3,0,0,0,1,0.13218605018037263,Safe
R01545,Village Road,9.29,3,6.29,0,1386.3,15.73,152.45,19.57,3,1,0,0,0,1,0.24555089322135443,Safe
R01546,District Road,8.77,2,7.97,2,507.2,25.79,59.23,22.48,4,2,0,0,0,1,0.15082271857713875,Safe
R01547,Village Road,10.43,2,5.95,1,1969.3,11.14,32.06,17.26,3,2,0,0,0,1,0.14595553898937524,Safe
R01548,District Road,18.93,2,10.89,0,1427.9,22.68,54.36,22.19,3,2,0,0,0,1,0.14697709975573067,Safe
R01549,Highway,11.19,1,10.78,2,545.5,25.07,78.0,33.97,0,1,0,0,0,1,0.11624535287523619,Safe
R01550,District Road,19.09,1,4.61,1,2172.3,42.43,34.97,11.93,0,3,0,0,0,1,0.16260120327462563,Safe
R01551,Village Road,4.02,1,11.1,1,1970.9,11.06,45.03,30.09,2,2,0,0,0,1,0.1783475659198896,Safe
R01552,District Road,14.62,1,4.36,1,2380.7,19.77,8.14,21.38,1,4,0,0,0,1,0.1379596855846997,Safe
R01553,Village Road,16.34,1,3.86,2,51.5,44.17,75.16,26.34,4,2,0,0,0,1,0.240978930179505,Safe
R01554,Village Road,13.74,0,8.88,1,1169.9,8.41,80.06,34.23,0,1,1,0,0,1,0.34553661381611356,Moderate
R01555,State Highway,12.33,1,6.47,0,2499.6,35.1,95.3,21.49,0,1,0,1,0,1,0.35930873269455865,Moderate
R01556,State Highway,11.51,0,7.78,1,2037.4,7.97,52.44,12.4,2,1,0,0,0,1,0.05880484115174129,Safe
R01557,District Road,17.29,0,8.87,1,2086.7,38.25,38.77,30.7,1,1,0,1,0,1,0.4250615222835476,Moderate
R01558,District Road,16.52,0,3.48,2,1571.8,21.96,29.25,16.62,2,2,0,0,0,1,0.1366050856019825,Safe
R01559,Village Road,2.88,2,5.64,1,1796.6,43.75,41.01,32.63,0,1,0,0,0,1,0.2011343303532822,Safe
R01560,Village Road,17.05,1,7.15,1,2023.0,7.65,190.65,12.05,1,2,1,1,0,1,0.6138731206976539,High
R01561,State Highway,8.57,2,5.4,0,276.1,30.96,155.25,15.7,5,0,0,0,0,1,0.23135742545189175,Safe
R01562,State Highway,5.45,0,3.44,2,1746.8,31.29,122.07,34.2,4,3,1,0,0,1,0.33772727035216454,Moderate
R01563,Village Road,17.46,1,3.78,1,2047.7,32.35,152.37,32.01,1,1,0,0,0,1,0.22160856347843272,Safe
R01564,State Highway,8.92,0,10.22,1,150.1,4.54,89.53,15.47,3,1,0,0,0,1,0.15101752109565386,Safe
R01565,Village Road,16.26,0,11.2,3,777.8,12.99,130.28,29.41,1,1,0,0,0,1,0.18504607979748666,Safe
R01566,District Road,5.64,1,4.37,2,843.8,15.21,86.09,12.16,3,1,0,0,0,1,0.1383030683871978,Safe
R01567,District Road,0.58,1,5.24,1,2143.7,14.59,68.94,13.95,3,2,0,1,0,1,0.35160629237967367,Moderate
R01568,Highway,10.16,0,8.87,2,1961.9,30.38,60.74,14.56,1,1,0,0,0,1,0.12281145284831885,Safe
R01569,District Road,2.45,1,11.59,3,1658.2,2.47,163.41,11.08,0,2,0,0,0,1,0.19483566557442578,Safe
R01570,District Road,15.21,2,5.7,2,2021.6,32.85,26.92,22.11,1,1,0,0,0,1,0.24073326287308466,Safe
R01571,District Road,5.88,0,10.7,1,1160.9,23.7,12.3,19.77,4,2,0,0,0,1,0.11495943148448627,Safe
R01572,State Highway,9.15,0,7.55,2,2193.5,7.78,53.47,24.74,2,2,0,0,0,1,0.08735638632218547,Safe
R01573,District Road,2.2,1,11.61,0,623.8,10.18,78.47,27.22,4,1,0,0,0,1,0.1637878919096003,Safe
R01574,Village Road,6.09,0,4.23,1,1776.2,4.39,53.37,24.88,0,2,0,0,0,1,0.0681983423466969,Safe
R01575,State Highway,15.74,3,11.76,1,642.3,20.66,102.09,16.96,1,1,0,0,0,1,0.27098694986885896,Moderate
R01576,Highway,3.46,1,6.97,1,147.7,26.77,198.28,12.07,1,1,1,0,1,1,0.5654922643303114,High
R01577,Highway,13.12,1,11.58,2,746.2,26.14,97.73,28.3,0,1,0,0,0,1,0.183822261022952,Safe
R01578,District Road,18.39,1,7.13,0,1257.6,43.31,75.09,17.73,4,1,0,0,0,1,0.16955385344376794,Safe
R01579,District Road,13.76,1,7.77,0,2116.4,13.32,18.22,16.18,2,1,1,0,0,1,0.22440473159451113,Safe
R01580,District Road,16.31,0,10.24,1,1296.7,34.29,13.72,27.26,1,2,0,0,0,1,0.08010083310578207,Safe
R01581,State Highway,2.62,3,9.5,1,488.9,32.54,70.57,21.05,4,4,0,0,0,1,0.3362225909449883,Moderate
R01582,State Highway,5.39,1,8.58,1,2482.3,2.76,95.59,15.11,1,1,1,1,1,0,0.5584035294469601,High
R01583,District Road,17.94,0,6.75,3,711.7,41.85,166.58,29.16,2,2,1,1,0,1,0.6856017690530329,High
R01584,District Road,14.44,1,10.13,2,2464.0,41.91,134.53,30.16,2,2,0,0,0,1,0.2626592255153711,Moderate
R01585,Village Road,12.97,0,11.53,1,2344.0,17.84,127.28,34.63,1,5,1,0,0,1,0.3050202803885729,Moderate
R01586,Highway,13.44,0,3.09,0,1379.0,18.8,31.14,21.7,2,0,0,0,0,1,0.12102475858461448,Safe
R01587,District Road,8.58,1,8.29,1,275.3,36.88,105.32,10.92,0,1,0,1,0,1,0.3907854136153386,Moderate
R01588,District Road,1.37,1,10.79,2,1753.8,22.28,117.75,22.93,0,3,0,0,0,1,0.13450702801563086,Safe
R01589,District Road,15.8,1,8.88,1,2122.0,35.96,47.98,10.58,2,1,0,0,0,1,0.2599741940622873,Moderate
R01590,District Road,13.73,0,10.21,0,1141.0,1.63,20.63,33.69,3,0,0,0,0,1,0.0882919883547018,Safe
R01591,District Road,9.72,1,11.06,0,635.6,11.26,130.57,14.37,0,2,1,1,0,1,0.5019216498567269,High
R01592,Village Road,18.05,0,9.76,0,2016.9,4.1,86.92,33.13,4,4,1,1,0,1,0.4630050617918597,Moderate
R01593,Highway,7.06,1,9.45,1,1385.4,20.44,66.82,33.75,4,3,0,0,0,1,0.1469500647596878,Safe
R01594,Highway,6.24,1,11.68,2,534.2,38.44,83.72,29.39,2,1,0,0,0,1,0.17147945886805815,Safe
R01595,District Road,17.52,1,10.77,2,2376.4,25.64,130.16,12.18,2,0,0,0,0,1,0.2447540598641512,Safe
R01596,District Road,16.04,2,10.34,1,2372.8,23.42,284.4,23.96,1,0,1,0,0,1,0.4597008611672713,Moderate
R01597,State Highway,10.54,2,3.78,2,949.3,16.47,12.79,18.86,2,1,0,0,0,1,0.1153025670988013,Safe
R01598,Highway,3.05,3,5.15,3,206.8,2.86,140.74,30.51,2,2,1,1,0,0,0.5889555968085445,High
R01599,Highway,4.69,3,8.01,2,1595.4,34.49,95.11,17.56,0,0,0,1,1,0,0.5495823858143056,High
R01600,Village Road,13.3,2,9.39,2,827.2,25.68,60.62,21.28,0,0,0,0,0,1,0.2118361827069182,Safe
R01601,State Highway,8.01,3,5.73,3,212.6,41.89,178.81,24.34,5,0,1,1,0,0,0.7263046193126858,High
R01602,State Highway,16.81,2,3.84,1,2234.9,19.44,41.06,10.88,0,0,1,1,0,0,0.5560791840367634,High
R01603,State Highway,19.02,2,5.8,0,2495.4,18.07,100.67,25.22,1,2,0,1,0,0,0.32164956702580044,Moderate
R01604,State Highway,16.21,0,9.94,3,908.5,43.85,72.24,18.61,1,0,0,0,0,1,0.23138546827234993,Safe
R01605,Highway,7.86,0,10.9,1,1874.6,6.35,27.03,23.23,2,0,0,0,0,1,0.06096167558004416,Safe
R01606,District Road,15.88,2,11.22,2,211.1,11.36,28.94,13.12,3,2,1,0,0,1,0.3521584246530841,Moderate
R01607,Highway,7.35,1,6.41,2,955.8,21.97,38.96,18.4,3,0,0,0,0,1,0.18399266294787292,Safe
R01608,Village Road,3.76,2,6.35,1,316.4,23.56,170.2,24.54,4,2,1,1,0,0,0.6857231845467231,High
R01609,State Highway,1.15,0,6.66,1,185.6,24.69,70.62,24.29,2,1,0,1,0,1,0.3187723224219294,Moderate
R01610,District Road,8.02,1,6.38,1,1492.5,9.54,47.61,13.95,2,0,0,0,0,1,0.1378096545918037,Safe
R01611,Village Road,18.12,2,9.0,0,2015.0,41.71,76.16,20.37,1,0,0,0,0,1,0.26373621040777817,Moderate
R01612,District Road,5.16,3,6.22,0,1159.8,31.66,43.19,22.99,2,2,1,0,1,0,0.5127588078729266,High
R01613,District Road,4.53,0,3.18,1,1334.2,11.63,75.27,12.03,2,4,0,0,0,1,0.14205966645373852,Safe
R01614,State Highway,19.41,2,6.95,0,713.3,13.24,46.06,24.98,0,2,0,0,0,1,0.06625861006054654,Safe
R01615,State Highway,0.99,2,5.02,1,1854.1,39.62,25.57,15.79,0,3,0,0,0,1,0.15767623418285376,Safe
R01616,District Road,15.82,0,3.26,0,934.6,17.12,202.75,33.01,2,2,0,1,0,1,0.30879779344918107,Moderate
R01617,Village Road,6.77,1,7.24,2,215.4,25.04,22.8,16.71,3,0,0,0,0,1,0.16256480079551658,Safe
R01618,District Road,1.23,0,4.85,2,455.5,5.42,183.37,29.68,3,0,1,0,0,1,0.37347553196985295,Moderate
R01619,District Road,18.4,0,7.07,1,364.7,11.33,12.34,24.55,1,1,0,0,0,1,0.06367246415658107,Safe
R01620,District Road,3.22,1,5.5,1,1117.9,18.75,124.36,27.13,3,1,1,1,0,1,0.6096860953366751,High
R01621,District Road,11.26,0,8.43,3,209.8,29.53,25.0,32.54,1,0,0,0,0,1,0.05417413293144391,Safe
R01622,Highway,5.84,0,11.92,0,2025.9,12.61,70.76,31.2,3,2,1,1,0,1,0.5097558331469384,High
R01623,District Road,1.77,2,7.93,1,2274.6,42.78,162.11,13.19,0,3,1,0,0,1,0.5059303455406101,High
R01624,Village Road,1.47,1,8.82,0,658.6,9.91,139.83,33.34,1,2,1,1,0,1,0.5921798943142818,High
R01625,State Highway,2.75,1,11.27,1,1239.5,35.05,154.58,13.47,3,1,0,0,0,1,0.23487393165879608,Safe
R01626,District Road,1.89,0,6.37,0,1321.7,16.41,250.61,17.91,1,0,1,0,0,1,0.4214635990238871,Moderate
R01627,State Highway,15.33,2,4.5,0,2463.3,37.5,64.14,23.08,3,3,0,0,1,1,0.31026758645401853,Moderate
R01628,District Road,9.97,2,5.55,0,210.8,41.54,145.75,33.33,2,3,0,0,0,1,0.2339922586535773,Safe
R01629,Highway,7.19,1,6.63,1,1686.3,8.42,119.19,25.68,1,3,0,0,0,1,0.017947419838338807,Safe
R01630,District Road,8.66,3,8.81,1,897.1,22.12,89.47,31.87,2,3,1,0,0,0,0.42264584276317524,Moderate
R01631,Village Road,18.61,2,3.04,1,1279.4,6.95,68.74,33.54,3,1,0,0,0,1,0.16284845462598166,Safe
R01632,State Highway,18.26,2,10.68,1,581.7,31.76,56.35,28.71,3,4,0,1,0,0,0.4169400138079533,Moderate
R01633,District Road,14.46,2,3.68,0,442.6,37.45,79.53,22.05,4,1,1,0,0,1,0.3821291133561474,Moderate
R01634,Village Road,17.75,0,11.11,2,646.7,17.53,73.31,19.7,1,3,0,0,0,1,0.17253695289559434,Safe
R01635,Village Road,6.73,0,11.54,1,224.6,17.85,22.96,16.88,1,0,0,0,1,1,0.22797552413048336,Safe
R01636,State Highway,7.93,0,11.91,0,731.3,9.17,217.66,22.66,2,0,1,0,0,1,0.34997961924789595,Moderate
R01637,State Highway,12.47,0,10.29,0,1741.4,13.79,67.88,11.2,1,2,0,0,0,1,0.14672334124620678,Safe
R01638,State Highway,12.66,0,4.28,2,1646.1,14.58,90.8,15.7,2,0,0,0,0,1,0.12449064341961273,Safe
R01639,Village Road,9.89,2,9.36,2,1408.5,7.0,249.43,18.96,1,1,0,1,0,0,0.4253910837380989,Moderate
R01640,Village Road,8.31,0,4.83,1,50.9,13.95,42.39,31.33,3,1,0,1,0,1,0.29424774672672466,Moderate
R01641,District Road,19.73,3,11.07,1,358.2,40.83,59.94,19.4,3,1,0,0,0,1,0.2250916423498869,Safe
R01642,Village Road,16.51,1,5.85,1,2115.0,14.64,28.38,15.99,0,0,0,0,1,1,0.15867888633866067,Safe
R01643,District Road,8.98,0,5.94,1,715.8,12.35,137.89,29.57,3,1,0,0,1,1,0.23952201935317327,Safe
R01644,District Road,14.68,1,11.26,2,2284.9,17.31,34.58,33.58,1,2,0,0,0,1,0.12969987845642814,Safe
R01645,Highway,5.76,0,3.12,1,2192.6,43.21,228.23,29.37,3,1,1,0,0,1,0.5034437537667534,High
R01646,Village Road,2.45,3,4.75,0,429.6,34.41,35.15,13.14,2,4,0,0,0,1,0.26435483958748784,Moderate
R01647,Highway,7.37,2,6.8,0,2250.5,9.08,77.68,18.01,2,1,1,0,0,1,0.3537715686218027,Moderate
R01648,Village Road,8.36,0,9.31,0,1588.2,33.86,42.3,25.07,2,2,0,0,0,1,0.0,Safe
R01649,Village Road,0.82,3,8.83,2,1594.2,34.48,191.36,14.9,1,1,1,0,0,0,0.5599775407905871,High
R01650,District Road,16.39,2,9.02,0,2139.1,42.76,76.13,25.91,1,2,1,1,0,0,0.575428511795113,High
R01651,Highway,7.5,0,10.92,1,1042.4,40.1,54.74,15.9,1,0,1,1,0,1,0.5637764982789694,High
R01652,State Highway,11.82,1,4.09,2,1851.4,4.28,84.9,23.57,5,0,1,0,0,1,0.34323311866048134,Moderate
R01653,State Highway,1.94,1,7.7,1,1686.0,20.46,80.33,27.67,4,2,0,0,0,1,0.16367708255016553,Safe
R01654,State Highway,3.91,0,9.53,2,1940.2,31.63,260.16,29.67,1,1,1,0,0,1,0.4569689338641175,Moderate
R01655,Highway,17.85,2,8.73,1,1667.5,43.8,184.14,30.01,3,4,0,1,0,0,0.5256702511980357,High
R01656,Village Road,12.37,0,7.03,1,246.1,3.83,64.68,29.37,2,1,0,0,0,1,0.12474769598595095,Safe
R01657,District Road,19.03,1,3.15,2,767.1,16.57,83.83,13.43,4,0,0,1,0,1,0.44282640481297303,Moderate
R01658,State Highway,19.98,0,3.54,2,2352.8,22.15,184.13,34.73,0,1,0,1,0,1,0.39453881035909816,Moderate
R01659,State Highway,7.75,3,4.07,1,597.4,18.6,87.98,29.3,3,1,0,1,0,0,0.42210991869635456,Moderate
R01660,District Road,6.33,2,6.09,2,1207.0,20.51,153.47,12.6,2,2,1,0,1,0,0.5318906092819546,High
R01661,District Road,17.24,0,4.06,2,924.5,16.61,73.49,27.44,5,0,1,1,0,1,0.5266346491182523,High
R01662,District Road,19.97,0,6.83,2,261.4,43.68,67.81,21.75,5,2,0,1,0,1,0.4017363342502321,Moderate
R01663,Village Road,12.78,0,4.61,1,493.9,36.15,30.12,20.7,0,0,0,0,0,1,0.11594687281722346,Safe
R01664,District Road,16.01,2,10.01,1,752.3,33.15,57.33,26.92,2,3,0,0,0,1,0.1755638580072195,Safe
R01665,Village Road,15.74,0,10.84,1,1185.1,18.48,88.66,14.2,5,3,0,0,0,1,0.07784110364138291,Safe
R01666,Village Road,7.43,2,6.51,2,2192.6,39.67,70.53,34.99,5,1,1,0,0,1,0.4196880860208035,Moderate
R01667,State Highway,11.7,3,7.6,0,1313.3,4.2,76.12,23.61,1,1,0,0,0,1,0.1616192917682044,Safe
R01668,Village Road,16.74,1,11.58,2,1647.2,6.45,55.32,24.87,0,1,0,0,0,1,0.17981606752568607,Safe
R01669,Highway,13.92,0,7.82,1,1093.6,42.93,59.12,20.63,2,2,0,0,1,1,0.23873382224736545,Safe
R01670,Village Road,0.91,1,11.96,1,2181.7,25.51,72.21,25.15,1,1,1,0,0,1,0.36252353603983783,Moderate
R01671,State Highway,7.07,1,4.28,1,1673.4,7.18,111.06,26.6,1,3,0,0,0,1,0.06844478607399158,Safe
R01672,Village Road,3.32,1,10.76,1,272.0,42.71,141.59,18.64,3,1,1,0,0,1,0.3596771237963848,Moderate
R01673,Village Road,5.04,1,7.47,2,1219.9,43.87,33.56,21.55,1,2,0,0,0,1,0.09086786894522068,Safe
R01674,Village Road,18.16,1,3.2,1,2076.7,39.67,63.47,16.39,2,1,0,1,0,1,0.46793547228458277,Moderate
R01675,Village Road,1.22,1,11.75,0,1847.5,10.74,80.07,29.3,4,3,1,0,0,1,0.33901561158646926,Moderate
R01676,State Highway,4.79,2,11.69,0,2268.0,12.53,105.01,28.43,3,3,0,0,0,1,0.13678247364656818,Safe
R01677,Highway,6.54,0,6.45,2,607.8,18.31,89.39,30.27,4,2,1,0,0,1,0.32541012919445805,Moderate
R01678,District Road,12.53,1,11.59,2,2444.1,26.07,70.35,27.57,1,2,0,0,1,1,0.2616954226663167,Moderate
R01679,State Highway,10.91,2,4.27,0,748.4,44.65,121.23,10.5,0,1,0,0,0,1,0.3073820031645119,Moderate
R01680,District Road,4.76,0,9.12,1,172.9,43.03,18.02,14.78,4,2,0,0,0,1,0.14849460018444804,Safe
R01681,State Highway,3.7,2,4.73,0,1264.4,41.45,119.73,19.72,3,2,0,0,0,1,0.26139935668307096,Moderate
R01682,Village Road,5.12,2,5.22,3,320.3,4.02,62.63,15.85,4,1,0,1,0,0,0.43593915586574594,Moderate
R01683,District Road,10.3,1,10.01,0,1719.2,34.07,98.43,23.29,2,2,0,1,0,1,0.4130356092095003,Moderate
R01684,Village Road,5.79,0,6.4,0,2256.4,39.46,165.75,32.45,3,5,1,1,0,1,0.6537564453969719,High
R01685,Highway,18.98,0,3.06,0,2307.3,15.0,31.18,28.45,1,1,0,0,0,1,0.0,Safe
R01686,Village Road,9.55,0,6.73,2,1537.2,9.88,117.8,16.66,2,0,1,0,1,1,0.3932452613617152,Moderate
R01687,Village Road,1.65,0,5.05,2,1361.4,33.68,50.99,19.94,3,2,0,0,0,1,0.256336765168521,Moderate
R01688,District Road,14.72,3,9.15,1,2485.3,4.09,43.58,11.3,1,1,0,0,0,1,0.12353477036564836,Safe
R01689,District Road,6.91,1,4.75,0,1469.6,42.34,105.84,10.16,4,4,0,0,0,1,0.23682006031132843,Safe
R01690,Village Road,13.24,0,10.58,1,2322.3,7.02,32.29,20.63,0,2,1,0,0,1,0.22779476594164683,Safe
R01691,State Highway,5.95,3,5.4,0,2295.7,20.59,68.02,28.2,2,1,0,0,0,1,0.2180727025339573,Safe
R01692,District Road,11.63,2,6.54,0,759.3,44.23,32.16,31.52,1,2,0,0,0,1,0.27780190364203744,Moderate
R01693,State Highway,15.56,0,5.68,2,83.7,44.47,152.02,20.79,3,2,1,1,0,1,0.6581707213791743,High
R01694,Highway,18.6,1,8.8,2,1126.0,34.92,69.23,14.51,0,3,0,0,0,1,0.31262726635717164,Moderate
R01695,State Highway,5.59,0,3.91,3,2160.4,37.76,152.5,16.53,0,0,0,1,0,1,0.4778726925514895,Moderate
R01696,Highway,7.03,3,7.3,1,2098.5,43.52,104.24,21.14,1,2,0,1,1,0,0.5322772808950834,High
R01697,Highway,9.55,1,6.01,0,1529.0,41.73,17.6,26.24,3,1,0,0,0,1,0.06928608723048969,Safe
R01698,Highway,18.58,2,10.96,2,433.8,27.99,12.13,23.57,5,3,0,0,1,1,0.18447941095673154,Safe
R01699,Village Road,18.08,0,3.66,0,313.6,33.06,46.03,31.02,1,4,0,1,0,1,0.29924770498750153,Moderate
R01700,District Road,2.25,2,10.47,0,2389.0,26.72,120.88,10.46,4,2,0,1,0,0,0.39894763801416394,Moderate
R01701,Village Road,3.07,0,4.51,0,1082.4,22.79,41.94,34.8,0,1,1,0,0,1,0.2724960183175606,Moderate
R01702,District Road,10.16,3,3.8,3,1638.0,39.64,104.91,33.23,0,1,0,0,1,0,0.3989030154497947,Moderate
R01703,State Highway,2.58,3,4.82,2,2269.4,33.21,91.36,13.74,1,3,1,0,0,0,0.5334451319160411,High
R01704,District Road,7.24,1,3.92,0,2181.2,38.69,52.89,11.2,4,2,0,0,0,1,0.10334472030635135,Safe
R01705,District Road,3.39,2,7.69,0,1438.9,4.32,44.72,25.44,1,2,0,0,0,1,0.1434027635997374,Safe
R01706,Highway,12.9,2,11.89,2,1245.4,25.94,45.71,28.04,3,1,0,0,0,1,0.2142785750197385,Safe
R01707,District Road,19.02,3,3.31,2,1851.4,14.83,230.79,21.88,0,0,1,0,0,0,0.5676688682632429,High
R01708,State Highway,19.94,0,7.15,2,906.6,23.1,118.31,16.96,2,3,0,0,0,1,0.19856081015950142,Safe
R01709,District Road,7.82,1,6.47,0,1582.2,27.58,106.59,25.98,5,5,1,0,0,1,0.45931457166611356,Moderate
R01710,District Road,12.18,2,6.06,1,106.7,38.06,85.21,25.9,1,2,0,0,0,1,0.1917687991177339,Safe
R01711,State Highway,17.2,2,5.99,1,2069.6,1.43,48.3,13.71,5,1,0,0,0,1,0.16309343890224115,Safe
R01712,Highway,2.79,1,11.06,3,2495.2,7.38,29.88,29.99,2,1,0,0,0,1,0.15371022268000484,Safe
R01713,Village Road,13.95,2,3.17,0,2389.0,41.47,99.77,28.74,2,3,0,0,0,1,0.2142491547159011,Safe
R01714,District Road,8.47,0,9.97,1,931.7,43.53,83.9,12.12,2,1,0,0,0,1,0.17113058358193217,Safe
R01715,Highway,4.52,2,5.28,0,1351.2,2.49,26.19,21.56,1,2,0,0,0,1,0.09346764074588314,Safe
R01716,Village Road,8.35,0,6.45,1,628.7,14.93,54.77,19.84,4,2,1,0,0,1,0.3403351414813356,Moderate
R01717,Highway,1.98,0,6.78,0,792.3,0.44,28.51,21.56,3,1,0,0,0,1,0.02819275437058906,Safe
R01718,District Road,14.06,1,5.74,2,1170.5,34.09,72.91,21.53,3,1,0,0,0,1,0.2137183240852652,Safe
R01719,Village Road,5.43,1,3.84,0,1880.3,30.69,124.08,23.1,4,2,0,0,0,1,0.13058217049997906,Safe
R01720,State Highway,6.57,1,4.03,1,93.8,25.42,36.71,16.93,1,1,0,0,0,1,0.2329499843516564,Safe
R01721,Highway,2.86,1,5.68,1,1014.7,31.12,44.8,21.74,0,0,0,0,0,1,0.14534829118027254,Safe
R01722,Highway,17.36,0,10.4,2,1413.4,24.2,107.98,12.49,1,0,1,0,0,1,0.3182875662219373,Moderate
R01723,State Highway,10.12,0,4.21,2,577.2,10.75,120.71,14.42,0,1,0,0,0,1,0.13788785132742418,Safe
R01724,Highway,11.66,2,9.68,0,242.3,33.95,299.25,12.2,1,0,1,1,0,0,0.7294954784215859,High
R01725,District Road,11.6,1,5.6,0,1372.0,35.25,40.25,14.65,0,3,0,0,0,1,0.12428464547195717,Safe
R01726,Highway,8.5,1,10.95,1,1612.6,38.44,93.47,10.11,2,1,1,0,1,1,0.5218990367039105,High
R01727,District Road,4.25,1,6.85,1,1620.5,42.93,57.42,10.95,2,1,0,1,0,1,0.3322297760004159,Moderate
R01728,Village Road,15.03,3,4.55,0,923.6,33.64,52.01,29.92,4,2,0,0,0,1,0.19510092380254865,Safe
R01729,Village Road,2.98,2,11.87,2,631.5,2.45,84.93,14.98,3,1,0,0,0,1,0.1834132200331703,Safe
R01730,District Road,2.53,0,4.59,0,589.9,0.94,73.72,23.0,1,0,0,0,0,1,0.12370211965068469,Safe
R01731,State Highway,14.35,2,8.11,3,149.3,33.29,31.63,19.26,0,2,0,0,0,1,0.13279731804136902,Safe
R01732,District Road,4.57,3,8.12,0,502.5,2.52,113.3,18.23,3,0,0,0,0,1,0.17787893282028772,Safe
R01733,District Road,6.48,1,6.36,0,2055.6,14.22,59.65,31.43,5,0,0,0,0,1,0.15570462542060198,Safe
R01734,District Road,9.77,3,11.56,1,57.5,6.13,60.12,22.16,2,2,1,0,0,0,0.42271241318966263,Moderate
R01735,Highway,9.26,1,10.59,1,157.5,43.6,90.61,22.92,0,0,0,0,0,1,0.23525493636054304,Safe
R01736,Village Road,14.32,1,10.47,0,361.2,14.24,245.36,21.48,3,2,0,0,0,1,0.21078568074959406,Safe
R01737,District Road,12.66,0,11.77,2,1079.6,2.48,88.56,16.72,3,1,0,0,0,1,0.09696081617090273,Safe
R01738,State Highway,13.07,1,7.11,1,867.7,42.73,52.37,27.08,1,1,0,1,0,1,0.35724974125472003,Moderate
R01739,State Highway,14.42,0,3.87,0,485.7,27.39,52.47,11.18,3,3,0,0,0,1,0.09206369333783343,Safe
R01740,District Road,6.21,0,9.89,2,321.8,1.62,38.67,17.04,0,2,0,0,0,1,0.08356478360535603,Safe
R01741,Village Road,6.79,0,6.43,3,2350.2,37.5,131.05,26.54,2,2,0,1,0,1,0.4834170899374591,Moderate
R01742,District Road,9.04,0,4.71,1,2282.6,6.86,65.92,10.84,0,2,0,0,0,1,0.057009919997427175,Safe
R01743,Village Road,6.5,1,7.35,2,1941.2,36.11,64.79,10.64,1,1,0,0,0,1,0.10989389028245383,Safe
R01744,Highway,19.71,1,11.33,0,667.5,27.12,19.04,19.32,4,0,0,0,0,1,0.17147086306411066,Safe
R01745,District Road,16.37,0,4.54,0,843.1,7.97,59.27,16.28,2,0,0,0,0,1,0.029437380795716776,Safe
R01746,District Road,3.71,3,10.64,1,1681.3,33.87,102.93,27.52,4,0,0,0,0,1,0.24519827368967392,Safe
R01747,Highway,0.61,0,6.76,3,764.7,20.45,32.75,28.9,2,3,0,0,1,1,0.25648959587915937,Moderate
R01748,State Highway,1.33,1,4.23,1,1350.0,28.71,61.74,10.91,2,1,0,1,0,1,0.29197965407000376,Moderate
R01749,Village Road,5.26,0,10.64,0,1645.6,39.13,8.32,20.91,1,0,0,0,0,1,0.08265675477424991,Safe
R01750,Highway,2.73,0,11.73,1,1322.0,11.71,18.25,33.58,3,0,0,0,0,1,0.10362643778795816,Safe
R01751,District Road,10.9,0,5.62,0,1062.5,16.47,55.69,17.82,1,0,0,0,0,1,0.0497068899866987,Safe
R01752,State Highway,17.23,1,5.73,0,902.3,44.88,114.42,14.92,1,0,0,1,0,1,0.41682609456614805,Moderate
R01753,Highway,14.87,2,6.51,1,1955.5,22.87,80.17,23.03,4,0,0,0,0,1,0.1729865049974684,Safe
R01754,State Highway,4.7,0,10.33,1,1860.5,25.13,109.74,21.27,1,3,0,0,0,1,0.10169840833210095,Safe
R01755,Village Road,8.29,1,3.09,0,1755.8,12.84,132.97,15.49,1,2,0,0,0,1,0.0709251827946105,Safe
R01756,Village Road,10.4,0,5.02,0,968.0,18.72,48.36,15.67,1,2,0,0,0,1,0.09081115171806624,Safe
R01757,Village Road,16.3,2,9.35,1,1950.6,22.57,103.5,27.17,1,1,0,0,0,1,0.2956454762546786,Moderate
R01758,District Road,16.86,2,6.65,2,2396.4,11.63,110.78,18.07,0,0,1,0,0,1,0.4244587346991679,Moderate
R01759,Highway,18.24,0,5.97,1,1738.0,10.72,17.58,34.65,1,3,0,0,0,1,0.049054339353583915,Safe
R01760,District Road,10.43,1,10.85,2,1049.4,27.02,43.35,17.24,4,1,0,1,0,1,0.4385212025019533,Moderate
R01761,District Road,14.04,3,11.26,0,2001.4,8.26,174.92,23.7,2,2,1,1,1,0,0.7508745366761331,Critical
R01762,Village Road,2.68,1,11.53,0,1542.8,24.91,30.09,11.83,1,1,0,0,1,1,0.17106562698389216,Safe
R01763,Highway,11.52,1,5.45,2,2200.3,31.78,82.82,23.47,3,1,0,0,0,1,0.1919914148292871,Safe
R01764,District Road,5.35,1,11.21,1,1797.3,8.92,65.61,21.52,4,1,1,0,0,1,0.3206880206268928,Moderate
R01765,State Highway,8.92,1,9.63,1,1936.3,33.56,146.19,18.73,4,3,1,0,0,1,0.4824312611377379,Moderate
R01766,State Highway,12.86,3,4.39,3,1685.2,16.19,79.61,20.74,2,1,0,0,0,1,0.26184305822739085,Moderate
R01767,District Road,5.51,3,8.49,1,275.5,44.66,150.91,14.46,7,1,1,0,0,0,0.5047032261532705,High
R01768,District Road,1.52,2,3.24,0,1238.5,44.06,71.17,30.51,1,2,0,0,0,1,0.1775507218409696,Safe
R01769,State Highway,0.7,1,9.38,3,188.4,35.94,118.87,33.04,0,4,1,1,0,1,0.6615098100062714,High
R01770,State Highway,0.93,1,9.6,0,1146.5,15.42,129.56,30.94,4,2,1,0,0,1,0.3931065497416198,Moderate
R01771,District Road,0.66,1,10.1,2,1805.2,42.17,33.03,30.12,2,2,0,0,0,1,0.2016639833173241,Safe
R01772,Village Road,2.65,3,4.55,1,1082.1,44.95,100.37,23.71,0,1,0,0,0,1,0.3204840435711118,Moderate
R01773,Village Road,5.17,2,8.65,1,54.0,20.8,27.22,18.34,1,1,0,0,0,1,0.08931316385020613,Safe
R01774,Village Road,4.81,1,4.61,1,954.7,27.66,104.49,14.3,2,0,0,1,0,1,0.3971930349923003,Moderate
R01775,Village Road,19.74,0,11.52,1,216.0,0.27,109.78,30.49,2,0,0,0,0,1,0.09213166062339347,Safe
R01776,State Highway,6.47,1,9.08,2,1962.5,1.96,134.91,11.09,1,4,0,0,0,1,0.16705909828004695,Safe
R01777,District Road,2.98,3,3.86,3,1970.2,22.53,184.04,14.53,1,2,0,0,0,1,0.2592365129950613,Moderate
R01778,District Road,11.14,1,4.68,0,2025.6,27.42,37.9,20.04,1,3,1,0,0,1,0.2966730778616631,Moderate
R01779,State Highway,17.23,0,8.97,2,124.3,14.06,72.28,14.87,2,2,1,0,0,1,0.34203142636999934,Moderate
R01780,Village Road,13.72,0,7.29,0,129.1,4.46,24.29,24.57,3,2,0,0,0,1,0.0,Safe
R01781,Highway,6.27,1,9.63,0,2263.5,35.2,131.22,28.1,0,0,1,1,0,1,0.6739140800717769,High
R01782,Village Road,11.45,3,5.53,3,353.0,18.84,271.62,32.73,2,1,1,1,0,0,0.7980133738008198,Critical
R01783,District Road,14.44,3,8.92,1,1691.7,29.2,58.91,15.26,1,3,1,1,0,0,0.6806044719215035,High
R01784,District Road,14.7,3,4.59,0,1998.9,29.26,35.59,16.99,2,1,0,0,0,1,0.16460540974252216,Safe
R01785,District Road,13.5,2,7.89,1,1147.3,24.61,64.26,27.92,2,1,1,1,0,0,0.5386728565262837,High
R01786,Village Road,17.48,1,11.62,0,1388.9,8.03,104.43,15.43,3,0,1,1,0,1,0.6038270383566764,High
R01787,District Road,17.47,1,8.65,1,607.1,27.72,71.04,19.6,2,3,0,0,0,1,0.1404952052188027,Safe
R01788,District Road,11.79,1,3.45,1,2312.8,14.49,49.56,28.84,0,2,0,1,0,1,0.2945783492613771,Moderate
R01789,Highway,8.88,2,11.9,2,789.4,36.86,40.52,19.4,3,2,0,1,0,0,0.33681097078793165,Moderate
R01790,District Road,13.01,1,4.41,0,583.6,8.69,34.33,13.66,3,2,0,0,0,1,0.00651667216119467,Safe
R01791,State Highway,16.46,1,9.46,0,1337.2,13.1,64.1,16.74,2,1,0,0,0,1,0.10596137845794158,Safe
R01792,District Road,0.61,0,7.79,0,516.8,19.81,31.09,12.02,3,0,0,0,0,1,0.053552367801066855,Safe
R01793,District Road,19.84,0,5.65,0,1732.4,33.3,28.53,26.85,4,1,0,0,0,1,0.07405660380979899,Safe
R01794,District Road,4.07,2,4.6,3,1312.0,32.43,28.12,11.15,1,3,0,0,0,1,0.23217203399082104,Safe
R01795,Highway,9.67,3,4.6,3,412.1,15.17,45.87,24.35,4,1,0,0,0,1,0.2578563814016758,Moderate
R01796,Highway,17.5,1,10.73,2,214.8,22.98,108.34,33.75,1,2,0,1,0,1,0.42858242533032753,Moderate
R01797,District Road,4.89,0,10.86,1,385.5,10.54,42.86,31.5,1,3,0,0,0,1,0.071087035428459,Safe
R01798,Highway,9.8,3,7.19,2,384.7,34.67,71.32,11.82,2,0,1,0,1,0,0.5190333143342265,High
R01799,Highway,3.09,2,3.93,0,816.5,8.85,17.02,27.86,0,2,1,0,0,1,0.29721022623615484,Moderate
R01800,Highway,8.2,1,10.96,0,2091.5,36.87,149.05,27.25,3,4,1,0,0,1,0.4511878406694198,Moderate
R01801,Village Road,3.95,1,7.38,1,190.4,42.16,16.82,17.46,4,3,0,0,0,1,0.18236072173685677,Safe
R01802,District Road,7.59,1,6.95,2,363.8,44.62,125.81,12.73,3,1,1,1,0,1,0.6495781709031885,High
R01803,State Highway,7.78,1,6.67,1,792.1,38.56,116.11,31.35,0,2,0,0,0,1,0.19290665377284802,Safe
R01804,State Highway,19.87,2,6.29,1,1405.7,9.98,109.38,23.86,3,2,1,0,0,1,0.35415728085215586,Moderate
R01805,State Highway,19.9,0,7.73,0,1919.1,18.74,332.96,27.46,6,1,1,1,1,1,0.7869069519017273,Critical
R01806,Village Road,2.74,0,8.44,1,2306.9,4.0,233.83,21.45,5,0,1,0,0,1,0.44499990840579456,Moderate
R01807,District Road,14.66,0,7.2,2,1059.6,7.4,29.6,15.56,2,2,0,0,0,1,0.02968858946596214,Safe
R01808,State Highway,1.51,0,11.07,1,309.3,2.24,48.57,16.51,7,2,0,0,0,1,0.1108436107248987,Safe
R01809,State Highway,1.09,0,5.86,1,573.1,28.85,106.75,23.37,1,3,1,0,0,1,0.332796534679397,Moderate
R01810,Highway,2.55,0,8.2,1,753.8,23.99,17.24,15.86,1,1,0,0,0,1,0.15536858240963808,Safe
R01811,District Road,19.33,0,5.7,2,1975.9,41.27,73.98,19.97,3,1,1,0,0,1,0.3684192354381264,Moderate
R01812,Village Road,18.85,0,9.78,1,1732.3,20.84,105.75,11.86,3,2,0,0,0,1,0.17833506043720276,Safe
R01813,State Highway,4.28,0,3.92,1,562.1,28.9,135.96,34.89,0,3,0,0,0,1,0.13823752371292397,Safe
R01814,Highway,3.65,0,4.7,1,2104.9,18.07,100.1,25.42,2,1,0,0,0,1,0.14953080884285352,Safe
R01815,Highway,5.19,1,10.21,0,2154.9,37.33,90.72,13.65,6,2,0,0,0,1,0.16235271472663657,Safe
R01816,Village Road,10.55,1,4.65,2,2212.0,41.69,156.56,13.25,0,2,0,1,0,1,0.4784562676105906,Moderate
R01817,State Highway,11.61,0,8.63,3,723.8,19.43,96.22,22.08,1,0,0,0,0,1,0.16462193895253227,Safe
R01818,Village Road,4.82,1,11.73,1,377.6,3.72,79.55,10.62,7,2,0,0,0,1,0.16860360468149524,Safe
R01819,District Road,15.25,3,7.71,0,304.7,7.36,136.09,20.3,2,1,0,0,0,1,0.23461997876392285,Safe
R01820,State Highway,6.54,3,4.69,2,1030.2,32.42,24.88,33.62,3,1,0,0,0,1,0.23902895775149408,Safe
R01821,State Highway,18.48,0,5.89,1,1101.8,14.64,123.27,30.58,3,2,0,0,0,1,0.11758752224896682,Safe
R01822,Highway,13.31,2,10.41,0,2177.1,35.34,64.39,33.25,1,3,0,0,0,1,0.14159649705517327,Safe
R01823,District Road,9.01,1,6.16,0,706.0,33.74,73.58,12.78,1,2,0,1,0,1,0.32670442854364556,Moderate
R01824,Village Road,15.9,0,9.51,2,1585.9,31.24,142.74,19.27,4,2,1,1,0,1,0.5947884290979302,High
R01825,District Road,16.45,0,10.0,2,1981.1,36.64,23.33,23.87,2,1,1,0,0,1,0.31403740007569547,Moderate
R01826,District Road,6.16,0,7.51,2,709.4,34.05,25.67,28.01,0,2,0,0,0,1,0.18943694661510385,Safe
R01827,Highway,7.12,1,10.05,1,704.5,28.47,133.69,19.81,2,2,1,1,0,1,0.6381662110662177,High
R01828,Village Road,18.75,1,5.85,2,1689.4,0.19,62.51,17.97,2,1,0,0,0,1,0.021590302450080257,Safe
R01829,Village Road,3.71,2,7.65,1,1829.0,23.21,118.41,17.63,3,2,0,0,0,1,0.2387200102004809,Safe
R01830,State Highway,1.32,0,9.18,1,2401.4,26.79,32.48,29.74,1,3,0,0,0,1,0.11844842749794451,Safe
R01831,Village Road,9.35,0,4.51,2,2132.4,43.23,50.98,19.55,2,0,0,0,0,1,0.218382398881816,Safe
R01832,District Road,16.12,0,5.46,3,2064.0,29.27,119.6,10.41,3,1,1,1,0,1,0.5868732067946797,High
R01833,District Road,15.55,1,8.87,2,1746.2,25.9,47.31,29.26,1,3,0,0,0,1,0.21244405138320221,Safe
R01834,District Road,18.43,3,8.9,2,340.3,24.35,126.52,14.03,2,1,0,0,0,1,0.29527407540798567,Moderate
R01835,Village Road,10.9,2,7.44,2,2032.6,4.65,81.36,25.71,2,2,1,0,0,1,0.3791228199171347,Moderate
R01836,District Road,2.45,3,10.16,2,2341.5,19.24,22.79,10.74,2,1,0,0,0,1,0.20681831241027435,Safe
R01837,Highway,11.98,1,7.34,2,1007.3,6.05,24.8,19.67,3,0,0,0,0,1,0.08660499221567623,Safe
R01838,State Highway,15.68,1,10.93,1,818.5,2.37,113.64,21.4,2,3,1,0,0,1,0.3686272301835144,Moderate
R01839,Village Road,2.32,1,9.62,0,1330.1,14.83,120.69,34.33,3,1,1,1,0,1,0.6286032003093411,High
R01840,State Highway,3.87,1,5.83,2,2393.3,29.04,50.4,12.2,4,4,0,1,0,1,0.3464882240179988,Moderate
R01841,State Highway,0.74,1,6.56,3,174.5,39.01,56.81,28.79,0,1,0,0,0,1,0.16044941703406057,Safe
R01842,District Road,12.08,2,9.01,1,1786.8,36.47,70.86,34.12,0,0,0,1,0,0,0.4176970188759568,Moderate
R01843,District Road,17.79,1,11.05,2,2045.9,13.26,117.1,16.92,2,0,0,0,0,1,0.27222802245342637,Moderate
R01844,District Road,13.58,0,4.61,0,1982.4,2.07,58.6,15.64,4,2,1,0,0,1,0.2602406638027601,Moderate
R01845,Village Road,19.65,2,7.63,3,1438.6,18.12,41.99,33.8,3,3,0,0,1,1,0.40229176577153236,Moderate
R01846,State Highway,1.73,2,4.07,2,2305.4,14.17,47.28,22.24,2,1,0,1,0,0,0.32035661555589506,Moderate
R01847,Highway,18.11,1,5.52,1,379.6,16.71,51.52,30.56,2,2,0,1,0,1,0.3558654104570022,Moderate
R01848,State Highway,16.37,1,9.17,2,650.6,25.16,125.02,29.87,2,2,0,0,0,1,0.20506741746602122,Safe
R01849,Village Road,6.63,0,3.7,2,802.0,1.37,34.35,18.15,1,3,0,0,0,1,0.09180748250339943,Safe
R01850,District Road,19.48,1,8.96,2,71.3,16.69,36.06,14.69,1,0,0,0,0,1,0.12002445498705497,Safe
R01851,State Highway,6.11,0,11.11,3,958.1,25.14,49.4,27.57,1,1,0,0,1,1,0.17341739523423638,Safe
R01852,Village Road,17.84,0,11.72,0,443.6,19.39,79.65,22.53,3,1,0,0,0,1,0.16409155759870703,Safe
R01853,Village Road,17.67,1,4.95,0,1825.3,30.03,152.77,22.26,2,0,0,0,0,1,0.23140809163341972,Safe
R01854,Village Road,15.27,0,9.74,2,1066.6,8.38,129.68,23.66,3,2,0,0,0,1,0.1600681503155861,Safe
R01855,Village Road,11.49,2,11.34,3,1775.9,6.92,73.31,10.64,3,0,1,0,0,1,0.4846334185512141,Moderate
R01856,State Highway,2.84,2,3.82,1,769.5,13.85,170.63,10.13,2,1,1,0,0,1,0.4569559015820714,Moderate
R01857,Village Road,10.87,0,6.73,0,373.2,4.58,71.06,17.85,0,1,0,0,0,1,0.0713076213061582,Safe
R01858,District Road,7.46,2,11.27,1,373.4,10.63,150.26,18.09,3,2,0,0,0,1,0.23204816439549228,Safe
R01859,Village Road,15.95,1,4.83,1,548.0,3.91,171.35,27.97,4,2,0,0,0,1,0.15961704776014693,Safe
R01860,District Road,15.28,0,11.4,2,332.3,18.09,110.05,18.14,3,1,1,0,0,1,0.34259550613504686,Moderate
R01861,Village Road,18.26,1,7.74,0,590.3,32.02,58.93,18.99,2,3,0,0,0,1,0.21112063730991162,Safe
R01862,District Road,0.79,1,3.9,0,1468.6,12.89,18.23,23.74,1,0,1,0,0,1,0.2489105178845425,Safe
R01863,State Highway,16.28,1,7.05,2,678.0,0.17,225.93,24.79,0,1,0,0,0,1,0.23540336909641799,Safe
R01864,District Road,18.8,3,5.94,0,890.2,25.07,86.09,18.33,4,5,0,0,0,1,0.2537301174525977,Moderate
R01865,Village Road,15.89,1,5.54,2,179.2,31.14,65.02,23.95,2,0,0,0,0,1,0.15492214571120552,Safe
R01866,Village Road,3.04,3,7.87,1,2235.9,17.61,117.33,25.45,4,1,0,1,0,0,0.44167000786880223,Moderate
R01867,Highway,2.08,1,7.35,2,388.5,13.36,57.3,16.53,1,1,0,0,0,1,0.13000187484839623,Safe
R01868,State Highway,0.91,0,7.34,0,904.2,22.08,130.32,15.89,1,1,1,0,0,1,0.35759047918961795,Moderate
R01869,Highway,12.76,1,3.79,0,979.7,4.56,50.97,32.26,1,1,0,0,0,1,0.02077829961441313,Safe
R01870,District Road,12.78,0,10.22,1,1941.7,28.98,193.21,26.19,7,0,1,1,0,1,0.6678370391152064,High
R01871,Village Road,19.74,1,7.33,2,1234.7,33.0,177.93,17.78,0,2,1,1,0,1,0.7012985969386288,High
R01872,State Highway,8.26,1,10.39,1,988.2,31.71,76.96,23.77,1,2,0,0,0,1,0.1326753595148368,Safe
R01873,District Road,6.97,1,10.42,0,1754.9,14.79,48.71,27.69,3,0,1,0,0,1,0.32530385894151836,Moderate
R01874,Village Road,12.68,0,5.85,2,1512.7,37.92,177.5,10.57,4,2,0,1,0,1,0.5239158769333712,High
R01875,District Road,16.6,1,3.04,0,241.4,42.61,109.62,33.0,2,2,1,1,0,1,0.5998101373519501,High
R01876,District Road,18.77,0,11.2,3,816.1,13.37,47.36,27.93,2,1,0,0,0,1,0.10480052539889875,Safe
R01877,District Road,16.16,1,9.85,0,2447.6,11.82,55.67,19.81,0,2,0,0,0,1,0.16670066042616466,Safe
R01878,District Road,8.82,2,3.97,1,1234.2,31.68,27.78,33.31,2,2,0,0,0,1,0.13668019211062976,Safe
R01879,State Highway,12.88,3,9.32,0,1089.3,31.87,92.82,11.4,2,4,0,0,0,1,0.25580068643495185,Moderate
R01880,District Road,17.2,0,3.18,1,417.3,22.97,67.04,28.85,0,3,0,0,0,1,0.10668932229022897,Safe
R01881,District Road,10.07,1,3.25,1,2105.7,41.55,93.11,23.16,2,1,0,1,1,1,0.5447566280702147,High
R01882,Village Road,4.73,1,7.73,1,376.6,6.58,17.61,26.62,3,2,0,1,0,1,0.31317411412907414,Moderate
R01883,District Road,3.81,3,3.86,0,307.5,21.48,51.92,21.78,0,0,0,1,0,0,0.3178719874041287,Moderate
R01884,Village Road,0.5,1,11.68,2,1125.6,1.58,35.66,13.68,2,4,0,1,0,1,0.28362570470271664,Moderate
R01885,State Highway,14.51,0,11.04,2,1119.8,2.37,104.17,16.52,1,0,1,0,0,1,0.34077911648817116,Moderate
R01886,District Road,2.67,1,8.85,1,2454.6,2.42,48.86,21.58,1,1,0,0,0,1,0.05625824371252846,Safe
R01887,Highway,5.25,1,3.57,1,362.5,22.13,194.24,32.97,0,1,1,0,0,1,0.4364588344498897,Moderate
R01888,State Highway,6.31,2,5.92,2,1235.4,26.5,78.52,11.71,3,2,0,0,0,1,0.23784343762471916,Safe
R01889,District Road,11.43,2,6.35,0,543.1,0.16,134.01,12.62,6,3,0,0,0,1,0.25421507439773094,Moderate
R01890,Village Road,8.26,0,7.33,3,1769.3,28.46,42.57,13.82,1,0,0,1,0,1,0.34596569945670264,Moderate
R01891,Highway,13.66,3,4.52,0,1009.6,22.04,73.69,25.8,2,5,0,0,0,1,0.21197639571421792,Safe
R01892,District Road,1.58,0,8.2,2,1638.7,10.07,54.31,19.16,2,4,1,0,0,1,0.36211369937935156,Moderate
R01893,Village Road,2.92,3,6.92,1,879.1,0.68,240.31,13.73,3,3,1,0,0,0,0.5067134772967087,High
R01894,State Highway,10.23,2,11.53,1,1433.1,7.02,24.78,13.05,1,0,0,0,0,1,0.2003168646717138,Safe
R01895,District Road,7.07,1,11.43,2,1199.4,27.01,120.42,26.85,1,1,0,0,0,1,0.2627230067958773,Moderate
R01896,District Road,6.27,2,8.09,0,967.2,29.65,48.1,21.56,4,5,0,0,0,1,0.16556457118882653,Safe
R01897,District Road,1.81,0,8.8,2,1366.9,29.12,40.59,31.82,0,1,0,1,0,1,0.3009603086318617,Moderate
R01898,State Highway,17.97,0,4.24,1,990.3,6.89,80.09,20.1,1,1,0,0,0,1,0.10489386283445482,Safe
R01899,State Highway,13.99,0,5.01,0,2024.7,41.0,56.31,26.39,2,4,0,0,0,1,0.18243044397925784,Safe
R01900,Village Road,2.87,0,11.11,1,1263.3,18.49,109.24,29.9,3,2,0,0,0,1,0.17362041261329697,Safe
R01901,District Road,1.77,1,9.29,2,2262.7,34.56,34.93,33.84,2,3,0,0,0,1,0.12754794807873637,Safe
R01902,Highway,19.51,0,4.7,1,595.9,7.49,102.87,31.73,3,1,1,0,0,1,0.3613346075218921,Moderate
R01903,Village Road,13.78,2,8.13,1,324.7,21.18,26.06,29.38,1,2,0,0,0,1,0.14405484992667986,Safe
R01904,Highway,8.64,1,11.41,1,983.4,23.47,204.67,20.32,0,2,0,1,1,1,0.46427924871593285,Moderate
R01905,District Road,14.18,1,6.11,1,500.0,34.67,104.23,34.57,0,0,0,0,0,1,0.2241506735272789,Safe
R01906,State Highway,15.25,1,4.67,2,1013.1,27.97,18.12,16.62,0,2,0,0,0,1,0.163963767227572,Safe
R01907,Village Road,15.71,0,11.48,0,558.2,17.97,126.71,26.53,4,1,1,1,0,1,0.5402286879523068,High
R01908,State Highway,9.82,0,7.15,1,2177.1,12.71,35.01,13.27,1,1,0,0,0,1,0.11702621475114604,Safe
R01909,State Highway,8.88,0,6.76,1,1441.4,43.78,68.49,25.15,3,0,0,1,0,1,0.3622298078402193,Moderate
R01910,Highway,0.72,2,5.41,0,1269.1,12.8,57.4,27.25,2,2,0,0,0,1,0.1004044595462791,Safe
R01911,State Highway,18.57,1,11.02,3,1980.0,5.83,122.28,12.26,2,1,0,0,0,1,0.17105583049852557,Safe
R01912,Village Road,12.26,0,10.61,0,369.4,13.52,77.06,17.37,1,1,1,0,0,1,0.24584531171132545,Safe
R01913,Village Road,4.46,2,6.63,0,2149.7,14.71,53.33,26.04,2,0,1,0,0,1,0.30409673155296346,Moderate
R01914,State Highway,18.43,0,3.28,2,1234.1,5.75,49.69,25.05,2,3,0,0,0,1,0.09724375299625539,Safe
R01915,District Road,18.34,1,7.02,0,384.3,31.87,135.03,26.71,1,1,0,0,0,1,0.2216556361606899,Safe
R01916,District Road,19.79,1,4.63,2,2057.6,27.86,125.22,13.11,2,3,1,0,0,1,0.38266141065172377,Moderate
R01917,Village Road,17.54,2,4.28,2,1178.9,14.25,4.11,22.88,3,0,0,0,0,1,0.14516737842433372,Safe
R01918,District Road,19.96,3,6.54,0,1531.3,44.69,40.48,33.19,1,1,0,0,0,1,0.19841136153935152,Safe
R01919,State Highway,5.27,2,3.89,0,2239.3,29.48,290.61,33.84,2,0,1,1,0,0,0.7003747704754442,High
R01920,District Road,16.92,1,11.62,0,2232.2,31.64,99.32,13.17,0,1,0,1,0,1,0.3507720303976287,Moderate
R01921,District Road,16.55,0,3.43,0,2237.4,25.07,120.53,32.36,1,3,0,0,0,1,0.05712766817245453,Safe
R01922,Highway,5.0,2,6.61,0,1071.4,24.82,61.36,24.41,3,1,0,0,0,1,0.1850875642337488,Safe
R01923,District Road,2.42,1,4.46,2,1886.5,0.9,147.63,28.82,2,1,1,0,0,1,0.3327272916487978,Moderate
R01924,State Highway,19.6,0,9.2,2,621.5,34.69,75.27,13.77,2,2,1,1,0,1,0.5997243605078225,High
R01925,Village Road,6.27,2,3.71,0,2086.4,40.98,52.65,28.45,4,1,1,1,0,0,0.5383026275564209,High
R01926,Highway,17.48,0,7.92,2,887.2,5.5,82.56,11.78,2,1,0,0,1,1,0.19086806195351866,Safe
R01927,District Road,0.58,0,9.96,0,1186.6,35.8,103.82,25.83,1,3,0,0,0,1,0.161486612980802,Safe
R01928,District Road,0.91,3,11.55,2,2233.9,24.04,245.28,26.7,3,2,1,1,0,0,0.7215191896224695,High
R01929,District Road,9.58,1,9.29,0,2024.1,12.84,103.37,26.62,2,1,0,0,0,1,0.11076273113836624,Safe
R01930,Highway,5.15,0,3.9,0,2383.7,41.44,35.17,11.47,2,1,0,1,1,1,0.4602595456557973,Moderate
R01931,District Road,13.95,2,3.8,2,940.5,0.78,55.84,19.6,0,1,0,0,0,1,0.10230766254551883,Safe
R01932,District Road,11.53,2,9.58,1,420.2,12.33,23.05,28.61,4,1,1,0,0,1,0.33882885951352243,Moderate
R01933,District Road,2.01,0,4.94,1,2280.5,39.88,109.83,29.92,3,0,0,1,0,1,0.3953339709137119,Moderate
R01934,District Road,3.67,1,7.03,1,1258.2,21.65,40.51,20.39,0,1,0,0,0,1,0.07603185283992625,Safe
R01935,District Road,8.07,2,11.79,0,2229.0,26.95,27.46,14.05,2,0,1,0,0,1,0.34872257599423084,Moderate
R01936,Village Road,4.12,0,10.38,2,1843.6,33.74,42.59,22.49,2,1,0,0,0,1,0.1425802801405599,Safe
R01937,State Highway,15.95,1,10.62,2,2193.3,6.66,75.16,26.26,1,0,1,0,0,1,0.3657588207648551,Moderate
R01938,Village Road,8.61,0,10.75,0,1654.1,9.68,37.97,33.01,2,1,0,0,0,1,0.10291094713406099,Safe
R01939,District Road,2.32,2,8.58,1,2040.3,44.94,60.16,27.03,4,1,0,0,0,1,0.25260745570216975,Moderate
R01940,Highway,9.94,2,9.7,1,344.8,10.69,290.77,30.57,3,3,1,0,0,1,0.47534232791098646,Moderate
R01941,Highway,2.27,0,6.23,1,2422.3,24.26,94.83,16.62,2,0,0,0,0,1,0.18939621701809944,Safe
R01942,State Highway,3.01,2,11.99,1,493.4,13.44,28.64,30.83,2,2,0,0,1,1,0.25169143964720286,Moderate
R01943,Village Road,5.17,2,5.52,2,110.0,38.31,156.42,25.3,0,0,0,1,0,0,0.5067894320235248,High
R01944,District Road,17.26,0,8.31,3,1350.5,43.28,115.2,23.72,1,1,0,0,1,1,0.30866908933738985,Moderate
R01945,Village Road,18.53,1,5.54,1,1794.2,6.36,153.4,16.67,0,0,1,0,0,1,0.386558386371179,Moderate
R01946,District Road,16.61,0,4.01,1,1805.2,27.03,57.38,15.1,2,1,1,0,0,1,0.3835894716404981,Moderate
R01947,District Road,7.01,3,8.11,2,881.1,36.52,125.18,23.6,6,2,1,0,0,0,0.5203607082569459,High
R01948,Highway,5.81,1,6.18,1,1896.9,37.04,58.62,32.29,1,0,0,0,0,1,0.23539331506255937,Safe
R01949,State Highway,11.21,1,8.25,1,2114.3,19.82,42.61,15.88,2,3,0,0,0,1,0.16706402104509863,Safe
R01950,District Road,14.58,1,8.03,1,1544.5,10.14,113.36,16.97,2,2,1,0,0,1,0.4188575571073863,Moderate
R01951,Highway,19.87,1,7.88,2,995.7,17.42,84.49,33.7,1,0,0,1,0,1,0.38788703210647013,Moderate
R01952,State Highway,3.07,2,4.11,1,1553.3,33.8,69.22,10.67,3,0,0,1,0,0,0.4160037402302618,Moderate
R01953,District Road,1.46,1,6.96,0,2162.5,44.72,38.45,22.13,2,2,0,0,0,1,0.0911214320895883,Safe
R01954,District Road,14.04,3,10.31,1,2256.2,24.94,96.28,23.22,2,4,1,0,0,0,0.4559571749994757,Moderate
R01955,Village Road,16.73,1,5.84,2,127.2,8.78,103.23,26.89,1,1,0,0,0,1,0.06102916135611271,Safe
R01956,Village Road,17.0,0,6.99,2,349.9,1.89,88.24,14.85,1,0,0,0,0,1,0.09795924471306706,Safe
R01957,District Road,13.73,3,7.44,2,61.1,42.47,40.41,24.29,3,1,0,0,0,1,0.295173336384708,Moderate
R01958,District Road,19.1,1,10.76,2,1256.5,21.74,17.56,12.74,0,0,0,0,0,1,0.1717591447569724,Safe
R01959,District Road,10.46,1,8.9,0,1119.2,32.25,62.98,16.68,2,4,0,1,0,1,0.3307045532566578,Moderate
R01960,Village Road,18.32,3,3.9,1,1387.2,29.71,36.29,10.38,2,2,0,0,0,1,0.18822128907260174,Safe
R01961,Highway,19.37,0,10.79,0,1724.9,40.09,332.74,21.34,1,0,1,1,0,1,0.7563340260959701,Critical
R01962,District Road,17.02,1,10.49,2,946.2,11.97,50.22,14.38,3,2,1,0,0,1,0.34754543325028187,Moderate
R01963,Village Road,6.54,0,9.78,0,561.0,19.88,123.38,12.42,3,1,1,1,0,1,0.5572391702304398,High
R01964,State Highway,4.33,1,7.19,2,1017.3,41.11,15.17,18.61,1,1,0,0,0,1,0.22372379490977373,Safe
R01965,District Road,11.19,2,9.82,2,72.1,26.35,109.41,11.98,0,3,1,1,0,0,0.6662917524065849,High
R01966,District Road,9.33,3,7.31,2,2082.1,3.21,114.48,26.61,5,5,0,0,0,1,0.2163052007874345,Safe
R01967,State Highway,17.62,1,9.63,2,990.1,8.75,94.9,15.02,2,3,0,1,0,1,0.34135507893832256,Moderate
R01968,State Highway,2.45,2,10.92,1,1575.8,10.67,123.36,27.76,2,0,0,0,0,1,0.16525008110946265,Safe
R01969,State Highway,5.53,3,11.01,1,845.6,44.72,70.75,31.0,1,2,0,0,0,1,0.371777809472799,Moderate
R01970,Highway,15.16,1,7.09,1,1556.3,10.09,69.07,28.53,3,2,0,0,0,1,0.15457955886344993,Safe
R01971,Highway,2.35,0,10.73,0,1374.1,39.14,96.59,29.07,3,1,0,1,0,1,0.4019963758945204,Moderate
R01972,Village Road,6.75,1,3.91,0,561.0,3.51,73.38,26.09,0,1,1,0,0,1,0.2749417987542301,Moderate
R01973,State Highway,8.05,3,3.92,0,1582.0,8.18,58.16,19.41,4,2,0,0,0,1,0.16763505022452024,Safe
R01974,District Road,12.64,3,7.93,3,318.6,39.24,29.06,18.71,4,1,0,0,0,1,0.33550606068922173,Moderate
R01975,State Highway,3.58,1,8.87,0,1228.7,40.45,117.37,24.22,3,1,0,0,0,1,0.1811279892052945,Safe
R01976,Village Road,17.28,2,4.38,2,1813.7,7.93,128.09,16.2,1,3,0,1,0,0,0.38537390461963533,Moderate
R01977,State Highway,9.23,0,7.25,0,1395.2,10.34,43.53,18.62,2,2,0,0,0,1,0.06765137961072208,Safe
R01978,District Road,18.38,0,3.85,3,1878.4,23.88,102.57,13.88,2,0,0,1,0,1,0.34097162906425404,Moderate
R01979,Village Road,9.62,3,8.42,1,719.2,2.37,62.9,29.5,0,1,0,0,1,0,0.23734261667913836,Safe
R01980,Village Road,5.86,0,10.7,1,169.6,42.54,79.12,28.39,3,2,1,0,0,1,0.38894011185044314,Moderate
R01981,State Highway,3.27,0,9.64,1,187.1,16.29,45.92,22.58,4,2,0,0,0,1,0.08145921736055352,Safe
R01982,Village Road,0.57,1,6.4,2,708.4,22.02,47.5,19.24,1,0,0,0,0,1,0.1804917819053701,Safe
R01983,District Road,10.88,1,11.94,0,1048.8,4.73,163.46,27.42,1,1,1,0,0,1,0.3321840161285463,Moderate
R01984,District Road,2.59,1,8.97,2,1366.9,1.46,31.22,12.12,0,1,0,0,0,1,0.16126370628789194,Safe
R01985,Highway,8.14,0,10.34,2,1906.3,21.05,166.32,11.19,0,1,0,0,0,1,0.3110581086190154,Moderate
R01986,Highway,11.99,3,9.03,0,2107.0,5.48,94.41,27.49,0,3,1,0,0,0,0.415277592552601,Moderate
R01987,District Road,5.88,3,11.9,0,1749.5,28.36,45.34,23.75,2,4,0,0,0,1,0.2679711539112526,Moderate
R01988,District Road,3.92,1,10.39,2,1184.9,35.75,158.57,28.33,1,2,1,1,0,1,0.580600107022249,High
R01989,District Road,15.61,1,7.67,0,698.0,1.43,12.46,16.99,0,1,0,1,0,1,0.20580846133275835,Safe
R01990,District Road,18.96,2,6.3,2,1098.1,27.55,97.1,12.71,1,1,0,1,0,0,0.48216485357323813,Moderate
R01991,Village Road,2.46,1,9.14,0,719.8,36.7,53.18,20.75,3,1,0,0,0,1,0.16822356456330173,Safe
R01992,State Highway,3.53,1,8.31,1,1579.9,19.77,24.92,20.67,1,2,0,0,0,1,0.10779836654834499,Safe
R01993,District Road,19.22,1,8.66,2,2054.6,43.19,64.66,28.98,1,1,1,0,0,1,0.41448644373963434,Moderate
R01994,Highway,1.24,0,6.09,2,1319.6,5.0,112.87,13.05,2,0,0,0,1,1,0.18922615927602926,Safe
R01995,Village Road,19.56,0,6.86,1,162.3,14.53,28.23,33.65,3,0,0,0,0,1,0.0898306037291823,Safe
R01996,District Road,0.59,1,8.02,2,2352.4,10.35,178.4,11.4,1,1,0,1,0,1,0.5032684013853909,High
R01997,Village Road,17.54,1,10.55,2,771.0,44.83,174.83,17.82,3,1,1,0,0,1,0.5377931602532819,High
R01998,Highway,6.49,2,9.87,1,2290.6,13.24,246.06,27.58,0,0,0,0,0,1,0.353220941181934,Moderate
R01999,Highway,18.8,2,4.07,1,2042.0,17.46,38.83,27.94,1,0,0,0,0,1,0.17328078264379068,Safe
R02000,State Highway,6.68,1,5.21,1,1062.2,38.14,127.37,24.18,2,2,1,1,0,1,0.5681253408489096,High
R02001,State Highway,13.26,2,3.24,3,188.9,41.85,42.13,11.77,2,1,0,0,0,1,0.1861527230943773,Safe
R02002,State Highway,2.06,0,3.07,2,2371.9,42.2,65.27,31.41,2,2,0,0,0,1,0.07882401891280591,Safe
R02003,Village Road,5.23,1,5.02,0,1664.7,25.12,197.34,25.87,1,0,0,0,0,1,0.30755934186788864,Moderate
R02004,State Highway,15.59,2,10.19,0,661.7,29.85,45.78,28.97,2,2,0,0,0,1,0.16067584231948817,Safe
R02005,State Highway,10.81,1,11.14,3,1357.2,15.71,141.39,19.66,1,1,1,0,0,1,0.46382732265577997,Moderate
R02006,Village Road,18.6,1,6.53,0,1606.7,27.32,21.95,16.08,0,1,0,0,0,1,0.08911297895894173,Safe
R02007,District Road,8.86,1,8.07,3,605.3,13.62,142.08,28.0,1,2,1,0,0,1,0.42894279182235484,Moderate
R02008,Village Road,17.46,3,9.35,1,279.2,33.57,139.33,30.39,3,0,1,0,0,0,0.4943267677829657,Moderate
R02009,Highway,9.25,1,11.58,0,705.3,13.82,22.29,30.31,1,2,0,0,1,1,0.18696416589932754,Safe
R02010,District Road,19.6,2,11.22,1,166.6,39.57,53.92,27.93,4,0,1,0,0,1,0.38690983206847,Moderate
R02011,Highway,19.22,3,3.51,1,221.5,6.46,153.25,13.47,2,3,1,0,0,0,0.3758517623040008,Moderate
R02012,Highway,6.92,2,5.23,2,433.6,25.73,66.84,15.54,5,1,0,1,0,0,0.43103596623011337,Moderate
R02013,Village Road,17.78,1,3.44,1,438.1,23.43,13.15,22.51,1,1,0,0,0,1,0.11024909828798253,Safe
R02014,Highway,17.03,0,8.55,1,657.5,11.87,67.04,22.68,3,1,0,0,0,1,0.07877443145949792,Safe
R02015,District Road,4.61,1,9.39,3,2346.7,1.26,170.94,22.21,2,3,1,1,0,1,0.5627767380839618,High
R02016,District Road,12.67,1,5.77,0,1460.8,6.68,37.95,30.65,1,0,0,0,0,1,0.05272336762297279,Safe
R02017,State Highway,1.92,2,10.68,1,1085.1,43.56,38.36,13.13,1,1,0,1,0,0,0.4682934551208321,Moderate
R02018,Village Road,16.82,1,7.08,1,1431.3,42.36,148.66,29.81,3,0,0,0,0,1,0.2270326525131221,Safe
R02019,Highway,3.9,3,11.99,0,64.0,5.37,60.1,10.56,1,0,0,0,0,1,0.23092698187193048,Safe
R02020,District Road,1.88,0,3.0,0,2242.1,16.87,155.42,18.08,3,0,1,0,1,1,0.3330754450100314,Moderate
R02021,Village Road,8.3,2,3.99,1,1354.2,20.93,192.97,14.91,1,3,1,1,0,0,0.6238007777079526,High
R02022,District Road,11.75,1,5.72,0,1156.5,21.51,31.1,23.17,3,0,0,0,1,1,0.24998040025974838,Safe
R02023,Village Road,17.17,1,3.23,1,2356.9,13.45,64.88,23.1,0,1,0,1,0,1,0.3242938962346348,Moderate
R02024,Highway,19.5,2,10.04,1,1839.5,41.08,96.46,22.66,2,2,0,1,0,0,0.3989765663172197,Moderate
R02025,District Road,9.07,0,3.47,2,876.7,40.88,54.97,17.22,2,1,0,0,0,1,0.19791486545214781,Safe
R02026,State Highway,1.68,0,9.74,1,2343.6,0.85,123.57,23.05,0,4,1,0,0,1,0.32630207273892786,Moderate
R02027,District Road,15.11,1,3.47,1,2137.4,29.25,77.4,27.64,2,1,0,1,0,1,0.3773501771235079,Moderate
R02028,Village Road,11.52,1,5.27,0,2388.6,3.35,25.63,19.84,1,4,0,0,0,1,0.015292439083359838,Safe
R02029,State Highway,9.23,2,10.57,0,285.7,26.89,28.44,33.22,0,2,0,0,0,1,0.13695913075072952,Safe
R02030,District Road,6.53,3,11.56,1,2390.4,39.01,16.62,11.71,2,2,0,0,0,1,0.16053153054478028,Safe
R02031,State Highway,10.3,0,6.73,3,1380.1,29.23,68.47,34.68,2,1,0,1,0,1,0.34195991307256474,Moderate
R02032,District Road,7.1,1,11.73,0,1696.9,21.1,17.88,29.03,2,3,0,0,1,1,0.21379578994132614,Safe
R02033,District Road,15.26,1,8.64,1,570.0,43.11,83.49,24.83,1,1,0,0,0,1,0.2885178837935403,Moderate
R02034,Village Road,11.11,3,6.74,2,394.0,33.6,32.82,15.08,1,3,0,0,0,1,0.241256580492064,Safe
R02035,District Road,17.6,3,10.23,2,244.5,11.22,124.06,25.68,1,1,1,0,0,0,0.4632691945589096,Moderate
R02036,State Highway,11.1,2,5.66,3,1084.7,17.41,54.95,30.05,2,1,0,0,0,1,0.14272817748059857,Safe
R02037,Highway,5.15,1,5.39,0,592.3,34.19,86.51,16.34,3,0,0,1,0,1,0.38410536320883987,Moderate
R02038,State Highway,17.1,0,8.91,0,250.0,0.87,53.53,11.0,5,1,0,1,0,1,0.310056761270393,Moderate
R02039,State Highway,11.37,1,6.51,1,2389.9,2.88,52.47,21.07,4,3,0,0,0,1,0.0687261486948644,Safe
R02040,State Highway,4.53,1,4.22,0,1846.8,38.67,90.1,17.61,1,3,0,0,0,1,0.1744410379374341,Safe
R02041,Village Road,12.66,2,3.6,1,1318.7,1.93,12.15,17.15,2,2,0,0,1,1,0.2702079601775565,Moderate
R02042,District Road,7.48,1,10.09,2,1871.2,30.53,90.93,28.12,1,0,1,0,0,1,0.34039364509098907,Moderate
R02043,District Road,16.97,2,9.08,2,1548.1,14.35,192.12,13.7,1,1,1,0,0,1,0.4848780758072166,Moderate
R02044,Highway,9.34,1,6.71,0,486.2,37.17,165.75,26.27,2,0,0,0,0,1,0.2282322690206113,Safe
R02045,Village Road,14.67,2,11.07,0,1601.9,38.13,72.15,11.53,5,1,0,0,0,1,0.18454140347681447,Safe
R02046,District Road,2.36,0,6.7,3,1718.5,42.9,107.2,33.0,7,1,0,0,0,1,0.24624738543237826,Safe
R02047,Highway,8.22,0,9.39,1,631.8,4.3,136.37,24.65,2,2,0,0,0,1,0.14525053387598422,Safe
R02048,District Road,19.67,0,11.18,3,834.4,19.03,71.35,33.27,3,2,0,0,0,1,0.14656638582713724,Safe
R02049,District Road,16.26,2,10.57,2,989.1,25.83,58.98,31.7,1,0,0,1,0,0,0.4601710627967271,Moderate
R02050,Highway,3.62,0,7.6,3,1526.2,41.22,89.65,31.75,2,4,1,0,0,1,0.37768799347977866,Moderate
R02051,District Road,5.92,2,9.13,2,360.7,11.99,41.89,12.99,3,1,0,0,0,1,0.11906967521443027,Safe
R02052,District Road,6.93,0,6.72,1,1871.5,3.22,97.66,27.4,2,0,0,0,0,1,0.1183517212086621,Safe
R02053,State Highway,13.18,1,8.82,2,897.8,9.08,55.77,20.01,0,1,1,0,0,1,0.33967511064634076,Moderate
R02054,Village Road,15.26,3,5.32,1,1744.8,22.3,171.19,21.48,1,6,0,0,0,1,0.2845360068155176,Moderate
R02055,Village Road,15.12,1,6.91,0,2335.6,30.65,40.91,16.98,2,1,0,0,0,1,0.14067236429016075,Safe
R02056,District Road,10.44,0,4.89,0,2181.2,31.08,78.62,13.5,4,2,1,1,0,1,0.5972700440160736,High
R02057,District Road,16.31,0,3.34,1,1857.1,3.36,161.56,17.66,2,2,0,1,0,1,0.3504683857556819,Moderate
R02058,District Road,9.02,3,8.3,0,523.7,34.26,8.64,23.74,3,3,0,0,0,1,0.22918628577920908,Safe
R02059,District Road,2.92,1,10.78,0,1843.6,29.71,53.32,20.25,2,0,0,0,0,1,0.08241509056412194,Safe
R02060,District Road,11.51,1,3.23,1,1607.7,18.34,213.5,27.6,1,2,1,0,0,1,0.5546992058678809,High
R02061,Highway,19.07,1,4.76,3,1942.7,25.7,316.86,30.98,1,3,1,0,1,1,0.5792118359326706,High
R02062,District Road,15.96,1,7.14,1,2178.6,34.55,86.71,15.27,1,0,1,0,0,1,0.4143059405840538,Moderate
R02063,Village Road,11.78,0,8.99,1,813.1,11.79,95.08,11.41,1,2,0,0,0,1,0.08232455783056303,Safe
R02064,District Road,13.11,1,4.54,0,1628.5,42.3,24.87,34.77,0,1,0,0,0,1,0.1763024184461351,Safe
R02065,Highway,18.65,2,3.51,0,724.1,6.2,158.98,32.07,2,4,1,0,1,0,0.45703939707737234,Moderate
R02066,Village Road,8.85,0,7.67,2,898.4,40.6,158.55,16.63,4,1,1,0,0,1,0.4007653382347906,Moderate
R02067,State Highway,6.96,2,10.37,2,1325.6,33.34,23.16,14.07,0,3,0,1,1,0,0.46597672819596503,Moderate
R02068,State Highway,19.56,2,3.32,1,1113.7,29.72,100.29,33.78,1,1,0,0,1,1,0.35293007193019055,Moderate
R02069,State Highway,17.34,3,6.14,1,1521.5,3.73,67.7,15.81,2,1,1,0,0,0,0.3948022828213993,Moderate
R02070,State Highway,6.8,0,8.97,2,1909.0,41.36,156.34,15.55,3,0,0,0,0,1,0.26585272164106394,Moderate
R02071,Village Road,9.54,0,4.18,0,1532.3,13.29,124.11,12.75,0,0,1,0,0,1,0.2718787650681695,Moderate
R02072,District Road,8.59,2,5.12,1,2426.0,33.55,53.44,17.2,1,0,0,1,0,0,0.4188756782308966,Moderate
R02073,State Highway,3.41,0,7.82,2,1858.4,39.82,38.07,31.03,1,1,0,0,0,1,0.19473381390423578,Safe
R02074,Village Road,19.18,0,11.58,2,2463.3,10.99,58.24,24.25,1,3,0,0,0,1,0.023984047147804236,Safe
R02075,Village Road,8.38,2,5.59,0,1871.4,41.16,111.09,12.3,1,4,0,1,1,0,0.53526535052485,High
R02076,Village Road,17.57,0,7.39,0,1294.4,27.54,118.02,34.19,2,3,0,0,0,1,0.18362151886070743,Safe
R02077,State Highway,4.19,1,6.6,2,1057.0,29.66,12.68,23.49,3,2,1,0,0,1,0.40012766607368605,Moderate
R02078,District Road,11.18,1,11.08,0,1852.4,41.15,313.29,20.42,1,0,1,0,0,1,0.656908935803041,High
R02079,Village Road,0.97,2,3.65,2,1733.5,23.7,39.9,29.61,3,0,0,0,1,1,0.29992942552720486,Moderate
R02080,Village Road,15.4,0,8.1,0,1688.5,19.83,6.18,24.01,2,4,0,0,1,1,0.13656566060825273,Safe
R02081,Highway,11.83,2,10.62,0,1818.4,28.5,209.2,32.39,2,0,1,0,0,1,0.46814747002606466,Moderate
R02082,Highway,12.7,1,11.89,0,2186.8,24.93,120.92,27.56,2,1,0,0,0,1,0.1410226975870285,Safe
R02083,District Road,1.51,1,9.29,3,608.0,2.77,21.96,26.71,2,5,0,0,0,1,0.14910826762022825,Safe
R02084,Village Road,4.62,0,6.42,2,1434.0,8.12,69.12,18.44,3,2,0,0,0,1,0.10731002762874967,Safe
R02085,District Road,1.95,0,6.71,2,1528.1,0.61,49.08,34.75,2,3,0,0,0,1,0.06696884168135757,Safe
R02086,District Road,6.13,1,6.17,1,767.5,4.87,126.47,26.3,1,2,1,0,0,1,0.37608525575017854,Moderate
R02087,Highway,12.74,1,8.43,2,2470.5,32.84,76.27,21.05,3,3,0,1,0,1,0.3930561991387176,Moderate
R02088,District Road,11.54,3,9.65,2,1974.6,0.21,35.94,13.69,1,1,0,0,0,1,0.14880702096532317,Safe
R02089,Village Road,12.44,1,10.38,1,837.1,13.7,72.92,23.89,2,3,0,0,0,1,0.16557397821279,Safe
R02090,State Highway,11.21,1,6.75,3,928.2,20.22,56.66,26.66,3,0,0,0,0,1,0.19432329148788452,Safe
R02091,Village Road,5.82,1,9.45,2,1809.7,42.2,123.92,19.29,2,2,0,1,1,1,0.5608451403783753,High
R02092,Village Road,5.27,2,11.25,3,78.2,14.72,157.91,11.61,3,3,0,0,0,1,0.3153283748612727,Moderate
R02093,State Highway,3.17,1,11.29,2,1186.9,35.24,68.14,29.96,2,3,0,0,0,1,0.16800179963265355,Safe
R02094,District Road,17.06,0,9.34,2,890.6,18.39,30.54,26.35,3,4,0,0,0,1,0.14617011949410721,Safe
R02095,State Highway,12.52,2,8.73,3,2142.3,4.43,53.11,27.11,2,2,0,1,0,0,0.4730516599799198,Moderate
R02096,Village Road,4.14,1,7.78,1,1988.7,4.45,134.0,16.13,4,2,1,0,0,1,0.3637452175598962,Moderate
R02097,District Road,3.96,1,4.65,2,863.6,19.46,73.84,13.27,0,2,1,1,0,1,0.5533415075664551,High
R02098,District Road,17.52,1,4.11,0,2168.8,2.6,145.52,21.3,4,1,0,0,0,1,0.18712249402025777,Safe
R02099,Village Road,14.98,2,7.37,2,2288.3,25.72,31.44,16.03,3,0,0,0,0,1,0.1774480769205073,Safe
R02100,State Highway,13.36,0,4.43,2,1403.5,22.21,80.51,29.52,1,3,1,0,0,1,0.30059685676207903,Moderate
R02101,Village Road,8.43,0,8.19,2,440.1,31.61,45.82,23.3,1,1,0,0,1,1,0.13060392517233693,Safe
R02102,District Road,5.61,2,8.81,2,1937.3,8.35,48.4,13.3,3,2,0,0,0,1,0.11112154944188693,Safe
R02103,State Highway,19.6,0,7.73,1,832.4,26.68,92.13,14.91,2,3,0,0,0,1,0.12848833987488148,Safe
R02104,District Road,16.05,2,3.33,1,1341.8,7.85,64.38,32.17,1,0,0,0,0,1,0.1091564199970692,Safe
R02105,Village Road,6.38,0,3.52,0,161.7,32.5,21.82,25.79,2,2,0,0,0,1,0.14330387038897272,Safe
R02106,State Highway,17.03,1,4.02,0,1275.2,13.82,77.11,20.01,1,2,0,0,0,1,0.12577442786460905,Safe
R02107,Village Road,15.3,0,4.38,1,981.6,27.65,146.7,28.02,1,1,0,1,0,1,0.3480721170889513,Moderate
R02108,Village Road,6.29,1,11.91,1,1730.9,39.72,45.08,30.22,1,1,0,0,0,1,0.15361219199977202,Safe
R02109,State Highway,8.82,1,6.1,0,149.9,21.97,35.0,12.86,2,0,0,0,0,1,0.12738470828975787,Safe
R02110,Village Road,4.13,0,5.63,0,1581.1,8.65,34.59,31.05,4,2,1,1,0,1,0.40248739339978995,Moderate
R02111,Highway,2.67,1,3.47,1,1941.3,39.88,88.41,33.66,0,2,0,1,0,1,0.39344322288297257,Moderate
R02112,State Highway,14.59,3,8.72,2,81.3,16.14,36.61,12.25,1,3,0,0,1,0,0.23935174865438205,Safe
R02113,State Highway,5.72,1,8.87,1,1887.4,32.86,106.71,18.1,4,1,0,0,1,1,0.4095651283243903,Moderate
R02114,Village Road,16.49,2,4.58,0,369.0,14.4,57.01,14.2,1,2,0,0,0,1,0.16318926366225084,Safe
R02115,District Road,19.91,3,11.27,2,1760.2,13.42,35.48,20.75,3,2,0,0,0,1,0.1932599243749381,Safe
R02116,State Highway,1.99,3,10.2,0,1165.4,28.89,51.44,15.5,2,1,1,1,0,0,0.6058192025353818,High
R02117,District Road,9.72,2,5.07,2,1402.4,7.03,21.68,19.06,0,2,0,0,0,1,0.15510217833211437,Safe
R02118,District Road,16.14,0,7.37,0,876.5,39.01,132.72,16.05,0,4,1,1,0,1,0.6440880199272923,High
R02119,Highway,15.88,3,7.13,3,651.4,17.44,87.12,10.09,0,1,0,0,0,1,0.20338844338682116,Safe
R02120,Village Road,15.32,2,6.14,0,224.1,0.87,103.94,10.48,0,2,1,0,0,1,0.3987293097556422,Moderate
R02121,Village Road,7.31,2,10.36,2,2168.5,13.74,154.67,22.87,2,1,0,0,0,1,0.26850579720029305,Moderate
R02122,District Road,9.35,0,3.98,1,1545.6,35.32,119.9,22.84,0,1,0,0,0,1,0.15240562329339313,Safe
R02123,Village Road,12.1,3,6.74,0,2457.9,38.67,130.45,10.9,0,2,0,1,0,0,0.4903222954932588,Moderate
R02124,District Road,19.49,2,6.85,0,2133.6,25.55,187.13,27.49,0,0,1,1,0,0,0.6273824943950695,High
R02125,Village Road,6.89,2,7.22,1,2180.6,13.23,120.3,10.67,1,2,1,1,0,0,0.5918627402873624,High
R02126,District Road,18.5,0,10.75,2,1514.7,23.75,24.24,22.16,4,3,1,0,0,1,0.3189908160779746,Moderate
R02127,District Road,5.75,0,4.96,0,248.3,37.64,115.43,19.88,1,2,0,1,1,1,0.5416025678018966,High
R02128,State Highway,19.79,3,3.93,2,2287.8,14.22,108.87,32.08,2,0,1,0,0,0,0.44124622347459774,Moderate
R02129,Village Road,13.57,1,8.56,2,338.8,17.34,47.14,24.41,1,1,1,0,0,1,0.35240534027100034,Moderate
R02130,District Road,9.54,1,4.56,0,1317.0,24.29,38.79,30.56,0,1,0,0,0,1,0.16224897198552302,Safe
R02131,State Highway,12.46,2,3.67,0,2149.3,39.92,64.03,34.96,2,0,0,0,0,1,0.1951779581932834,Safe
R02132,Highway,5.81,0,6.84,3,1207.4,26.2,92.9,14.44,1,2,1,0,0,1,0.47582261353465644,Moderate
R02133,District Road,5.85,1,4.98,1,455.9,9.34,93.48,11.57,1,0,0,0,0,1,0.14293281869023702,Safe
R02134,District Road,2.71,1,6.25,0,964.3,4.01,136.0,29.36,0,1,1,1,0,1,0.5537120005563769,High
R02135,District Road,2.72,0,5.34,2,2471.5,4.28,87.35,25.79,2,0,0,1,0,1,0.28450772978912997,Moderate
R02136,Village Road,7.28,0,3.83,0,2499.4,42.76,88.12,25.85,3,3,1,1,0,1,0.5517017993108256,High
R02137,Highway,15.38,0,8.04,1,1791.5,37.01,152.37,17.91,2,3,1,0,0,1,0.44886679363579846,Moderate
R02138,District Road,12.36,0,3.24,0,2225.6,34.46,135.16,12.56,1,0,0,1,0,1,0.41407387470410684,Moderate
R02139,State Highway,2.5,1,11.7,3,158.3,22.34,111.62,28.03,2,3,1,0,0,1,0.3291099589329338,Moderate
R02140,Village Road,17.12,3,6.07,1,726.1,30.26,91.17,23.58,2,2,0,0,0,1,0.2448715642559484,Safe
R02141,Village Road,12.23,1,9.26,3,954.0,5.73,75.33,22.54,1,3,1,1,0,1,0.5216407820788811,High
R02142,District Road,19.24,0,10.29,1,79.4,27.94,49.67,28.4,1,2,0,0,0,1,0.10480665372944631,Safe
R02143,District Road,13.57,0,5.51,1,973.6,36.49,36.32,34.72,4,2,0,0,0,1,0.12759081891577,Safe
R02144,State Highway,3.92,2,9.74,3,277.9,2.8,83.34,28.51,4,1,0,0,0,1,0.1395930259539076,Safe
R02145,District Road,9.74,3,10.49,1,1317.7,13.33,25.53,33.36,0,0,0,0,0,1,0.17359941546075908,Safe
R02146,Village Road,13.15,0,5.17,1,60.8,4.96,15.16,19.96,2,0,0,0,0,1,0.02393132841695475,Safe
R02147,District Road,1.05,0,11.93,0,712.6,11.71,93.42,32.45,1,1,1,0,0,1,0.30161406233678434,Moderate
R02148,State Highway,0.79,1,3.19,3,2172.4,34.76,55.49,28.18,2,1,0,0,0,1,0.18096553232398796,Safe
R02149,District Road,3.02,2,4.95,0,572.0,14.94,33.71,19.29,1,1,0,1,1,0,0.5105066574715619,High
R02150,Village Road,5.41,1,10.02,2,208.9,31.04,145.63,22.72,2,2,1,0,0,1,0.4360861142548127,Moderate
R02151,State Highway,8.88,1,4.75,1,661.8,34.8,83.29,15.06,3,2,0,1,0,1,0.41205409549297367,Moderate
R02152,State Highway,10.01,2,9.28,0,2077.5,36.75,180.13,12.03,2,0,1,1,0,0,0.6863608631421128,High
R02153,District Road,3.19,3,10.7,0,1488.6,39.3,93.16,21.69,2,1,0,0,0,1,0.2581503784390865,Moderate
R02154,Village Road,13.63,0,11.63,3,1485.9,26.89,25.09,34.83,2,3,0,0,0,1,0.15541352477543396,Safe
R02155,Highway,12.12,3,7.27,2,51.4,12.63,22.06,31.76,4,0,0,0,0,1,0.2042948521960776,Safe
R02156,State Highway,6.24,1,11.74,2,1206.8,6.78,53.04,10.42,3,2,0,0,0,1,0.07612749701207369,Safe
R02157,Highway,0.77,2,6.7,1,700.8,22.67,40.05,34.25,2,0,0,0,0,1,0.16757118493689227,Safe
R02158,State Highway,2.01,1,4.96,0,873.7,4.66,87.74,21.72,3,2,0,0,0,1,0.17978091586359649,Safe
R02159,District Road,8.14,1,7.63,2,1516.8,40.98,117.93,14.47,2,1,0,0,0,1,0.3188883904516084,Moderate
R02160,District Road,3.5,1,8.85,1,2192.1,19.91,102.41,32.87,3,1,0,0,0,1,0.14640257971213694,Safe
R02161,District Road,7.85,1,7.12,2,495.1,39.28,99.92,33.12,3,1,0,1,0,1,0.48615718231467836,Moderate
R02162,District Road,12.75,0,8.1,1,1932.1,31.92,189.67,31.17,0,0,1,0,0,1,0.4404811387076624,Moderate
R02163,State Highway,11.17,1,6.75,3,169.8,38.57,13.6,25.53,4,1,0,0,0,1,0.1671662967695856,Safe
R02164,Village Road,5.01,1,7.72,0,850.5,39.78,173.79,15.91,1,3,1,0,0,1,0.45721073555306163,Moderate
R02165,District Road,7.2,0,11.57,0,586.3,2.4,79.29,16.02,4,2,0,0,0,1,0.027138390939914173,Safe
R02166,Village Road,12.47,3,7.5,3,2293.2,32.64,90.98,34.14,0,4,0,0,0,1,0.28549240612011967,Moderate
R02167,District Road,17.29,0,5.28,1,486.1,10.19,82.03,16.97,1,3,0,0,0,1,0.14927721136706398,Safe
R02168,Highway,15.19,1,9.83,1,1467.6,44.52,87.2,20.56,1,0,1,0,0,1,0.38169980026503825,Moderate
R02169,District Road,11.29,0,6.04,2,453.7,35.03,196.3,28.82,2,1,1,0,0,1,0.3549775940554371,Moderate
R02170,State Highway,7.56,1,10.35,1,1210.0,0.17,159.3,30.59,1,1,1,0,0,1,0.31246766920617863,Moderate
R02171,District Road,7.62,0,3.51,0,1062.8,41.73,192.16,20.28,4,0,1,0,0,1,0.4182508119925701,Moderate
R02172,Highway,17.65,1,5.99,2,151.3,13.15,121.22,19.89,0,2,0,1,0,1,0.4309324430785973,Moderate
R02173,State Highway,1.27,0,3.85,0,2073.4,18.75,31.63,18.92,0,1,0,0,0,1,0.05596463204239065,Safe
R02174,Village Road,19.77,0,3.77,0,1961.3,27.55,75.94,19.71,2,0,0,0,0,1,0.1096248501438985,Safe
R02175,State Highway,13.46,2,8.93,0,730.8,41.23,114.07,28.96,1,1,0,0,0,1,0.2437628052458317,Safe
R02176,Village Road,13.78,1,6.47,1,1554.3,41.73,66.45,11.55,1,1,0,1,0,1,0.44131799891839085,Moderate
R02177,State Highway,1.24,0,10.84,0,938.5,25.36,304.4,30.0,2,1,1,0,0,1,0.5118129739165932,High
R02178,District Road,12.31,0,7.65,2,1934.6,14.25,112.12,15.37,1,5,1,0,0,1,0.2978940279318015,Moderate
R02179,District Road,9.95,2,5.66,1,1746.6,12.56,56.56,14.04,1,0,0,0,1,1,0.2983763341549967,Moderate
R02180,District Road,2.56,0,9.49,0,271.6,16.4,127.93,13.02,3,2,0,0,0,1,0.06326231964163785,Safe
R02181,State Highway,5.92,3,8.62,2,2118.3,8.12,41.68,15.89,0,6,0,0,0,1,0.16448052838572425,Safe
R02182,State Highway,17.86,1,10.2,2,489.6,30.14,93.71,30.85,2,2,1,1,0,1,0.5611832701821515,High
R02183,Highway,11.22,0,8.79,1,476.6,23.75,109.21,23.45,1,2,1,0,0,1,0.3543362563958778,Moderate
R02184,State Highway,8.56,2,4.5,0,1847.7,34.81,191.77,16.72,0,1,1,1,0,0,0.6160581020517407,High
R02185,District Road,1.92,2,9.03,0,499.0,4.24,185.16,14.65,0,3,0,0,0,1,0.20250271859942534,Safe
R02186,Village Road,14.43,1,6.52,2,349.9,18.0,115.05,29.24,1,1,1,0,0,1,0.43518923762727113,Moderate
R02187,Village Road,14.21,1,7.17,0,872.2,10.79,23.53,22.64,2,1,0,0,0,1,0.076753724721404,Safe
R02188,Village Road,12.47,1,11.29,0,2104.8,24.08,69.98,13.01,3,3,0,0,0,1,0.17710839997013164,Safe
R02189,Village Road,10.45,3,6.24,1,483.2,21.07,65.83,19.38,3,2,0,0,0,1,0.1982136255433058,Safe
R02190,District Road,8.96,1,8.51,0,880.7,20.23,49.45,21.12,2,1,1,0,0,1,0.2756361743017263,Moderate
R02191,State Highway,12.07,0,6.27,3,751.3,14.2,51.44,18.85,3,0,0,0,0,1,0.12894697284553808,Safe
R02192,Village Road,5.05,0,3.85,2,922.3,32.71,131.28,16.63,1,0,1,0,0,1,0.417224351662511,Moderate
R02193,District Road,18.85,0,7.08,1,1800.0,21.67,156.19,18.23,3,1,1,0,0,1,0.43280286624123415,Moderate
R02194,District Road,11.98,0,8.37,2,1043.4,9.1,100.94,28.47,4,4,0,1,0,1,0.3371446353668916,Moderate
R02195,Highway,6.57,0,6.67,1,1911.0,24.64,82.9,33.83,0,2,0,0,0,1,0.17953568044681406,Safe
R02196,District Road,9.27,1,6.52,2,1619.0,26.85,218.47,10.65,1,1,1,1,0,1,0.6202508228314872,High
R02197,District Road,16.21,0,10.38,1,934.7,0.96,94.08,25.67,2,1,0,0,0,1,0.06706052784293885,Safe
R02198,Village Road,3.65,1,3.27,0,1109.0,9.17,28.45,11.82,1,0,0,0,0,1,0.09203825730509739,Safe
R02199,District Road,6.21,1,5.66,3,1773.9,10.91,65.08,15.05,1,3,0,1,0,1,0.3362674271190826,Moderate
R02200,State Highway,13.75,0,10.31,2,1360.2,11.16,88.94,23.61,0,2,0,1,0,1,0.342867239952556,Moderate
R02201,Village Road,6.65,0,11.28,3,2177.4,10.75,26.92,29.85,1,2,0,0,0,1,0.05951639223644864,Safe
R02202,Highway,15.95,0,6.71,2,2336.3,12.22,88.97,20.89,3,2,0,0,0,1,0.11687993807300139,Safe
R02203,District Road,3.04,0,11.0,1,1808.4,11.82,26.72,31.99,2,1,0,0,0,1,0.07212474113334907,Safe
R02204,Highway,15.37,2,4.79,0,2473.6,39.78,91.53,27.89,4,0,0,0,0,1,0.2669626372048301,Moderate
R02205,District Road,1.83,1,4.99,0,1511.5,14.38,67.26,14.84,2,3,0,0,0,1,0.14730022889341296,Safe
R02206,Village Road,0.75,0,10.62,0,147.6,15.74,121.28,27.16,1,2,0,0,0,1,0.1309503824090947,Safe
R02207,State Highway,18.02,1,11.13,0,1286.9,11.98,68.21,17.96,0,2,1,0,0,1,0.28611127491473587,Moderate
R02208,Village Road,11.84,0,5.01,1,613.5,43.54,117.64,29.17,3,3,1,0,0,1,0.4046420199817369,Moderate
R02209,State Highway,7.36,1,3.53,2,867.6,24.1,70.27,15.77,2,3,0,0,0,1,0.17106877866727624,Safe
R02210,Village Road,5.04,1,3.81,1,1250.7,27.47,32.68,13.61,3,0,0,0,0,1,0.08817566018020451,Safe
R02211,Village Road,12.53,1,5.35,1,772.9,33.1,114.31,25.94,5,1,1,0,1,1,0.5972092674358485,High
R02212,Village Road,10.43,0,9.85,1,808.6,15.02,79.56,25.42,4,0,0,0,0,1,0.17235446264856527,Safe
R02213,Highway,19.84,0,7.59,2,1034.9,43.6,10.95,24.34,2,2,0,1,0,1,0.30578919163907686,Moderate
R02214,Village Road,19.67,2,7.1,3,751.8,6.85,38.7,16.08,0,2,1,0,0,1,0.36798270856758053,Moderate
R02215,District Road,12.88,2,8.26,2,465.3,20.6,162.95,15.15,5,1,1,1,0,0,0.6590811325087597,High
R02216,State Highway,9.14,3,11.01,0,1925.6,6.54,254.64,32.81,3,1,1,1,0,0,0.6993090603910269,High
R02217,Village Road,10.08,0,3.81,1,1018.3,35.57,56.76,23.32,2,1,1,1,0,1,0.5627785123166026,High
R02218,State Highway,13.81,2,9.25,2,2087.8,4.83,78.61,20.16,5,0,1,0,0,1,0.3729651709434611,Moderate
R02219,Village Road,2.48,2,11.34,1,2212.7,24.93,82.97,30.49,1,1,1,0,0,1,0.47591345935771745,Moderate
R02220,Highway,6.9,3,4.92,3,1889.9,4.72,63.67,11.27,1,0,1,0,0,0,0.4285775815567576,Moderate
R02221,District Road,1.97,0,10.54,0,1021.8,20.37,25.5,26.9,4,2,0,0,0,1,0.08354287187648796,Safe
R02222,District Road,1.93,2,9.28,0,1817.2,12.61,39.57,13.69,1,3,0,0,0,1,0.1081374786175152,Safe
R02223,Highway,4.32,0,3.13,0,430.3,40.65,27.4,15.65,2,1,0,0,0,1,0.11217861030795703,Safe
R02224,State Highway,9.96,1,5.08,2,1669.7,2.39,34.58,25.99,2,2,0,0,0,1,0.19086751377722866,Safe
R02225,Highway,15.8,1,8.45,1,1044.8,29.25,30.68,16.99,2,1,0,0,0,1,0.15948488890919624,Safe
R02226,District Road,9.97,2,7.52,0,1656.3,31.29,73.17,29.45,1,3,0,0,0,1,0.20673012716985284,Safe
R02227,State Highway,7.04,2,7.75,0,1899.2,40.0,32.34,22.96,2,4,0,0,0,1,0.18074713197352638,Safe
R02228,District Road,2.11,1,5.09,1,1428.6,39.5,138.17,18.07,4,1,0,0,0,1,0.25579115303873595,Moderate
R02229,State Highway,11.23,1,9.08,3,1624.1,43.97,66.81,31.62,2,0,0,0,0,1,0.26169447989600425,Moderate
R02230,State Highway,5.79,0,5.4,1,573.1,11.43,43.49,25.72,5,2,0,1,1,1,0.40944573537915596,Moderate
R02231,District Road,12.49,1,6.5,0,1502.1,12.37,44.52,20.53,2,2,1,0,0,1,0.2548322225448434,Moderate
R02232,Highway,19.56,1,6.32,1,1178.2,17.88,23.29,21.34,4,0,0,0,0,1,0.16221261062964806,Safe
R02233,Village Road,2.67,0,9.05,1,1098.7,24.19,42.36,16.71,3,2,0,0,0,1,0.09065748621828625,Safe
R02234,Village Road,4.64,2,3.81,1,1055.3,16.52,159.18,12.71,1,1,1,1,0,0,0.6341697093449419,High
R02235,District Road,9.73,0,4.85,1,811.8,33.31,162.91,17.56,1,1,0,1,0,1,0.42186426392998144,Moderate
R02236,District Road,19.39,1,4.8,2,798.1,0.38,25.16,16.61,2,4,0,0,1,1,0.2128256246639415,Safe
R02237,Village Road,15.55,2,3.98,3,1764.3,0.79,79.51,18.39,2,3,1,0,0,1,0.30942545668640964,Moderate
R02238,State Highway,18.02,3,4.87,0,1416.6,32.22,111.61,21.73,1,2,0,0,1,0,0.40106604041080474,Moderate
R02239,Highway,7.01,2,8.46,2,123.4,39.74,93.01,11.58,3,2,0,0,0,1,0.25511164066861763,Moderate
R02240,State Highway,19.84,0,9.59,3,168.9,34.94,77.73,12.65,2,4,0,0,0,1,0.20407405342283982,Safe
R02241,Village Road,2.51,2,8.94,1,1446.8,5.27,28.16,28.24,2,1,0,0,0,1,0.08318095958225716,Safe
R02242,Highway,1.53,0,7.28,0,2123.4,42.07,122.96,14.58,0,0,0,0,0,1,0.17481585431513422,Safe
R02243,District Road,17.18,3,3.47,2,157.7,23.49,60.63,18.47,4,0,0,0,1,0,0.31556621801263474,Moderate
R02244,Village Road,18.58,2,11.63,2,1292.7,33.4,77.01,25.92,1,4,0,0,0,1,0.23526752612465016,Safe
R02245,Village Road,2.27,2,4.51,0,2135.3,9.05,142.12,34.42,4,2,0,0,0,1,0.1407216582623776,Safe
R02246,District Road,2.71,0,9.02,1,60.9,24.7,72.47,13.32,2,0,1,0,0,1,0.37315344937343664,Moderate
R02247,Highway,1.15,1,11.22,1,725.7,14.85,179.05,28.93,2,1,1,1,0,1,0.6900600508660967,High
R02248,Village Road,2.54,2,9.28,0,2303.8,43.86,33.68,22.28,5,2,0,0,0,1,0.248802513895284,Safe
R02249,District Road,4.58,2,4.96,2,249.6,21.34,181.81,12.34,1,3,1,0,0,1,0.49364870117866905,Moderate
R02250,Highway,19.42,0,5.84,2,1537.1,34.0,47.96,14.22,1,3,0,0,0,1,0.13074679397305744,Safe
R02251,Highway,13.52,3,3.27,2,1293.1,27.15,82.24,27.36,1,1,0,0,0,1,0.183828215617837,Safe
R02252,Village Road,15.68,0,8.51,1,421.6,4.24,206.62,31.99,0,1,1,0,0,1,0.42980374528393717,Moderate
R02253,District Road,15.63,1,8.52,1,154.1,24.43,58.19,10.3,3,0,1,0,0,1,0.36706672703341015,Moderate
R02254,Village Road,10.93,1,9.53,1,1281.3,24.31,46.86,15.57,2,2,0,0,0,1,0.11448645224107662,Safe
R02255,Village Road,16.05,0,3.1,0,1851.1,32.21,56.73,18.95,2,4,0,0,0,1,0.12153747577554935,Safe
R02256,District Road,12.12,0,10.36,2,484.2,14.49,58.21,34.72,3,1,0,0,0,1,0.07563872417551616,Safe
R02257,District Road,6.63,2,9.65,2,1743.7,38.73,109.02,26.3,1,1,1,1,0,0,0.6215508099087613,High
R02258,District Road,11.44,1,4.27,2,1388.6,28.02,88.48,19.02,1,0,1,0,0,1,0.3976965726091022,Moderate
R02259,State Highway,10.9,0,6.13,2,926.7,1.77,238.65,15.04,3,1,1,1,0,1,0.5770591644076175,High
R02260,District Road,16.56,2,8.75,1,1677.9,31.81,27.49,15.67,0,0,0,1,1,0,0.46969812916912884,Moderate
R02261,Village Road,19.64,2,7.46,0,520.3,40.81,3.96,11.24,3,3,0,0,0,1,0.15220658543625404,Safe
R02262,District Road,8.52,1,4.04,3,1169.5,30.74,101.02,34.87,2,6,0,0,0,1,0.2095404881816879,Safe
R02263,Village Road,15.39,0,3.79,1,1395.8,17.1,12.73,34.56,0,0,0,0,0,1,0.027705837219994082,Safe
R02264,District Road,2.45,0,10.03,3,1173.8,26.58,121.11,10.28,4,1,1,0,0,1,0.4383257290628622,Moderate
R02265,District Road,15.65,2,4.4,1,1023.9,7.71,35.79,16.77,2,0,0,0,0,1,0.12886490114000634,Safe
R02266,District Road,7.74,1,4.55,0,1865.2,27.06,19.48,10.51,4,0,0,0,0,1,0.07949684469428517,Safe
R02267,District Road,1.27,1,10.48,2,1657.4,22.54,25.87,17.54,1,4,0,0,0,1,0.13375789794358942,Safe
R02268,District Road,7.58,2,8.51,2,1616.7,1.18,276.39,32.53,2,0,1,1,0,0,0.7181697400492044,High
R02269,State Highway,12.41,1,8.44,2,2234.9,14.49,51.62,31.87,2,2,0,0,0,1,0.13022024497347554,Safe
R02270,District Road,2.83,0,7.31,0,2484.1,8.61,78.53,27.12,6,1,0,0,0,1,0.12866498989054154,Safe
R02271,Highway,18.52,3,8.12,2,1439.7,17.58,187.38,34.68,1,2,1,1,0,0,0.7032194669040709,High
R02272,State Highway,2.01,1,8.42,1,903.3,10.88,116.37,28.65,2,4,1,0,0,1,0.37971465663237547,Moderate
R02273,District Road,18.64,1,11.71,1,1958.2,37.54,143.61,16.04,0,3,1,0,1,1,0.5205299472100807,High
R02274,District Road,14.29,3,5.01,3,398.1,31.4,104.02,30.87,3,1,0,1,0,0,0.5534475671934094,High
R02275,Village Road,6.93,3,4.93,2,1306.6,33.31,42.61,22.7,2,0,1,1,0,0,0.7004223096290714,High
R02276,District Road,8.12,1,3.51,0,1335.0,16.24,334.12,22.6,2,0,1,1,0,1,0.6761785217964407,High
R02277,District Road,14.95,0,8.92,1,2459.5,0.16,116.62,30.82,3,3,0,0,0,1,0.0984149342402568,Safe
R02278,District Road,12.23,3,7.94,1,2478.0,9.86,91.81,23.36,2,0,1,0,0,0,0.40718293481994305,Moderate
R02279,District Road,13.6,1,4.0,2,2008.1,33.99,40.17,18.18,1,2,0,0,0,1,0.16979134559581516,Safe
R02280,Highway,8.09,1,6.28,0,1208.9,27.13,127.86,33.22,1,0,1,0,1,1,0.4910295122118899,Moderate
R02281,State Highway,10.01,1,4.61,2,1390.7,24.24,61.2,11.84,2,2,0,0,0,1,0.11409484390820517,Safe
R02282,State Highway,19.8,1,5.98,2,833.4,12.62,102.58,26.44,1,1,0,1,0,1,0.3932409915196496,Moderate
R02283,District Road,4.67,2,11.56,0,2083.1,3.41,77.78,29.64,2,2,0,0,0,1,0.11895160886551479,Safe
R02284,Highway,8.65,1,9.15,0,1879.0,35.32,62.01,11.28,2,3,0,0,0,1,0.18083572274076884,Safe
R02285,Highway,6.19,2,3.07,1,1940.0,1.74,14.07,15.86,3,1,0,0,0,1,0.08539303186360424,Safe
R02286,State Highway,15.42,2,5.27,2,389.8,2.66,92.89,15.58,1,1,1,0,0,1,0.34821526592367497,Moderate
R02287,Village Road,15.4,2,3.09,1,1026.7,13.27,46.64,32.23,3,1,0,1,1,0,0.47569092552387193,Moderate
R02288,State Highway,6.2,2,9.43,2,1366.5,25.78,85.92,26.26,3,0,0,0,0,1,0.18757243223772896,Safe
R02289,District Road,2.09,2,7.22,1,355.4,44.65,75.55,15.42,2,1,0,0,0,1,0.2163221183923546,Safe
R02290,State Highway,0.72,1,11.95,2,953.1,4.08,25.59,32.74,1,3,0,0,0,1,0.09075690253187826,Safe
R02291,District Road,8.84,0,9.6,0,264.2,21.29,100.31,16.09,2,0,0,0,1,1,0.25594257401823794,Moderate
R02292,State Highway,8.5,2,7.66,0,2399.2,27.08,47.52,26.55,1,3,0,1,0,0,0.337491603659114,Moderate
R02293,State Highway,19.77,1,10.24,2,1890.6,37.04,78.44,21.31,2,1,1,0,0,1,0.4221837916473495,Moderate
R02294,District Road,9.66,0,9.34,2,1570.8,31.03,30.14,12.44,0,3,0,0,0,1,0.052495736521815356,Safe
R02295,Highway,5.5,0,5.19,1,551.9,36.35,66.78,28.83,4,1,0,0,0,1,0.13260088546918142,Safe
R02296,Highway,17.88,0,7.77,1,868.6,23.51,161.97,18.19,4,1,0,0,0,1,0.18082612388190938,Safe
R02297,State Highway,10.08,2,8.0,1,404.0,19.53,102.87,19.0,3,2,1,0,0,1,0.49392714853159697,Moderate
R02298,Highway,12.18,2,7.06,0,1363.5,27.84,37.59,15.36,3,2,0,0,0,1,0.12357075851381588,Safe
R02299,Highway,2.37,0,4.61,2,2060.3,40.54,40.46,30.11,2,1,0,0,0,1,0.19207563779824732,Safe
R02300,State Highway,7.97,2,5.01,1,96.6,24.79,90.76,14.0,5,0,1,1,0,0,0.5543866483308739,High
R02301,Village Road,18.91,0,5.53,1,303.1,27.25,225.03,15.46,1,2,0,0,0,1,0.2503378135875907,Moderate
R02302,District Road,12.0,2,3.09,1,611.9,15.21,75.65,20.17,1,4,0,0,0,1,0.1641987528118791,Safe
R02303,District Road,7.22,1,11.25,2,1799.5,26.83,17.71,13.72,0,0,0,1,0,1,0.2778958149973884,Moderate
R02304,State Highway,12.7,2,9.17,1,2240.3,28.25,101.75,12.82,0,1,1,0,0,1,0.46581889850826663,Moderate
R02305,Village Road,18.25,1,9.21,1,1894.9,33.9,84.53,23.04,0,1,1,1,0,1,0.6050350882704976,High
R02306,State Highway,5.84,0,8.15,1,1336.1,25.75,21.06,33.84,2,1,0,0,0,1,0.0782044456701708,Safe
R02307,Highway,10.35,2,9.2,2,307.5,8.89,68.19,30.04,2,1,0,1,0,0,0.42137399583536306,Moderate
R02308,District Road,19.19,0,11.84,1,1899.5,26.19,68.67,14.43,1,2,0,0,0,1,0.11364988164220304,Safe
R02309,Highway,3.86,3,6.47,0,308.8,13.4,129.75,24.69,1,0,1,0,0,0,0.3949905229096607,Moderate
R02310,State Highway,14.53,1,9.41,3,901.8,3.93,64.18,29.84,0,0,0,0,0,1,0.17376138651764006,Safe
R02311,District Road,12.48,1,6.24,1,804.6,37.14,263.15,13.62,3,0,1,0,0,1,0.5385177495580559,High
R02312,Village Road,13.75,1,10.69,0,930.1,2.97,66.33,12.05,2,0,0,0,0,1,0.04126077698869663,Safe
R02313,District Road,7.35,0,10.72,2,857.3,28.43,111.3,32.28,1,1,1,1,0,1,0.5814751981949705,High
R02314,District Road,6.62,1,11.12,2,1934.5,44.48,183.5,16.13,1,3,1,1,0,1,0.6921995037264771,High
R02315,Village Road,13.84,3,3.05,1,470.7,3.94,76.83,22.45,3,1,0,0,0,1,0.24283423818989835,Safe
R02316,Highway,4.7,0,5.68,1,2122.3,9.91,42.72,15.22,2,2,0,0,0,1,0.06552884958456853,Safe
R02317,State Highway,8.68,2,4.21,0,2152.7,34.24,94.98,11.19,1,2,0,0,0,1,0.1826494490109668,Safe
R02318,State Highway,4.17,1,7.09,1,1252.8,4.36,56.19,22.83,2,1,0,0,0,1,0.12925578502038845,Safe
R02319,District Road,0.66,1,7.46,0,310.1,37.47,55.47,20.88,1,2,0,1,1,1,0.50403796634866,High
R02320,District Road,19.42,0,5.3,1,1459.7,0.01,137.7,28.16,3,2,1,0,0,1,0.30324787879256776,Moderate
R02321,Village Road,8.92,1,9.51,1,2061.3,40.05,35.34,31.44,1,0,0,0,0,1,0.18972601429355226,Safe
R02322,District Road,19.4,3,5.43,1,759.2,3.01,142.33,13.54,2,1,0,0,0,1,0.22735231207713358,Safe
R02323,District Road,3.24,0,10.69,1,2102.5,41.49,45.11,14.29,6,1,0,1,0,1,0.3022841679159522,Moderate
R02324,State Highway,11.95,1,4.6,1,1708.5,38.9,112.95,33.76,1,2,1,0,1,1,0.5599409447375377,High
R02325,Village Road,4.42,1,6.31,1,2468.8,24.28,251.78,20.45,0,1,1,1,0,1,0.6530996049651953,High
R02326,Village Road,15.91,1,8.6,0,2070.5,35.01,43.61,33.82,2,3,0,0,0,1,0.1138977928664116,Safe
R02327,Village Road,15.78,1,8.45,0,543.7,3.37,61.12,18.46,4,3,0,0,0,1,0.0962471577171713,Safe
R02328,Highway,2.7,1,3.7,0,1150.1,6.08,41.46,18.69,1,2,0,0,0,1,0.06548335270471436,Safe
R02329,District Road,18.29,0,10.62,2,303.6,16.62,106.69,27.67,3,0,0,0,0,1,0.1281798786787745,Safe
R02330,Highway,4.3,3,8.38,2,220.7,24.19,102.66,12.42,4,1,0,0,0,1,0.23756072943757756,Safe
R02331,State Highway,12.45,2,10.83,2,1779.8,39.07,119.81,20.32,3,1,1,0,0,1,0.45942397320063305,Moderate
R02332,Highway,19.72,0,10.81,1,2286.7,24.42,57.63,19.51,5,1,0,0,0,1,0.1711600460163301,Safe
R02333,District Road,17.71,1,7.91,1,2435.3,29.93,31.68,10.88,0,0,0,0,0,1,0.07667204769400646,Safe
R02334,District Road,19.15,2,11.2,2,712.6,30.59,128.93,17.82,1,0,1,0,0,1,0.3978515452082431,Moderate
R02335,Highway,7.18,3,10.64,1,544.3,39.49,54.36,19.96,2,3,0,0,0,1,0.2761390529644147,Moderate
R02336,State Highway,2.56,3,11.62,0,1422.5,34.95,92.87,11.45,1,0,0,0,0,1,0.26355826714542946,Moderate
R02337,District Road,4.17,2,10.65,3,542.1,43.97,46.4,10.5,1,1,0,0,0,1,0.23595470049560952,Safe
R02338,State Highway,10.26,0,10.39,0,775.0,0.9,131.38,25.0,2,2,0,0,0,1,0.12403711432293896,Safe
R02339,Highway,15.97,3,7.22,1,2101.2,9.35,69.12,15.15,4,4,0,0,0,1,0.2710137795377554,Moderate
R02340,District Road,3.43,2,4.91,1,2035.6,41.87,47.29,19.06,3,2,0,0,0,1,0.2600792197155359,Moderate
R02341,Village Road,13.36,1,11.2,2,2242.9,35.65,47.56,12.0,3,2,0,0,0,1,0.18366497134330456,Safe
R02342,Highway,6.81,1,9.5,3,1231.5,12.03,31.47,12.52,0,5,1,0,0,1,0.2831695273766202,Moderate
R02343,Highway,7.15,1,5.54,3,1432.0,43.84,121.48,13.86,3,3,0,0,0,1,0.31288459955287523,Moderate
R02344,State Highway,13.41,1,6.07,1,1937.9,39.14,103.97,10.75,6,1,1,1,0,1,0.645450772855574,High
R02345,Village Road,9.61,0,9.17,2,636.2,2.91,40.01,29.06,2,1,1,0,0,1,0.22183114622265276,Safe
R02346,District Road,16.33,0,7.3,0,2066.6,36.51,29.8,32.65,1,2,0,1,0,1,0.44149322903842103,Moderate
R02347,District Road,3.54,0,3.73,1,93.0,35.3,114.86,23.05,4,3,1,1,1,1,0.7327861248508765,High
R02348,State Highway,15.9,1,4.27,2,2004.3,9.95,130.61,30.41,2,0,1,0,1,1,0.4624605763731587,Moderate
R02349,District Road,1.75,0,9.71,1,1951.0,30.12,118.56,13.39,2,1,0,0,1,1,0.2842020482499346,Moderate
R02350,Highway,4.28,2,5.96,0,789.4,43.66,30.46,21.23,2,2,0,0,0,1,0.21052121124462603,Safe
R02351,District Road,13.29,0,7.57,0,1833.4,30.41,85.63,13.57,3,1,0,0,0,1,0.13660356432071863,Safe
R02352,Village Road,17.17,3,9.9,1,574.3,36.62,125.29,34.88,1,1,0,0,0,1,0.22519375375537676,Safe
R02353,District Road,5.43,2,9.76,0,1461.8,4.47,239.69,11.45,0,3,1,1,0,0,0.6300868187193563,High
R02354,Village Road,6.88,3,4.5,1,1766.4,32.74,122.43,21.1,3,1,1,0,0,0,0.44559117015676664,Moderate
R02355,District Road,10.97,2,3.89,1,1801.0,9.21,53.84,12.81,2,1,0,0,0,1,0.13337788694375957,Safe
R02356,Highway,4.63,0,8.32,1,2458.2,3.23,89.86,11.72,2,2,1,1,0,1,0.41693769535420444,Moderate
R02357,Village Road,16.32,1,9.67,0,495.9,24.84,65.46,28.37,1,1,0,0,1,1,0.2583997464052947,Moderate
R02358,Highway,15.59,0,4.34,2,1228.0,33.78,51.73,12.0,0,1,0,0,0,1,0.19671704458421524,Safe
R02359,District Road,3.33,3,6.35,2,2206.3,24.6,75.34,10.6,2,1,0,0,0,1,0.23938189304109775,Safe
R02360,Highway,9.54,0,10.83,1,1425.7,41.92,58.33,33.74,2,3,1,0,0,1,0.4192026394284302,Moderate
R02361,Highway,15.61,1,11.5,1,2197.2,31.3,49.74,14.62,3,0,0,0,0,1,0.1868122902750748,Safe
R02362,District Road,7.08,2,7.09,1,1113.4,5.29,31.33,31.11,3,2,0,0,0,1,0.12083485664196808,Safe
R02363,State Highway,12.85,3,3.72,2,1998.6,42.05,41.5,33.82,2,2,0,0,0,1,0.22779718932594678,Safe
R02364,District Road,1.48,2,5.32,3,2181.6,6.88,28.11,28.8,3,2,0,0,0,1,0.09840025533967067,Safe
R02365,District Road,12.37,1,5.1,0,2123.8,34.12,156.0,12.6,4,2,0,0,0,1,0.21424374582323316,Safe
R02366,Highway,3.48,1,5.15,0,2184.8,6.68,28.78,14.26,3,1,0,0,0,1,0.12116638282359996,Safe
R02367,Highway,16.7,1,7.44,2,587.9,44.94,65.4,14.48,1,2,0,0,0,1,0.2767186449096978,Moderate
R02368,District Road,7.43,0,8.25,0,1125.5,14.95,30.35,26.35,0,1,0,0,0,1,0.048324675580000705,Safe
R02369,State Highway,5.99,2,4.1,3,477.7,22.32,122.57,14.49,2,0,1,0,1,0,0.5259046277494006,High
R02370,District Road,16.9,1,11.0,2,492.3,21.01,75.16,10.75,3,3,0,0,0,1,0.11960677561994078,Safe
R02371,District Road,1.48,0,8.58,1,1245.2,4.59,121.52,21.46,0,4,1,1,0,1,0.5390235955861178,High
R02372,Village Road,8.23,3,8.38,1,2402.2,22.23,154.53,24.73,2,1,1,0,1,0,0.5802738475461535,High
R02373,District Road,7.72,1,11.89,2,1500.2,6.73,81.12,21.51,0,1,0,0,0,1,0.11299908288494817,Safe
R02374,District Road,6.05,2,8.65,0,2141.9,36.09,46.93,22.23,1,2,0,0,0,1,0.19722641878067687,Safe
R02375,District Road,18.28,2,11.36,2,2346.1,43.12,120.84,21.42,2,2,0,1,0,0,0.49370623820505033,Moderate
R02376,State Highway,15.14,2,5.58,0,262.1,36.36,106.91,16.64,3,1,0,0,0,1,0.2668170622687271,Moderate
R02377,State Highway,1.75,0,5.16,3,447.1,19.4,84.62,33.9,1,1,0,0,0,1,0.20841080508004198,Safe
R02378,Village Road,14.44,0,7.65,0,762.6,0.11,208.04,30.95,6,3,0,0,0,1,0.08358165409228897,Safe
R02379,District Road,10.78,2,7.58,2,1561.1,1.65,93.9,18.07,2,0,0,0,0,1,0.20842931527067549,Safe
R02380,Village Road,18.07,2,5.04,0,201.2,22.28,4.45,10.99,0,3,0,0,0,1,0.11854098887551882,Safe
R02381,Village Road,6.6,1,9.3,1,1977.3,30.58,79.48,31.45,2,4,0,0,0,1,0.13979706154025962,Safe
R02382,Village Road,11.7,1,3.27,1,206.3,36.88,78.14,28.56,1,0,1,0,0,1,0.3392371552689278,Moderate
R02383,Village Road,10.26,0,9.22,0,438.2,26.98,15.26,12.03,4,1,0,0,0,1,0.07656627393468135,Safe
R02384,District Road,10.05,3,7.11,1,985.2,44.02,28.68,27.45,1,0,0,0,0,1,0.24868585018174047,Safe
R02385,State Highway,9.39,0,9.2,1,1416.4,22.22,22.95,21.32,0,1,0,0,0,1,0.06759701117684873,Safe
R02386,District Road,4.51,0,7.29,1,2209.7,27.0,173.33,13.26,0,0,0,1,0,1,0.3656833203865223,Moderate
R02387,State Highway,15.24,1,11.8,1,2411.1,10.35,26.04,28.12,1,1,0,0,0,1,0.05343345259212065,Safe
R02388,District Road,9.3,0,6.01,2,2217.4,15.28,38.24,18.89,1,0,1,0,0,1,0.31757019714571444,Moderate
R02389,District Road,19.19,3,11.84,0,312.3,30.74,102.68,32.76,2,3,0,0,0,1,0.301166001650016,Moderate
R02390,District Road,5.59,0,3.58,0,1596.5,27.07,27.78,11.07,2,2,0,0,0,1,0.12838665049718687,Safe
R02391,State Highway,13.81,0,9.15,1,1132.2,16.63,82.6,33.43,2,2,0,0,0,1,0.13024183153475946,Safe
R02392,State Highway,18.84,1,7.09,2,358.2,5.04,95.19,12.2,0,2,1,0,0,1,0.34332791249954164,Moderate
R02393,District Road,13.44,1,10.4,2,1410.0,15.42,46.1,10.9,3,1,1,0,0,1,0.33376901686791066,Moderate
R02394,Highway,17.49,0,10.11,1,923.8,1.99,10.17,24.54,3,1,0,0,0,1,0.008762137554710763,Safe
R02395,Village Road,16.64,1,10.2,2,897.2,26.13,233.49,25.26,4,0,1,1,0,1,0.6705855323260104,High
R02396,State Highway,7.52,1,3.85,2,281.4,14.54,124.84,14.94,3,1,0,0,0,1,0.16652642531038428,Safe
R02397,State Highway,12.2,2,10.4,0,2448.2,17.09,39.26,31.9,3,1,0,0,0,1,0.18192691806967104,Safe
R02398,Highway,3.55,0,4.93,0,1828.6,25.88,32.05,30.05,1,3,0,0,0,1,0.045877059864203304,Safe
R02399,District Road,10.94,3,3.23,1,736.8,26.16,53.21,17.06,2,4,0,1,0,0,0.4051921594848114,Moderate
R02400,District Road,4.99,1,4.96,0,2297.8,26.48,86.91,21.08,4,1,0,0,0,1,0.21909322543673676,Safe
R02401,State Highway,15.0,0,7.31,1,2372.8,22.12,153.63,29.58,3,5,0,0,0,1,0.18486001795885032,Safe
R02402,Highway,10.8,0,9.68,1,2035.4,21.97,99.03,30.83,2,3,0,1,1,1,0.42820941052488715,Moderate
R02403,District Road,8.52,1,4.97,1,1665.3,36.95,99.69,29.91,2,0,0,0,0,1,0.22748861684632327,Safe
R02404,State Highway,5.74,0,4.02,0,972.1,21.04,32.38,16.7,4,0,0,0,0,1,0.11152633571894746,Safe
R02405,District Road,19.97,0,8.81,2,1114.1,24.12,14.42,29.13,3,2,0,0,0,1,0.10391127842619559,Safe
R02406,District Road,1.9,0,11.86,1,1164.8,44.47,99.21,25.82,3,5,1,0,0,1,0.3847145266417984,Moderate
R02407,State Highway,1.35,1,8.41,1,2374.5,8.15,50.14,23.16,0,0,0,0,0,1,0.08410556189781702,Safe
R02408,State Highway,4.74,1,9.22,3,1912.3,32.69,70.45,34.09,6,1,0,0,0,1,0.18392352611585283,Safe
R02409,Village Road,19.44,0,8.05,0,765.4,21.29,45.41,24.95,2,2,0,1,0,1,0.2828376727007843,Moderate
R02410,District Road,19.6,1,10.04,1,1580.4,37.37,119.57,31.72,1,4,1,1,0,1,0.6226184757287521,High
R02411,District Road,13.27,2,11.78,2,1505.1,18.18,77.45,28.81,1,0,0,0,0,1,0.1209079553030517,Safe
R02412,Highway,17.66,0,7.9,2,2039.7,13.63,84.44,11.13,4,3,1,0,0,1,0.32344780219772024,Moderate
R02413,District Road,4.67,2,6.75,0,283.5,9.35,17.1,16.67,6,2,0,0,0,1,0.10528236881425296,Safe
R02414,Highway,19.45,1,10.74,2,1768.1,39.25,56.92,25.23,2,0,0,0,0,1,0.17475334207171775,Safe
R02415,District Road,3.28,3,11.73,3,861.4,32.32,84.88,20.96,1,2,0,0,0,1,0.2751852335251041,Moderate
R02416,Village Road,2.47,0,4.16,1,367.6,3.46,143.95,33.89,0,2,1,0,0,1,0.3158478423901057,Moderate
R02417,State Highway,2.69,3,8.2,0,1842.8,32.11,38.81,24.59,2,3,0,0,0,1,0.20330237302419688,Safe
R02418,Highway,11.68,1,10.13,2,862.5,1.58,30.2,33.23,0,2,0,0,0,1,0.14602985367599752,Safe
R02419,Highway,15.73,1,7.8,0,1838.8,8.17,92.95,15.15,2,0,1,0,0,1,0.2887043522045921,Moderate
R02420,State Highway,7.65,1,6.68,1,448.0,26.68,237.91,32.44,4,2,1,1,0,1,0.6860813851510081,High
R02421,State Highway,19.57,0,8.9,2,2465.5,20.86,53.01,23.43,3,0,0,0,0,1,0.08777381384290288,Safe
R02422,Highway,8.97,3,5.43,1,2018.3,37.82,87.03,15.35,0,0,0,0,0,1,0.2945564291668076,Moderate
R02423,Village Road,3.43,1,6.14,0,758.4,27.36,51.51,19.76,3,3,0,0,0,1,0.16130308922975023,Safe
R02424,District Road,9.59,0,11.93,1,1864.3,43.42,182.84,34.22,4,1,0,0,0,1,0.24187595221184752,Safe
R02425,State Highway,13.74,0,8.73,1,382.7,38.48,18.63,33.99,1,0,0,0,0,1,0.08431347673775604,Safe
R02426,Village Road,16.73,0,10.86,1,1650.9,15.31,55.64,10.55,4,1,0,0,0,1,0.07435404327932699,Safe
R02427,Highway,9.45,1,10.27,2,196.1,37.54,99.76,17.69,1,0,0,0,0,1,0.2300471069488183,Safe
R02428,Village Road,12.08,1,8.87,2,866.8,39.15,3.6,32.48,3,2,0,1,0,1,0.34630153986495327,Moderate
R02429,State Highway,5.71,1,10.57,1,2447.2,43.64,94.37,10.81,2,1,0,0,0,1,0.15096431308820735,Safe
R02430,Village Road,13.1,0,5.58,3,346.3,0.57,33.85,33.92,1,2,0,1,0,1,0.31539287820947354,Moderate
R02431,District Road,19.73,1,8.73,3,1513.7,39.36,34.42,19.7,0,4,0,0,1,1,0.3451042292405565,Moderate
R02432,Village Road,1.46,1,8.32,0,223.0,3.15,61.86,12.87,3,0,0,0,0,1,0.036915767891667485,Safe
R02433,Village Road,17.79,0,8.6,0,1690.0,23.77,108.63,17.53,3,0,1,0,0,1,0.26449935635557725,Moderate
R02434,State Highway,11.46,0,4.52,1,732.7,18.66,20.85,30.2,0,1,0,1,0,1,0.33980894961557656,Moderate
R02435,Village Road,5.42,0,5.5,0,809.4,41.39,101.17,34.96,5,0,0,0,0,1,0.24897624759597592,Safe
R02436,State Highway,19.12,3,5.58,1,877.6,18.23,71.47,13.35,3,0,0,0,1,0,0.30119599146935644,Moderate
R02437,State Highway,9.93,2,8.42,1,552.6,26.82,78.61,25.94,1,2,1,1,0,0,0.6300304956045955,High
R02438,State Highway,6.97,3,11.75,0,2357.1,31.13,62.55,33.13,1,0,0,0,0,1,0.20685421063717435,Safe
R02439,District Road,4.04,0,11.59,0,2269.3,0.86,25.39,32.49,5,0,0,0,0,1,0.0,Safe
R02440,State Highway,5.27,2,5.04,0,2181.5,26.59,22.02,19.58,0,2,0,0,0,1,0.15147989628185493,Safe
R02441,District Road,16.74,1,5.74,0,310.8,23.31,64.1,31.64,3,3,1,0,0,1,0.32861502758373806,Moderate
R02442,District Road,12.48,1,3.32,1,621.9,26.73,155.14,14.79,2,2,0,0,0,1,0.20672904826890173,Safe
R02443,Village Road,18.31,0,6.59,1,1550.0,3.41,38.67,25.8,2,2,0,0,0,1,0.1432342353911573,Safe
R02444,Village Road,5.02,2,10.51,3,2427.4,2.5,187.5,24.95,1,0,0,0,0,1,0.28671753606132544,Moderate
R02445,District Road,2.86,3,11.24,0,1531.8,7.99,88.14,29.57,2,2,0,1,0,0,0.4381175473357955,Moderate
R02446,State Highway,0.62,0,5.13,3,851.4,39.13,74.46,15.72,3,1,0,1,1,1,0.5749524872937418,High
R02447,State Highway,10.4,0,5.39,0,2052.6,16.04,67.66,25.72,1,2,1,0,0,1,0.36800676396561527,Moderate
R02448,State Highway,19.97,1,4.99,1,381.8,19.53,122.47,25.26,1,6,0,0,0,1,0.19836120346647132,Safe
R02449,Highway,14.05,3,6.15,0,2210.3,17.56,55.01,12.11,1,4,0,0,0,1,0.22278446322956197,Safe
R02450,State Highway,6.51,2,10.24,2,2438.0,32.15,93.66,18.26,0,1,0,0,0,1,0.23996882522683596,Safe
R02451,State Highway,17.6,0,8.82,0,2420.7,11.68,57.55,15.19,2,1,1,0,0,1,0.25555361042834435,Moderate
R02452,Village Road,15.74,1,10.07,3,411.9,3.08,191.26,34.99,1,1,1,0,0,1,0.47065872719084323,Moderate
R02453,District Road,0.8,1,8.25,0,1396.5,17.02,30.23,34.76,3,0,0,0,1,1,0.1902635844224248,Safe
R02454,State Highway,16.43,2,5.32,0,1483.1,32.75,45.75,16.31,4,1,1,0,0,1,0.4222944559252416,Moderate
R02455,District Road,6.36,2,5.05,1,527.6,41.17,128.61,30.21,3,2,0,1,0,0,0.5086494829165055,High
R02456,Highway,3.42,1,3.08,2,1389.6,2.29,115.18,30.41,3,2,1,0,0,1,0.3564836694015223,Moderate
R02457,District Road,4.91,0,10.03,3,1634.0,36.47,39.57,33.4,3,4,0,0,0,1,0.13416208421934045,Safe
R02458,District Road,9.64,3,10.62,1,856.0,2.98,95.83,13.23,2,1,0,0,0,1,0.26360345800292195,Moderate
R02459,District Road,8.78,1,9.91,2,823.4,14.88,84.8,26.69,4,1,1,0,0,1,0.33795146500367507,Moderate
R02460,District Road,6.13,3,3.67,2,197.6,1.0,50.53,15.15,1,2,0,0,0,1,0.18735172723414645,Safe
R02461,Village Road,3.86,1,9.86,1,2394.2,41.02,66.25,26.44,2,0,0,0,0,1,0.20164548695596488,Safe
R02462,Village Road,15.36,2,3.41,2,2018.9,31.81,61.66,31.8,3,1,0,0,0,1,0.20599172174191485,Safe
R02463,District Road,19.81,2,3.95,0,1910.7,16.61,80.2,12.03,1,1,0,0,0,1,0.15690766213352964,Safe
R02464,District Road,15.67,0,6.96,1,103.4,16.99,44.18,25.92,0,2,0,0,0,1,0.049422162214742764,Safe
R02465,District Road,6.27,3,7.29,2,1579.6,28.79,23.47,23.44,3,1,0,0,0,1,0.2673960027350053,Moderate
R02466,State Highway,5.27,0,10.35,1,492.5,4.03,9.47,14.39,5,4,0,0,0,1,0.052198378342171545,Safe
R02467,State Highway,4.74,2,9.12,2,1671.2,6.53,125.92,15.94,2,1,1,0,0,1,0.4084640216107975,Moderate
R02468,Highway,3.17,3,4.38,2,1571.8,38.13,25.74,23.01,4,1,0,0,0,1,0.21631665219821827,Safe
R02469,District Road,11.25,0,5.04,2,2137.2,9.1,95.95,31.51,1,2,0,0,0,1,0.10988004009019436,Safe
R02470,District Road,12.31,1,5.57,0,675.8,32.7,89.9,26.88,0,2,1,0,0,1,0.3055978880340119,Moderate
R02471,State Highway,14.26,1,4.11,0,117.3,10.16,71.67,10.69,3,3,0,0,0,1,0.11060545494177662,Safe
R02472,Village Road,13.76,2,5.59,0,2289.6,3.97,107.54,13.15,4,4,1,1,0,0,0.5808222969185741,High
R02473,Village Road,6.2,2,9.56,3,2276.2,40.5,172.13,32.07,1,2,1,1,1,0,0.8257073349868642,Critical
R02474,District Road,6.94,1,5.17,0,1166.9,40.58,63.25,26.32,2,1,0,0,0,1,0.2440229987787661,Safe
R02475,District Road,13.79,2,10.52,1,241.3,27.24,59.41,10.45,0,4,1,0,0,1,0.32507094689727484,Moderate
R02476,Village Road,7.31,0,7.23,0,1270.0,20.79,82.76,24.9,1,0,0,0,0,1,0.09364303589642714,Safe
R02477,Highway,4.65,0,5.91,0,1333.8,24.87,76.96,14.21,1,1,0,0,0,1,0.08261728615636979,Safe
R02478,Village Road,7.8,1,6.71,0,2063.2,18.37,100.37,33.0,1,1,1,0,0,1,0.30615888789236917,Moderate
R02479,Highway,5.81,1,9.39,0,1806.9,34.07,104.57,13.06,1,0,0,0,0,1,0.12565425215597076,Safe
R02480,Village Road,2.22,0,7.65,1,223.5,33.96,65.11,11.92,0,0,1,0,0,1,0.3347474584248623,Moderate
R02481,State Highway,16.69,1,3.07,3,1778.1,36.85,197.8,26.12,4,2,1,1,0,1,0.6837865838302595,High
R02482,Village Road,17.14,1,11.3,2,382.6,23.53,163.19,29.82,3,1,1,0,0,1,0.48994271189601335,Moderate
R02483,Village Road,4.79,2,3.59,2,269.2,36.06,142.61,16.85,2,0,0,1,0,0,0.5433321178788313,High
R02484,Highway,1.76,0,11.45,1,1026.6,7.01,132.13,17.53,5,1,1,0,0,1,0.2976549838168925,Moderate
R02485,District Road,14.91,1,3.25,2,239.5,1.36,22.88,18.92,3,1,0,1,1,1,0.3936783580053676,Moderate
R02486,Village Road,4.62,1,9.94,3,2081.7,29.16,53.32,29.15,3,2,0,0,0,1,0.23973217764977314,Safe
R02487,District Road,8.17,3,7.81,3,1184.7,4.75,44.92,16.55,2,1,0,1,0,0,0.3961273651503596,Moderate
R02488,Village Road,1.75,2,7.55,0,1488.2,24.78,288.99,12.2,3,0,0,0,1,1,0.48493669779273585,Moderate
R02489,District Road,4.91,2,3.66,2,1463.3,32.45,65.36,17.73,0,0,0,0,0,1,0.27664554544842335,Moderate
R02490,State Highway,15.96,3,5.15,0,2446.4,18.32,160.15,34.15,3,1,1,1,0,0,0.5858249124594513,High
R02491,State Highway,16.19,1,10.0,1,2293.7,1.97,230.21,20.86,2,0,1,0,0,1,0.46309528657337184,Moderate
R02492,State Highway,4.54,0,11.02,1,2130.4,39.92,97.78,24.0,1,1,0,0,0,1,0.13405852568813215,Safe
R02493,Village Road,7.05,2,7.76,2,989.0,1.95,199.24,29.06,4,0,1,0,0,1,0.48035642644170795,Moderate
R02494,State Highway,3.12,2,6.18,1,405.5,40.71,75.95,23.96,2,3,0,1,0,0,0.4666926950924499,Moderate
R02495,District Road,1.95,1,3.54,0,1500.1,2.37,95.45,26.42,0,1,0,0,0,1,0.09933547541639151,Safe
R02496,District Road,19.85,2,9.14,2,1128.8,33.08,35.79,32.01,3,3,0,0,0,1,0.27600850688904355,Moderate
R02497,District Road,13.28,2,5.51,1,602.5,41.62,41.79,19.32,3,2,0,0,0,1,0.18295995757584602,Safe
R02498,Village Road,11.07,3,3.5,0,289.3,40.81,59.53,12.79,4,1,0,0,0,1,0.2309479848955827,Safe
R02499,Village Road,15.43,3,8.99,1,1118.4,40.2,84.8,12.36,4,0,0,0,0,1,0.24075157816015014,Safe
R02500,District Road,16.88,0,7.37,1,1644.6,39.74,148.79,29.57,2,2,1,0,0,1,0.373588312449966,Moderate
R02501,Village Road,16.23,1,3.11,0,1582.2,22.97,55.34,26.37,0,2,0,0,0,1,0.0831647901063243,Safe
R02502,Village Road,0.82,0,4.0,0,1946.1,25.1,110.39,24.16,4,0,0,0,0,1,0.17030977590715052,Safe
R02503,District Road,4.14,0,9.29,3,1193.1,27.89,95.41,33.25,1,1,0,0,0,1,0.1741826007085849,Safe
R02504,Village Road,13.27,2,3.57,2,838.0,40.32,49.46,25.67,6,2,0,1,0,0,0.4079969916533715,Moderate
R02505,State Highway,7.83,1,10.79,0,1369.8,37.72,19.12,11.19,1,1,0,0,0,1,0.12371605278808706,Safe
R02506,Highway,19.66,1,5.8,1,2438.8,35.23,109.34,21.72,2,2,1,1,0,1,0.6009356108245747,High
R02507,Village Road,13.48,1,3.8,1,160.5,30.41,18.92,15.37,2,2,0,1,1,1,0.48965810445886004,Moderate
R02508,District Road,19.15,2,9.84,1,1345.2,27.83,53.33,25.53,0,0,0,1,0,0,0.3470777543994253,Moderate
R02509,Village Road,4.43,0,7.72,1,856.7,41.51,278.23,14.69,2,4,1,1,0,1,0.6209231856167715,High
R02510,Village Road,17.35,0,5.76,0,308.1,8.67,79.78,26.12,3,1,0,0,1,1,0.16347070096133498,Safe
R02511,Highway,6.77,1,6.65,1,1114.9,8.67,37.47,32.08,1,3,0,0,0,1,0.1482824654147062,Safe
R02512,Village Road,19.8,1,3.19,0,1620.9,44.21,65.37,11.93,5,4,0,0,0,1,0.2357535037873377,Safe
R02513,District Road,3.57,3,8.96,1,1344.0,24.89,120.59,16.47,4,1,1,0,0,0,0.425900609874916,Moderate
R02514,District Road,10.57,2,6.29,3,121.5,21.75,30.38,26.84,0,0,0,0,0,1,0.18937519343456105,Safe
R02515,District Road,15.96,1,9.43,3,1468.8,38.28,90.68,27.78,0,0,1,0,0,1,0.44312498828391256,Moderate
R02516,Village Road,8.94,2,8.65,3,618.4,38.24,33.6,24.67,0,0,0,0,0,1,0.19093029460956976,Safe
R02517,Highway,9.63,0,8.86,3,886.6,7.95,111.14,13.48,4,2,0,0,0,1,0.1715628455657219,Safe
R02518,District Road,19.73,2,10.14,0,814.9,7.81,199.95,16.07,1,1,1,0,0,1,0.42001634676094585,Moderate
R02519,District Road,8.79,0,8.68,2,2153.4,35.79,89.46,32.68,1,1,1,1,0,1,0.5399456040117311,High
R02520,District Road,12.28,2,6.77,0,166.6,35.35,28.19,30.48,0,0,0,0,0,1,0.16821764642749246,Safe
R02521,District Road,1.56,1,6.51,2,902.6,10.13,33.15,33.75,4,1,0,1,0,1,0.3377377207572444,Moderate
R02522,Highway,16.92,0,4.08,2,1017.3,37.87,160.71,20.23,1,2,1,1,0,1,0.6248029806700905,High
R02523,State Highway,13.14,0,10.01,1,1566.1,21.6,97.29,20.99,2,3,1,0,0,1,0.2936184255471218,Moderate
R02524,State Highway,8.38,1,9.85,1,1983.0,21.15,80.73,16.47,4,1,0,0,0,1,0.21729932931881293,Safe
R02525,Village Road,0.82,2,5.22,0,1832.8,44.36,61.49,23.11,3,0,0,0,0,1,0.2379461470260617,Safe
R02526,State Highway,12.04,0,10.76,0,1893.9,23.36,22.03,30.75,2,2,0,0,0,1,0.061167760241144196,Safe
R02527,State Highway,0.75,1,8.3,3,521.3,6.17,84.95,16.19,0,2,0,0,0,1,0.2095814690754196,Safe
R02528,Village Road,0.52,2,7.31,2,2283.8,12.61,61.32,13.52,1,1,0,0,0,1,0.11394026331276258,Safe
R02529,Highway,12.51,1,3.16,0,1064.7,15.02,151.94,28.76,6,0,1,1,0,1,0.6594329108336385,High
R02530,Village Road,4.19,2,6.44,0,77.2,43.13,106.72,27.33,1,1,0,1,0,0,0.4283279000719158,Moderate
R02531,District Road,4.24,0,8.77,0,1686.8,11.88,127.37,30.73,2,2,0,0,0,1,0.09443050288863565,Safe
R02532,Village Road,13.24,1,3.81,3,1529.8,19.37,66.93,28.79,1,1,0,0,0,1,0.1375583283193721,Safe
R02533,State Highway,1.55,3,7.14,3,358.6,33.73,51.66,20.48,1,2,0,0,0,1,0.3009154749585731,Moderate
R02534,Highway,6.61,1,11.94,1,2401.7,12.33,55.07,13.92,2,2,0,0,0,1,0.12224664906200929,Safe
R02535,District Road,3.41,1,9.45,2,1425.8,31.57,105.5,27.86,3,4,0,0,0,1,0.23366997395185127,Safe
R02536,Village Road,11.81,2,7.92,2,1199.7,9.34,91.22,31.96,1,2,1,0,0,1,0.38331549786498326,Moderate
R02537,District Road,13.4,0,7.8,0,1025.4,10.91,17.56,13.82,3,0,0,0,0,1,0.01537964934687262,Safe
R02538,Highway,14.56,2,3.39,3,564.1,44.38,260.19,22.97,2,0,1,1,0,0,0.8167317067181297,Critical
R02539,Village Road,5.48,3,11.62,1,2384.4,16.6,132.54,18.22,3,2,1,0,0,0,0.47488279327794364,Moderate
R02540,Village Road,2.24,0,11.35,0,1770.3,32.84,81.77,22.99,1,2,0,0,0,1,0.18258293854646027,Safe
R02541,District Road,2.03,2,9.14,1,1440.6,37.8,155.38,10.78,3,2,1,1,0,0,0.6636568619140797,High
R02542,Village Road,8.81,0,3.89,1,1596.4,15.61,103.09,18.84,4,1,0,1,0,1,0.2775947842590055,Moderate
R02543,Village Road,18.94,1,4.87,1,2109.0,16.07,147.21,22.11,3,3,1,0,0,1,0.45035342280302576,Moderate
R02544,District Road,4.75,2,4.66,2,1607.5,34.79,151.06,13.77,2,4,1,1,0,0,0.7387366042995077,High
R02545,Highway,5.51,2,7.68,2,330.7,27.32,104.44,20.19,3,1,0,0,0,1,0.24146077378417538,Safe
R02546,District Road,2.47,2,4.87,2,1758.4,16.28,43.45,14.4,3,2,0,0,0,1,0.2423861841688877,Safe
R02547,Highway,12.31,3,9.26,1,1433.9,33.73,71.82,15.39,1,1,0,0,0,1,0.2904101748215746,Moderate
R02548,District Road,13.76,1,7.91,1,2417.5,38.87,165.8,34.44,1,2,1,0,0,1,0.4291670850772851,Moderate
R02549,District Road,13.04,1,3.16,0,1847.6,10.58,46.64,25.05,3,1,0,1,0,1,0.35638793032397215,Moderate
R02550,Highway,17.29,1,9.7,1,892.8,1.1,10.54,19.74,3,1,0,0,0,1,0.13855362885043127,Safe
R02551,State Highway,9.99,1,4.7,0,381.7,12.34,80.84,23.03,1,1,1,0,1,1,0.39550139915618093,Moderate
R02552,Highway,3.12,1,10.42,3,1231.6,30.35,42.04,19.58,4,0,0,0,0,1,0.1823717869916548,Safe
R02553,Village Road,6.14,2,6.2,3,1714.4,41.19,109.15,25.05,2,0,1,0,1,0,0.6158792572960703,High
R02554,Village Road,13.42,1,6.05,0,484.3,38.84,65.93,10.01,1,5,0,0,0,1,0.14747064785646588,Safe
R02555,Highway,12.46,2,3.11,2,1641.1,10.0,212.66,15.9,5,0,0,0,0,1,0.3086729209531641,Moderate
R02556,Village Road,10.85,2,11.89,2,2072.7,39.65,72.82,34.72,3,2,1,0,0,1,0.42650353939660435,Moderate
R02557,District Road,13.82,0,8.51,3,434.8,36.48,187.1,12.81,2,2,0,0,0,1,0.2613329173102462,Moderate
R02558,State Highway,12.93,1,6.8,1,1779.2,33.05,44.54,11.97,2,3,1,0,0,1,0.37506601307741083,Moderate
R02559,Highway,17.69,1,3.87,2,217.2,30.97,108.5,22.33,3,1,1,0,0,1,0.42378122808097124,Moderate
R02560,District Road,11.93,1,9.29,1,69.5,36.32,115.76,17.27,0,2,1,0,0,1,0.46714605071427795,Moderate
R02561,Village Road,15.68,2,5.54,0,130.0,38.78,97.86,23.34,4,0,0,1,0,0,0.3917594242882288,Moderate
R02562,District Road,5.35,1,11.89,0,1597.2,36.86,60.95,34.02,2,1,0,0,1,1,0.2628030625835545,Moderate
R02563,Highway,13.72,2,11.55,0,2434.7,5.48,91.96,13.15,2,1,0,0,0,1,0.12147800465519,Safe
R02564,Highway,18.09,2,9.62,0,1939.9,32.5,146.32,21.0,6,0,0,0,0,1,0.23236099985135034,Safe
R02565,District Road,8.02,1,11.74,0,673.3,37.86,73.14,28.97,2,1,0,0,0,1,0.13861908012127064,Safe
R02566,State Highway,15.69,2,3.95,2,225.6,8.36,47.35,14.02,4,0,1,0,0,1,0.32167604479002215,Moderate
R02567,State Highway,14.63,0,5.52,2,1560.8,9.62,44.39,27.8,1,0,0,0,0,1,0.07670447293440318,Safe
R02568,State Highway,1.66,0,5.28,3,57.9,35.37,52.45,20.01,3,0,0,0,1,1,0.2878421514506027,Moderate
R02569,Village Road,11.84,0,3.65,1,1991.8,15.48,26.77,25.52,5,1,0,0,0,1,0.09056241837890829,Safe
R02570,Village Road,3.04,1,11.75,3,645.6,17.99,42.33,23.14,2,2,0,1,0,1,0.43213380948428215,Moderate
R02571,District Road,19.36,0,3.54,1,783.1,16.97,15.6,21.26,3,1,0,1,0,1,0.31396853736379876,Moderate
R02572,Village Road,16.32,3,10.71,1,892.7,9.58,33.8,21.98,4,4,0,0,0,1,0.11265804251393476,Safe
R02573,State Highway,2.64,1,9.91,2,1920.7,42.25,34.2,13.68,2,1,0,1,0,1,0.43283990309653797,Moderate
R02574,District Road,2.87,1,6.38,2,701.1,36.26,25.29,20.85,4,1,0,0,0,1,0.16995002296732664,Safe
R02575,State Highway,12.09,0,3.17,0,747.0,11.27,92.38,28.83,3,2,0,0,0,1,0.09044573346634469,Safe
R02576,District Road,7.23,0,3.05,2,1375.4,4.77,173.22,32.42,1,4,0,0,0,1,0.17156436131947858,Safe
R02577,Village Road,1.18,0,4.84,2,1184.4,16.77,141.14,25.67,1,2,0,0,0,1,0.20904591753753543,Safe
R02578,District Road,11.06,1,7.44,3,2391.1,18.69,60.65,30.68,1,0,0,0,1,1,0.2368450465758343,Safe
R02579,State Highway,8.06,1,7.12,3,695.3,0.32,174.93,22.69,0,0,1,0,0,1,0.43692514939407523,Moderate
R02580,District Road,2.47,1,8.27,2,275.1,39.92,100.17,15.4,1,1,0,0,0,1,0.23393888222932568,Safe
R02581,Highway,16.14,1,9.95,2,1375.4,38.31,41.48,28.1,2,0,0,1,0,1,0.4049834456046564,Moderate
R02582,Village Road,18.34,2,6.4,3,502.1,38.26,68.9,27.55,2,3,0,0,0,1,0.24135874702613408,Safe
R02583,District Road,15.25,0,4.44,3,1063.4,36.26,157.27,10.18,1,2,0,0,0,1,0.1930548858154168,Safe
R02584,District Road,16.54,2,10.2,2,508.6,32.99,67.11,21.99,2,3,0,0,0,1,0.2858683533886329,Moderate
R02585,District Road,4.72,1,5.99,2,2208.4,28.55,41.82,33.42,1,0,0,0,0,1,0.17434950542261488,Safe
R02586,District Road,5.64,1,5.58,0,852.3,43.21,42.14,34.61,1,2,0,0,0,1,0.15729946296016323,Safe
R02587,Highway,4.57,0,9.88,2,1948.4,32.03,180.49,21.42,1,3,0,0,0,1,0.2723217876458272,Moderate
R02588,District Road,15.42,1,11.41,0,2374.1,28.36,137.01,28.04,1,1,1,0,0,1,0.4134989284629489,Moderate
R02589,State Highway,18.98,0,11.23,1,2354.3,35.5,50.81,10.44,2,4,0,0,0,1,0.09390189857369377,Safe
R02590,District Road,14.48,3,4.24,1,1335.8,11.08,53.63,16.7,2,0,0,0,0,1,0.1908814023056243,Safe
R02591,Village Road,17.69,1,7.53,1,2459.0,43.52,32.25,28.04,4,3,1,0,0,1,0.3654869530488981,Moderate
R02592,Village Road,12.95,3,3.84,1,1657.0,0.86,35.83,26.32,2,2,0,0,1,0,0.2747395568286818,Moderate
R02593,District Road,8.06,1,11.65,2,364.8,29.18,128.67,26.51,5,2,0,0,0,1,0.2556848657399703,Moderate
R02594,District Road,8.8,0,4.94,2,2226.5,3.47,49.33,27.41,1,0,0,0,0,1,0.03013105074257072,Safe
R02595,Highway,1.97,1,4.78,1,1198.3,38.4,46.49,20.73,2,2,0,0,0,1,0.16581361900602026,Safe
R02596,Village Road,1.11,0,11.0,2,424.1,43.54,86.93,33.45,1,3,0,0,0,1,0.17947070957245329,Safe
R02597,State Highway,14.06,3,11.71,3,1989.0,18.39,90.72,19.15,2,1,1,0,0,0,0.425544960489732,Moderate
R02598,District Road,9.05,2,9.28,1,1579.8,38.57,167.31,32.55,5,5,0,1,0,0,0.5448224217128929,High
R02599,State Highway,11.27,2,4.09,1,2211.2,15.11,56.0,11.51,1,0,0,1,0,0,0.33286713940915547,Moderate
R02600,Highway,11.37,1,7.37,1,2076.9,7.17,70.45,31.23,2,1,0,0,0,1,0.053770500804753374,Safe
R02601,District Road,5.91,1,10.35,3,834.3,12.45,67.17,17.58,1,2,0,0,0,1,0.13279807342077504,Safe
R02602,Highway,9.78,3,8.15,1,678.0,13.58,81.13,26.49,2,1,0,0,0,1,0.17987655855108053,Safe
R02603,District Road,9.68,0,4.19,3,1847.9,28.38,19.42,11.37,1,2,0,0,0,1,0.18149898275276594,Safe
R02604,State Highway,8.07,2,4.55,1,1454.6,35.83,87.83,12.0,0,1,0,1,0,0,0.4300705551101896,Moderate
R02605,Highway,16.5,1,10.78,0,221.2,9.23,121.26,11.42,3,1,0,0,0,1,0.09241100942507408,Safe
R02606,District Road,9.3,3,7.74,0,495.0,3.97,86.06,22.12,3,2,0,0,0,1,0.23524729486853405,Safe
R02607,Highway,12.27,2,9.35,1,420.8,9.97,19.56,20.4,2,2,0,0,0,1,0.16992056836618705,Safe
R02608,State Highway,17.96,3,6.36,1,1495.0,13.34,157.26,17.98,1,3,0,0,0,1,0.28935992534906724,Moderate
R02609,District Road,17.39,1,7.79,1,260.1,12.59,119.15,21.15,1,0,0,1,1,1,0.36993793366679606,Moderate
R02610,Highway,17.86,0,11.79,1,558.9,9.9,168.09,17.84,1,2,1,0,0,1,0.3626202920394235,Moderate
R02611,Village Road,5.77,1,5.97,1,1386.2,20.97,102.97,31.79,3,1,1,0,0,1,0.457489036974075,Moderate
R02612,Highway,1.18,2,9.07,2,376.0,38.52,62.44,24.07,3,1,0,0,0,1,0.28096063842436725,Moderate
R02613,State Highway,5.59,2,4.55,2,658.3,4.52,356.88,17.76,2,1,1,1,0,0,0.6726873086370998,High
R02614,District Road,5.93,0,4.1,2,2271.6,38.79,73.82,21.37,4,2,0,0,1,1,0.34735176613680874,Moderate
R02615,State Highway,18.23,1,10.05,3,1757.9,22.37,128.84,31.68,2,1,0,0,0,1,0.23641616140511418,Safe
R02616,Highway,13.16,0,10.6,1,801.9,29.72,76.62,20.23,2,3,1,0,0,1,0.36731998531542587,Moderate
R02617,State Highway,2.09,2,9.01,0,2199.5,36.69,123.13,20.68,1,2,1,0,0,1,0.44100226574143503,Moderate
R02618,State Highway,3.14,0,4.42,0,663.2,13.69,55.6,18.44,1,2,0,0,0,1,0.0943573979935334,Safe
R02619,Village Road,3.54,1,5.17,1,1493.3,42.94,162.56,16.51,2,1,1,0,0,1,0.47519414637634827,Moderate
R02620,State Highway,12.79,0,11.2,1,952.8,3.77,112.8,21.79,1,1,0,0,0,1,0.0767513162604916,Safe
R02621,Village Road,14.84,1,5.6,3,1892.8,23.74,139.61,28.41,1,2,0,0,0,1,0.22203124053181122,Safe
R02622,Village Road,17.26,3,10.37,2,960.4,11.47,62.72,19.2,4,2,0,0,0,1,0.26556253235701177,Moderate
R02623,District Road,18.84,0,5.57,0,659.7,18.36,59.6,15.67,2,0,0,0,0,1,0.15855614985205005,Safe
R02624,Village Road,4.43,0,11.46,1,1538.9,20.2,85.67,26.5,1,0,1,0,0,1,0.3593053046307626,Moderate
R02625,State Highway,6.54,0,11.23,2,1876.1,41.15,33.44,30.21,1,3,0,0,0,1,0.15018593141390885,Safe
R02626,Village Road,5.19,1,3.39,3,1364.1,19.87,108.56,10.55,3,2,0,0,0,1,0.15593353550558564,Safe
R02627,Highway,7.5,1,9.93,0,1804.9,31.41,84.53,25.81,3,4,0,0,1,1,0.29589250259487776,Moderate
R02628,District Road,18.34,0,4.53,1,1083.9,42.83,175.0,32.52,2,3,1,0,0,1,0.44105544419461995,Moderate
R02629,District Road,11.71,1,4.94,3,1998.8,22.25,118.95,12.21,2,0,0,0,0,1,0.1851441116506404,Safe
R02630,State Highway,14.89,0,7.14,3,1483.3,18.37,93.84,32.48,1,0,0,0,0,1,0.1315451784686028,Safe
R02631,District Road,10.06,2,8.19,1,530.8,43.78,45.31,12.94,2,0,0,0,0,1,0.18583630470032728,Safe
R02632,District Road,1.06,2,5.93,0,2232.3,37.25,125.24,34.92,4,0,1,1,0,0,0.6201256560391619,High
R02633,Highway,1.75,3,8.18,1,2100.2,42.29,117.25,22.79,3,1,0,0,0,1,0.31718458338202526,Moderate
R02634,State Highway,10.99,3,4.54,2,2411.6,17.88,55.56,28.25,5,0,1,0,0,0,0.3583768563305672,Moderate
R02635,District Road,14.52,1,3.2,1,1444.1,31.33,174.81,11.57,1,0,1,0,0,1,0.4372590924960298,Moderate
R02636,District Road,4.7,1,8.14,3,1705.6,11.23,40.35,12.56,2,4,0,0,0,1,0.18854039263039074,Safe
R02637,Village Road,14.58,2,7.66,1,2165.8,38.96,124.91,34.08,0,0,0,0,1,1,0.39063130498139165,Moderate
R02638,Village Road,16.31,0,9.21,1,178.8,41.99,164.26,34.71,4,2,1,0,0,1,0.473062505182558,Moderate
R02639,Village Road,8.53,0,8.85,2,2284.9,12.05,56.38,16.93,2,2,0,0,0,1,0.06065793017532539,Safe
R02640,District Road,15.06,0,11.08,1,714.4,4.72,134.56,18.55,2,1,0,0,0,1,0.09569567841156461,Safe
R02641,State Highway,8.38,1,7.14,1,189.8,9.03,111.95,10.25,1,0,0,0,1,1,0.34841190161601926,Moderate
R02642,Highway,13.73,1,3.08,1,632.1,28.48,131.42,33.9,1,3,1,0,0,1,0.35147392538155786,Moderate
R02643,Village Road,15.4,0,8.68,2,1486.6,12.25,54.5,32.94,2,1,0,0,0,1,0.19804820676472784,Safe
R02644,District Road,19.84,0,9.08,0,167.2,28.74,116.32,12.9,0,2,0,0,0,1,0.09161595196233803,Safe
R02645,Highway,7.24,2,7.69,1,51.9,15.76,56.59,19.13,2,3,0,0,0,1,0.17153995714979373,Safe
R02646,State Highway,8.52,0,9.2,2,1616.4,41.26,57.83,34.17,2,1,0,1,0,1,0.40747579211362006,Moderate
R02647,Village Road,3.73,3,5.91,1,1160.8,20.37,105.46,13.14,1,4,0,0,1,0,0.31918365744572985,Moderate
R02648,District Road,4.48,0,4.34,3,2118.6,22.39,36.63,31.84,3,0,0,0,0,1,0.14560410030505982,Safe
R02649,District Road,14.02,1,8.98,1,681.0,15.66,161.58,15.04,2,2,1,0,0,1,0.3621403792517416,Moderate
R02650,District Road,18.38,1,5.21,1,737.7,3.29,75.44,11.71,2,0,0,0,0,1,0.13126167516750195,Safe
R02651,State Highway,8.19,0,7.11,1,240.0,22.21,56.38,13.55,1,2,0,0,0,1,0.08449395016174702,Safe
R02652,State Highway,4.01,1,7.42,2,1369.4,34.85,86.86,27.75,1,3,0,0,0,1,0.25778115093377946,Moderate
R02653,State Highway,6.06,1,7.29,0,946.5,42.89,50.2,13.43,1,1,0,1,0,1,0.3771181412046482,Moderate
R02654,Highway,9.37,2,8.39,2,882.3,3.45,65.5,10.09,3,1,0,0,0,1,0.15699524000310128,Safe
R02655,Village Road,6.17,2,3.27,0,1171.2,35.88,60.69,29.39,0,1,0,1,0,0,0.3843342787807533,Moderate
R02656,District Road,5.05,0,11.91,1,2131.7,12.02,57.43,26.39,6,2,0,0,0,1,0.13304351123305222,Safe
R02657,Village Road,14.85,0,9.45,1,307.7,37.03,77.07,31.95,0,0,0,0,1,1,0.2570963428963512,Moderate
R02658,Village Road,0.65,0,6.83,0,1332.8,15.39,26.93,24.44,0,3,0,0,0,1,0.06846232407564942,Safe
R02659,State Highway,11.01,0,4.72,0,531.3,5.15,59.6,11.14,0,0,1,0,0,1,0.2428884544350445,Safe
R02660,District Road,15.98,1,3.72,0,570.4,27.54,153.93,10.54,3,6,0,0,0,1,0.23270062581924011,Safe
R02661,District Road,5.69,3,9.05,0,679.0,40.23,97.88,29.63,3,1,0,0,0,1,0.29108280601762315,Moderate
R02662,Village Road,12.26,1,5.85,2,1175.5,8.17,219.74,32.25,1,1,1,1,0,1,0.6396459281768913,High
R02663,State Highway,13.54,2,5.07,2,1261.3,0.98,68.43,30.01,2,2,0,0,0,1,0.18104342202226334,Safe
R02664,District Road,13.27,1,6.42,0,2185.2,39.77,39.94,19.35,2,2,0,0,0,1,0.09756209186652023,Safe
R02665,District Road,9.19,2,8.34,0,2235.7,31.4,41.32,26.55,0,1,0,0,0,1,0.09376755600697384,Safe
R02666,State Highway,7.26,0,9.05,2,1487.3,36.39,100.97,11.94,2,2,0,0,0,1,0.21198024525441564,Safe
R02667,Highway,16.8,2,8.81,0,739.4,2.69,84.93,27.96,1,0,1,0,0,1,0.314493142530991,Moderate
R02668,District Road,15.29,2,10.77,3,2055.2,40.07,303.46,16.24,1,0,1,0,0,1,0.5808129726734754,High
R02669,District Road,6.76,0,4.97,0,1992.6,18.86,80.77,33.36,1,3,0,1,0,1,0.3071273981041677,Moderate
R02670,State Highway,2.51,0,8.73,2,2005.0,40.39,145.95,18.44,3,3,0,0,0,1,0.28078581100351097,Moderate
R02671,District Road,1.9,3,3.91,1,90.1,2.92,143.16,18.48,1,0,0,1,0,0,0.40442467287850303,Moderate
R02672,State Highway,2.34,2,7.93,0,1897.0,39.82,51.75,17.16,1,1,1,0,0,1,0.40452137827701873,Moderate
R02673,District Road,11.87,0,8.26,0,2139.2,30.3,230.56,25.84,2,2,1,1,0,1,0.604789207888771,High
R02674,State Highway,1.51,1,4.95,2,1532.3,24.94,116.93,12.42,2,2,0,0,0,1,0.1687690285986393,Safe
R02675,Village Road,7.07,1,6.53,1,1890.5,2.78,98.27,11.34,2,1,0,0,0,1,0.13713022380688006,Safe
R02676,State Highway,15.19,1,10.44,1,1951.6,30.98,89.67,27.4,2,2,0,0,0,1,0.12313041202740158,Safe
R02677,State Highway,6.24,1,4.34,0,1291.1,26.9,97.02,33.64,3,1,1,1,0,1,0.511973448239755,High
R02678,Highway,15.38,0,6.91,1,2043.4,32.68,77.06,28.59,6,2,1,0,1,1,0.42069649396882436,Moderate
R02679,Highway,15.04,1,11.39,1,1991.1,32.25,69.16,16.25,0,0,0,0,0,1,0.1532285876044348,Safe
R02680,District Road,5.29,2,7.54,1,2294.5,19.97,62.09,19.05,3,2,0,0,0,1,0.1728458136599461,Safe
R02681,State Highway,14.71,2,9.53,0,2307.4,9.21,91.83,15.08,2,1,0,1,0,0,0.37841114488113164,Moderate
R02682,Village Road,15.08,0,10.44,1,1347.8,41.35,32.61,27.1,5,1,0,0,0,1,0.14671637551849667,Safe
R02683,Highway,8.25,2,4.83,2,127.2,41.65,145.11,15.93,5,2,0,1,1,0,0.5975345280230728,High
R02684,State Highway,4.6,0,4.96,3,96.8,9.54,61.22,24.28,0,1,0,1,0,1,0.361601174363548,Moderate
R02685,State Highway,10.66,1,9.83,2,2350.4,28.38,22.91,30.99,4,1,0,0,0,1,0.11749379701128587,Safe
R02686,Highway,18.47,3,9.78,0,876.5,9.13,225.8,22.91,1,2,0,0,1,0,0.3715937404135851,Moderate
R02687,Highway,12.97,1,3.54,0,975.0,38.76,69.57,24.84,3,1,0,1,0,1,0.36373941317243885,Moderate
R02688,District Road,3.87,0,5.9,0,1201.3,4.42,112.74,34.2,2,1,0,0,0,1,0.083868080515387,Safe
R02689,District Road,13.81,0,6.59,0,701.2,44.56,60.63,17.98,2,0,1,0,0,1,0.32421977447875583,Moderate
R02690,District Road,8.83,1,10.46,0,1496.5,27.49,49.04,29.94,2,1,1,1,0,1,0.46667685010086046,Moderate
R02691,District Road,12.03,2,6.8,0,1972.3,1.03,313.39,27.17,2,1,1,1,0,0,0.6493076601822454,High
R02692,District Road,14.81,3,11.33,0,680.5,39.69,119.19,12.83,2,2,1,0,0,0,0.5193020931519702,High
R02693,Highway,10.54,2,11.97,0,1870.5,30.8,122.4,34.74,1,4,0,1,0,0,0.4901251812280312,Moderate
R02694,District Road,16.37,2,10.03,1,1696.4,31.38,63.25,27.24,1,0,0,0,0,1,0.14904039896058277,Safe
R02695,Village Road,14.58,2,9.0,0,1337.7,12.38,90.89,10.35,1,2,0,0,0,1,0.15404363552499356,Safe
R02696,District Road,12.49,2,6.53,0,847.3,15.16,41.1,28.06,0,2,0,0,0,1,0.05225864956407898,Safe
R02697,District Road,3.44,0,3.6,2,2188.3,41.15,44.57,13.35,4,0,0,1,0,1,0.4099890073384738,Moderate
R02698,State Highway,16.8,3,8.16,0,1036.9,28.57,32.14,17.33,0,3,0,0,0,1,0.1700195062465366,Safe
R02699,Village Road,18.75,1,6.26,0,967.9,0.76,83.33,18.71,2,1,0,0,0,1,0.20945247426235392,Safe
R02700,Village Road,3.17,3,6.16,0,1621.4,14.73,79.97,17.74,1,0,1,0,0,0,0.45343301984021267,Moderate
R02701,District Road,10.02,0,9.19,1,2304.8,26.93,108.69,28.61,2,0,0,0,0,1,0.13456219846154405,Safe
R02702,Village Road,5.55,2,7.17,2,1294.6,6.66,66.64,28.83,1,0,0,0,0,1,0.22371964594036528,Safe
R02703,Highway,15.21,2,9.77,0,1820.6,4.42,114.68,23.21,2,1,0,0,0,1,0.1733037005910484,Safe
R02704,Highway,14.57,3,6.58,1,1169.4,2.67,99.34,24.18,3,1,0,0,0,1,0.16272673699980195,Safe
R02705,Village Road,3.25,2,4.36,2,586.1,28.38,133.41,17.84,1,1,0,0,0,1,0.2759138584496823,Moderate
R02706,Village Road,17.6,1,7.15,1,353.7,14.43,35.84,10.58,2,1,0,1,0,1,0.31338780899712787,Moderate
R02707,Highway,4.03,1,11.56,2,384.0,16.82,13.04,18.79,3,2,0,0,0,1,0.08683276459123246,Safe
R02708,State Highway,16.05,1,10.21,2,102.2,2.7,54.63,10.24,3,2,1,0,0,1,0.3252465131437059,Moderate
R02709,Highway,9.41,0,4.85,0,1404.6,33.21,53.22,31.62,1,2,0,0,0,1,0.08706164175286231,Safe
R02710,State Highway,6.9,0,6.52,1,371.2,34.5,83.65,26.02,2,0,1,0,0,1,0.35462157690966034,Moderate
R02711,Village Road,3.59,0,11.35,2,2171.0,37.32,143.1,34.48,2,2,0,0,0,1,0.23309008604620035,Safe
R02712,District Road,3.77,1,4.11,3,2458.1,29.32,196.94,14.57,6,2,1,1,0,1,0.6965753813054979,High
R02713,State Highway,13.41,3,5.29,2,1264.9,34.8,126.74,26.45,2,0,0,0,0,1,0.36908107694683784,Moderate
R02714,State Highway,11.23,3,5.36,0,1151.7,25.98,120.65,14.7,3,1,1,0,0,0,0.388247232499852,Moderate
R02715,Highway,2.88,0,8.14,0,902.8,22.12,98.84,25.97,1,3,1,0,0,1,0.31644456188408204,Moderate
R02716,State Highway,2.7,0,6.7,2,1613.2,11.69,50.56,22.29,2,3,0,1,0,1,0.311338146457162,Moderate
R02717,District Road,1.91,0,3.72,1,1539.7,2.4,125.41,26.62,4,2,1,0,0,1,0.323196503698716,Moderate
R02718,Village Road,15.0,0,8.66,1,891.3,13.13,83.92,28.13,0,1,1,0,0,1,0.391905389683269,Moderate
R02719,Village Road,14.38,0,3.89,1,890.8,30.76,254.08,23.07,0,3,1,0,0,1,0.4601981127294358,Moderate
R02720,Highway,1.64,1,8.46,0,1629.8,41.71,118.42,22.34,2,0,1,1,1,0,0.705452474612512,High
R02721,Village Road,11.43,1,7.56,2,1408.6,11.53,69.95,11.74,3,0,0,0,0,1,0.18540485370759024,Safe
R02722,Village Road,2.15,1,7.44,2,1810.5,30.14,28.1,19.09,3,0,0,0,0,1,0.08647618886908383,Safe
R02723,Village Road,18.12,1,3.61,1,2356.4,21.52,73.14,17.55,0,2,0,0,0,1,0.14545634732113435,Safe
R02724,District Road,18.19,0,8.75,1,1960.0,28.24,127.55,25.64,4,1,1,0,0,1,0.33475583056317243,Moderate
R02725,State Highway,14.12,2,6.88,2,795.6,0.07,168.19,16.9,1,4,1,0,0,1,0.38610816816118154,Moderate
R02726,State Highway,18.56,2,6.7,0,1909.8,5.52,83.29,15.81,2,2,0,0,1,1,0.2862499828232087,Moderate
R02727,Highway,16.32,0,8.37,0,1152.6,9.77,109.24,31.22,2,2,0,0,0,1,0.10667132829536499,Safe
R02728,State Highway,16.66,0,8.46,0,1955.3,40.21,42.85,30.71,2,3,0,1,0,1,0.37971384876298514,Moderate
R02729,State Highway,11.61,0,3.14,3,2222.1,1.82,160.24,18.21,1,1,0,0,0,1,0.1653230515635409,Safe
R02730,District Road,6.47,0,4.13,1,662.4,25.63,5.52,12.14,1,1,0,1,0,1,0.3609783834813299,Moderate
R02731,District Road,4.75,1,5.13,0,634.7,41.79,112.84,22.44,1,1,0,0,0,1,0.1817510351287346,Safe
R02732,District Road,6.88,0,9.1,1,1109.9,29.34,87.67,21.28,2,2,0,0,1,1,0.2691909167078025,Moderate
R02733,Highway,12.76,1,8.19,0,176.3,21.8,47.61,31.75,4,1,0,0,1,1,0.18341836786761528,Safe
R02734,Village Road,3.87,0,9.82,0,1729.9,17.37,65.79,23.67,0,1,0,0,0,1,0.08682254013990508,Safe
R02735,Village Road,5.54,2,9.67,1,1886.8,28.09,176.34,33.57,1,1,0,1,0,0,0.46134313555767087,Moderate
R02736,Village Road,9.63,0,10.68,1,896.3,21.62,60.42,22.08,1,0,1,0,0,1,0.3462190330577368,Moderate
R02737,Village Road,5.04,1,6.39,1,1189.9,31.74,88.33,26.68,1,2,0,0,0,1,0.11647791170558916,Safe
R02738,District Road,11.98,0,6.11,2,1496.4,27.8,32.94,21.99,0,1,0,0,0,1,0.11553104416122757,Safe
R02739,Village Road,18.5,0,10.48,2,230.3,25.53,103.9,18.03,3,1,0,1,0,1,0.3348079737051922,Moderate
R02740,Highway,15.09,2,5.14,1,1792.7,43.06,44.94,10.69,0,2,0,0,1,1,0.2795413792930428,Moderate
R02741,State Highway,13.5,1,7.15,1,1340.4,37.61,73.11,29.83,2,1,0,1,0,1,0.4037042135992763,Moderate
R02742,State Highway,11.86,0,4.75,1,1579.4,27.4,45.17,32.58,3,1,1,0,0,1,0.3503777317011617,Moderate
R02743,State Highway,10.01,1,11.22,1,1823.4,24.24,40.04,28.34,3,2,0,0,0,1,0.10333730422206235,Safe
R02744,Highway,4.14,1,6.67,1,1705.1,32.58,45.15,16.81,2,1,1,0,0,1,0.39135529124917806,Moderate
R02745,District Road,17.95,1,4.91,1,283.5,36.18,43.2,30.42,4,2,0,1,1,1,0.5309774539111767,High
R02746,Village Road,5.35,1,9.23,0,1967.4,13.29,44.63,25.32,1,0,0,0,0,1,0.08543601460658297,Safe
R02747,District Road,2.28,2,5.2,0,1544.6,30.01,82.35,27.07,2,1,0,0,0,1,0.2978326984536196,Moderate
R02748,Highway,15.13,0,11.49,1,1801.5,6.08,38.97,11.66,4,1,0,0,0,1,0.055051821632257206,Safe
R02749,Village Road,3.92,1,6.31,1,690.7,19.37,74.19,24.55,3,1,0,1,0,1,0.34090117071871906,Moderate
R02750,District Road,7.75,0,8.98,1,592.5,42.23,80.3,24.03,4,1,1,0,0,1,0.32628451537076497,Moderate
R02751,State Highway,1.05,2,6.11,3,2073.9,14.68,166.44,26.54,4,3,0,1,0,0,0.4528941631214197,Moderate
R02752,District Road,3.17,3,10.27,1,1006.5,6.94,195.11,29.29,2,1,0,1,0,0,0.4867785533249585,Moderate
R02753,State Highway,3.88,2,11.07,2,1459.6,6.58,171.61,20.12,3,2,1,1,0,0,0.6931163293066732,High
R02754,State Highway,1.56,2,10.09,1,1401.4,17.72,59.55,13.87,2,3,0,0,0,1,0.1732193753589027,Safe
R02755,Village Road,13.3,3,10.64,0,1483.7,10.13,101.52,33.1,2,2,1,0,0,0,0.4743512570980156,Moderate
R02756,State Highway,16.82,1,3.92,3,220.3,19.21,63.91,29.41,3,2,0,0,0,1,0.19341260149354517,Safe
R02757,District Road,7.78,2,11.32,2,791.1,32.35,92.15,23.51,0,2,0,0,0,1,0.2199543733434664,Safe
R02758,Village Road,17.55,3,8.62,1,212.9,39.97,89.62,18.86,2,3,0,0,0,1,0.33869653468087324,Moderate
R02759,District Road,4.66,0,10.82,0,1226.4,4.96,66.22,34.6,3,3,1,1,0,1,0.5306557081442155,High
R02760,Highway,6.85,1,9.16,0,2260.1,34.58,34.55,12.34,1,5,0,1,0,1,0.3685318090918192,Moderate
R02761,Highway,3.44,2,4.82,2,1003.5,4.66,31.5,33.37,0,4,0,0,0,1,0.0727449152060422,Safe
R02762,Highway,12.6,3,8.49,0,1967.0,17.07,45.55,20.1,3,0,0,0,0,1,0.16796866764834034,Safe
R02763,District Road,8.69,2,3.82,1,753.8,44.84,38.69,12.42,4,1,1,1,0,0,0.6548000300844217,High
R02764,District Road,12.46,2,9.26,1,2147.9,3.09,118.38,19.48,1,4,0,0,0,1,0.13985401164524403,Safe
R02765,Highway,15.35,3,6.68,0,1077.8,1.03,125.6,28.74,1,4,0,1,0,0,0.4059806886114714,Moderate
R02766,Village Road,11.14,1,4.37,2,920.3,15.01,69.36,20.62,0,0,0,0,0,1,0.16789216160875556,Safe
R02767,District Road,12.74,0,11.81,2,1758.8,42.8,99.8,22.33,4,2,0,0,0,1,0.20507791657793933,Safe
R02768,State Highway,18.74,0,11.11,1,1306.3,0.9,116.91,30.59,2,1,1,0,0,1,0.33764101958794396,Moderate
R02769,District Road,6.33,1,11.04,1,876.4,10.02,92.21,25.39,0,0,0,0,0,1,0.10895178828055578,Safe
R02770,District Road,7.5,1,10.1,2,192.3,27.14,59.63,26.7,4,7,0,0,0,1,0.13374268434199407,Safe
R02771,Highway,14.5,1,9.23,1,458.3,10.52,129.13,13.85,1,0,0,0,0,1,0.14637406455173513,Safe
R02772,State Highway,12.42,1,8.9,1,1942.2,2.42,38.42,16.31,3,0,0,0,0,1,0.19359078382730482,Safe
R02773,Village Road,3.98,3,3.95,1,2305.8,2.36,60.76,20.28,0,1,0,0,0,1,0.20847064531816664,Safe
R02774,District Road,7.83,1,11.11,0,463.7,25.16,22.24,12.75,3,2,0,0,0,1,0.106918256866892,Safe
R02775,District Road,9.62,2,10.93,3,1445.1,25.29,53.37,16.98,2,2,0,0,0,1,0.22756716330084326,Safe
R02776,District Road,8.68,3,9.73,1,133.7,31.79,66.27,30.84,5,3,1,0,0,0,0.47172404139973906,Moderate
R02777,Highway,3.98,1,11.35,1,762.6,5.93,117.47,10.55,3,0,0,0,0,1,0.14734393197989476,Safe
R02778,State Highway,18.53,1,7.98,2,1149.5,22.49,52.71,11.27,2,3,0,0,0,1,0.1658873372806184,Safe
R02779,District Road,15.37,2,7.03,1,1852.9,27.04,121.45,27.18,3,0,1,0,0,1,0.4442161029087055,Moderate
R02780,State Highway,9.89,2,11.71,0,158.1,10.01,57.36,19.65,2,2,0,1,1,0,0.39354792406718125,Moderate
R02781,Highway,13.76,0,7.18,2,1964.0,24.63,17.63,29.33,6,1,0,0,0,1,0.12632711686572987,Safe
R02782,Village Road,18.0,0,8.77,0,546.5,31.87,71.18,33.3,3,3,0,0,0,1,0.134074939888891,Safe
R02783,Village Road,3.16,0,6.36,1,1910.9,44.59,98.82,16.67,2,3,1,0,0,1,0.3713754947805889,Moderate
R02784,Village Road,5.38,0,8.73,1,1582.4,26.84,149.45,10.92,1,0,1,0,0,1,0.4304699574014535,Moderate
R02785,Village Road,11.08,0,9.48,1,882.0,38.75,197.28,21.4,0,2,1,0,0,1,0.4895381468192503,Moderate
R02786,State Highway,16.08,0,8.62,2,1823.2,37.52,64.15,34.11,4,0,0,0,0,1,0.1946433627338211,Safe
R02787,Village Road,1.21,1,7.63,2,629.0,42.31,78.14,23.64,4,0,0,0,0,1,0.2564588132172991,Moderate
R02788,State Highway,19.69,3,5.7,2,588.3,32.54,170.48,19.44,2,1,1,0,0,0,0.5053357273484692,High
R02789,Village Road,9.37,1,8.79,1,201.3,9.59,104.39,23.8,1,1,0,0,0,1,0.09749296224221869,Safe
R02790,Village Road,7.51,3,11.18,3,1013.0,13.41,86.2,14.13,2,1,0,0,0,1,0.18140780116588004,Safe
R02791,District Road,6.21,2,3.06,1,289.4,35.31,16.31,28.78,2,1,0,0,0,1,0.20632224105865968,Safe
R02792,Village Road,3.9,2,4.21,1,1077.8,23.44,120.89,27.01,0,0,0,0,0,1,0.24641950250050532,Safe
R02793,District Road,15.94,1,4.08,3,74.0,11.31,113.98,28.1,4,0,1,0,0,1,0.3428356778663945,Moderate
R02794,State Highway,19.13,0,11.31,0,430.0,29.55,40.0,17.56,1,1,0,0,0,1,0.14424067560168483,Safe
R02795,District Road,8.57,2,8.96,0,2334.3,40.79,108.55,30.34,1,1,0,1,0,0,0.5144460115795404,High
R02796,District Road,19.07,3,11.57,3,1999.1,16.1,157.39,32.32,5,2,1,1,0,0,0.7125138862152555,High
R02797,Highway,16.56,1,8.25,3,628.6,26.83,50.01,33.89,2,4,0,0,0,1,0.19589310568801155,Safe
R02798,District Road,9.88,0,7.16,2,1809.8,26.17,97.31,25.96,3,0,0,1,0,1,0.34818912091697984,Moderate
R02799,Village Road,13.64,2,10.13,1,1687.8,5.71,23.8,18.7,2,1,0,0,0,1,0.07988967350524769,Safe
R02800,State Highway,8.98,0,4.45,1,483.5,4.06,69.34,19.69,1,1,0,0,0,1,0.1449071059604883,Safe
R02801,Village Road,11.4,0,6.43,0,959.1,40.02,50.46,24.14,3,3,0,1,0,1,0.35823091250604955,Moderate
R02802,Village Road,1.63,2,7.2,1,2288.6,42.01,158.68,24.39,1,2,0,0,0,1,0.32375235619834897,Moderate
R02803,Village Road,14.08,1,5.69,1,1859.9,40.69,115.64,29.81,0,2,0,0,0,1,0.29898793308847726,Moderate
R02804,Village Road,1.53,1,6.34,0,1912.9,17.85,120.69,12.12,2,2,1,0,0,1,0.3391589888919198,Moderate
R02805,District Road,16.43,3,3.7,1,1431.5,12.94,46.37,24.16,3,1,0,0,1,0,0.30592596233191904,Moderate
R02806,Village Road,16.59,1,4.78,1,1680.6,42.4,56.92,18.71,0,3,0,0,0,1,0.25853146682328615,Moderate
R02807,Village Road,5.12,1,6.02,2,1296.4,39.73,115.55,30.85,1,3,0,1,1,1,0.5397945195591343,High
R02808,State Highway,6.81,0,10.16,1,1865.2,36.89,70.75,18.8,3,1,0,1,0,1,0.36732286505786194,Moderate
R02809,District Road,9.89,0,4.64,2,1845.2,15.04,212.95,21.7,0,1,1,1,0,1,0.6377871411645505,High
R02810,District Road,12.13,2,6.12,1,126.2,28.74,99.01,15.69,3,3,1,1,0,0,0.615994982169278,High
R02811,State Highway,6.1,1,3.58,1,1597.8,33.77,89.65,17.39,0,1,1,1,0,1,0.5853201144085919,High
R02812,District Road,12.05,0,8.01,1,1593.0,25.93,50.91,23.89,1,4,1,0,0,1,0.36110657046683436,Moderate
R02813,District Road,6.31,0,8.5,0,214.9,27.09,152.9,20.65,2,1,1,1,1,1,0.5867252797677938,High
R02814,State Highway,1.58,1,10.79,1,1055.4,34.05,72.58,15.04,3,2,0,0,0,1,0.18307325996238144,Safe
R02815,District Road,0.55,1,10.37,2,2252.0,34.51,259.86,21.85,3,1,1,0,0,1,0.5319550411951547,High
R02816,Village Road,2.47,1,5.57,1,2385.9,10.8,111.7,14.13,0,3,1,0,0,1,0.4208636651223375,Moderate
R02817,District Road,15.95,1,4.23,3,1966.4,17.58,57.0,32.04,0,0,0,0,0,1,0.11538193802292762,Safe
R02818,Highway,19.25,0,4.4,1,421.1,35.15,44.42,33.11,2,2,0,1,0,1,0.3483372637107812,Moderate
R02819,Highway,8.83,1,11.72,0,968.1,11.77,79.2,15.66,4,5,0,0,0,1,0.11706885868859794,Safe
R02820,State Highway,10.5,3,9.06,1,497.3,41.2,49.94,11.31,2,2,0,0,0,1,0.22876955383984482,Safe
R02821,Village Road,3.36,0,3.38,2,1647.7,37.75,20.93,33.18,2,1,0,0,1,1,0.21837879694915552,Safe
R02822,State Highway,11.25,1,4.23,1,1944.2,40.3,10.23,17.8,3,3,0,0,0,1,0.19449563608217812,Safe
R02823,District Road,3.32,1,7.37,2,2215.2,13.38,96.47,14.7,2,0,0,0,0,1,0.1416431215480602,Safe
R02824,State Highway,12.42,2,4.87,2,2158.6,4.73,92.64,32.98,3,2,1,0,0,1,0.4075452691987491,Moderate
R02825,State Highway,18.7,0,10.23,0,293.1,4.53,66.5,32.07,1,2,0,0,0,1,0.10723194003932543,Safe
R02826,Village Road,4.32,3,8.16,0,357.9,25.02,361.49,11.33,3,2,1,1,0,0,0.6996874620887876,High
R02827,District Road,15.41,1,8.51,1,2278.7,13.75,86.21,15.19,1,3,0,0,0,1,0.20605040623144408,Safe
R02828,Highway,0.96,2,7.17,0,2117.3,11.86,305.18,30.31,7,2,1,1,0,0,0.7427202141587087,High
R02829,District Road,7.82,0,5.3,1,1177.9,10.01,65.52,16.68,0,0,0,0,0,1,0.04797490408962003,Safe
R02830,Highway,2.66,2,8.3,2,1103.6,25.29,76.66,26.71,2,3,0,0,0,1,0.30897664858115886,Moderate
R02831,District Road,7.37,2,9.45,1,1404.4,24.66,116.11,11.0,5,1,1,1,0,0,0.6136406104338382,High
R02832,District Road,3.88,1,6.34,1,1511.8,19.0,28.63,31.04,2,3,0,1,0,1,0.30775167739257353,Moderate
R02833,Highway,7.78,1,7.54,1,672.8,6.23,4.56,20.56,1,2,0,0,0,1,0.0562327040370243,Safe
R02834,State Highway,8.64,1,10.56,0,1039.2,41.8,71.7,21.75,2,3,0,0,0,1,0.144549254984595,Safe
R02835,State Highway,6.36,0,4.34,2,1568.2,19.26,79.55,30.21,2,1,0,0,0,1,0.16722872444684111,Safe
R02836,Village Road,13.3,2,7.91,2,555.4,5.56,101.16,21.35,0,1,0,1,1,0,0.48108909991700566,Moderate
R02837,Village Road,18.42,0,6.14,1,2497.1,1.67,58.61,12.6,0,1,0,0,0,1,0.08594403018382485,Safe
R02838,Highway,8.31,0,9.33,0,743.2,6.87,116.44,22.61,0,2,1,0,1,1,0.4697735936965982,Moderate
R02839,Village Road,4.25,1,3.17,2,1403.4,13.37,112.43,21.42,0,2,0,0,1,1,0.3215641617440221,Moderate
R02840,State Highway,5.78,0,9.03,1,1407.7,28.35,50.28,21.25,5,1,1,0,0,1,0.36242230929550745,Moderate
R02841,State Highway,17.15,3,3.93,0,1156.1,43.69,76.05,14.82,2,3,0,0,0,1,0.3315806820312148,Moderate
R02842,Village Road,11.65,2,3.58,3,641.8,12.24,139.68,14.1,2,0,1,0,0,1,0.39008911215451136,Moderate
R02843,Village Road,9.37,1,9.52,2,1435.1,35.54,23.82,29.45,1,3,0,0,1,1,0.2519158729247297,Moderate
R02844,Village Road,3.42,2,8.76,1,273.0,41.01,57.56,25.48,2,3,0,0,0,1,0.3185361971496338,Moderate
R02845,District Road,9.27,2,11.05,1,998.0,17.62,39.31,10.16,0,4,0,0,0,1,0.13378034779059772,Safe
R02846,State Highway,5.93,0,7.68,3,599.4,11.4,78.73,30.88,3,2,0,0,0,1,0.23407649398439917,Safe
R02847,Village Road,18.89,2,7.77,2,354.2,22.1,90.11,13.03,3,1,1,1,0,0,0.6749790916002236,High
R02848,State Highway,17.74,0,9.36,1,2317.4,40.35,165.01,28.44,0,1,1,0,0,1,0.41380036064978604,Moderate
R02849,District Road,2.14,1,5.91,2,1764.9,0.49,16.68,12.4,0,0,0,0,1,1,0.17227360741474393,Safe
R02850,State Highway,10.57,1,3.33,0,463.6,21.9,9.79,34.28,1,0,0,0,0,1,0.14209691764512714,Safe
R02851,District Road,4.89,2,5.07,0,2376.0,34.09,82.57,32.51,1,3,0,1,0,0,0.4454487276047626,Moderate
R02852,State Highway,8.51,0,5.14,0,579.2,27.05,93.96,14.58,3,5,0,0,0,1,0.17365778916447325,Safe
R02853,State Highway,17.6,0,6.02,0,627.3,22.38,51.52,10.21,1,2,1,0,0,1,0.26238547695839737,Moderate
R02854,Village Road,10.79,1,11.49,2,376.5,24.91,75.31,11.49,4,4,0,1,1,1,0.5343498322414287,High
R02855,Highway,7.02,1,10.24,0,1833.2,27.87,60.07,30.22,1,2,0,0,0,1,0.23575855796596493,Safe
R02856,District Road,4.55,2,11.42,2,1448.6,30.69,86.49,11.92,2,4,1,0,0,1,0.37699293417256674,Moderate
R02857,State Highway,16.11,1,11.99,1,192.7,16.03,41.46,29.45,0,0,0,0,0,1,0.14837702936145405,Safe
R02858,Highway,12.68,0,6.9,1,112.0,23.28,134.04,30.5,2,1,0,1,1,1,0.4373065750865601,Moderate
R02859,Highway,9.63,0,5.04,1,1355.0,12.31,28.93,17.67,2,1,0,1,0,1,0.22920281654558614,Safe
R02860,State Highway,4.74,1,8.04,1,1646.3,44.28,133.63,28.38,4,0,0,0,0,1,0.2846092997927055,Moderate
R02861,Village Road,7.02,1,10.93,1,2066.0,8.43,59.05,30.51,3,1,0,0,0,1,0.10764673492604909,Safe
R02862,State Highway,19.22,0,7.19,1,1221.8,6.78,209.34,29.52,1,1,1,0,0,1,0.4065837285949885,Moderate
R02863,Village Road,10.64,0,7.55,2,1707.5,12.1,102.11,14.79,1,4,0,0,0,1,0.1290828823869795,Safe
R02864,District Road,8.31,0,4.21,1,1847.5,41.4,54.9,21.23,0,2,0,0,0,1,0.14978667951279073,Safe
R02865,District Road,10.67,0,6.78,2,1552.0,29.65,54.44,11.71,3,4,0,0,0,1,0.19874420874362386,Safe
R02866,District Road,15.69,1,6.48,2,912.9,20.52,131.39,23.13,1,1,1,0,0,1,0.3972616898784431,Moderate
R02867,District Road,7.13,2,6.17,2,373.1,41.64,119.07,21.06,1,0,1,1,0,0,0.6062973815614704,High
R02868,Village Road,3.98,1,10.99,0,1636.5,40.51,106.47,32.57,1,1,1,0,0,1,0.37458642757129695,Moderate
R02869,State Highway,11.91,2,3.53,3,1933.3,18.07,100.93,10.45,1,0,1,0,0,1,0.4310554988366141,Moderate
R02870,State Highway,13.47,0,11.75,1,515.1,25.36,27.98,23.26,0,4,0,0,0,1,0.12389550746853291,Safe
R02871,Village Road,14.4,1,3.07,2,1262.4,40.74,196.1,28.31,0,0,0,1,0,1,0.47667409673932526,Moderate
R02872,Village Road,17.7,1,11.51,2,1023.3,14.37,58.35,21.6,4,0,0,0,0,1,0.15458305418565557,Safe
R02873,Village Road,7.74,1,7.93,1,554.0,18.34,131.99,15.95,1,2,0,0,0,1,0.1887211099067095,Safe
R02874,District Road,1.97,1,9.32,3,651.0,35.69,28.9,25.25,2,3,0,0,1,1,0.3321167775893409,Moderate
R02875,Village Road,19.19,2,4.68,0,632.3,31.44,46.55,34.68,2,3,0,0,0,1,0.16952733316518093,Safe
R02876,District Road,8.98,1,8.89,1,1076.4,2.19,51.55,11.03,2,0,0,0,0,1,0.12979220882076953,Safe
R02877,District Road,12.65,0,10.94,0,1006.6,5.28,101.05,14.9,1,1,0,0,0,1,0.10067600587771142,Safe
R02878,State Highway,13.49,1,4.26,0,1407.7,38.08,91.65,22.27,1,0,0,1,0,1,0.3864703515463348,Moderate
R02879,District Road,11.16,2,4.14,2,278.4,1.34,27.28,24.94,1,0,1,0,0,1,0.33286147972134017,Moderate
R02880,State Highway,4.5,3,5.74,0,1474.1,41.4,82.05,25.6,4,1,0,1,0,0,0.47088182880879853,Moderate
R02881,State Highway,15.23,1,4.46,2,103.5,12.23,67.2,11.51,2,0,0,0,0,1,0.184415352735041,Safe
R02882,Village Road,16.17,1,4.0,1,680.6,26.93,224.27,13.07,5,1,1,0,0,1,0.43186147053974766,Moderate
R02883,State Highway,11.28,1,9.1,1,1280.2,25.41,56.11,33.62,3,3,0,0,0,1,0.14899150648562087,Safe
R02884,Highway,10.03,2,4.92,1,1733.0,17.83,81.6,11.88,3,1,0,0,0,1,0.13023765323857397,Safe
R02885,Highway,2.72,3,9.0,0,1939.6,1.41,183.18,20.48,1,0,0,0,0,1,0.18550566447162567,Safe
R02886,Village Road,2.14,2,10.76,3,137.1,8.66,77.19,24.43,2,0,1,0,0,1,0.3842531752633717,Moderate
R02887,District Road,7.12,1,8.87,2,1366.8,27.67,71.98,17.85,2,3,1,0,0,1,0.4017354790583195,Moderate
R02888,District Road,6.56,0,4.07,1,918.4,20.09,41.3,16.39,3,1,0,0,0,1,0.06734320394010085,Safe
R02889,Village Road,19.1,2,8.16,0,1752.5,18.62,26.37,17.26,3,1,0,0,0,1,0.16110781200867294,Safe
R02890,Village Road,15.78,2,6.54,1,745.3,4.4,68.84,17.07,1,2,0,0,1,1,0.2421762751137582,Safe
R02891,State Highway,13.37,2,6.09,0,1872.1,15.62,138.31,19.48,0,3,1,0,0,1,0.4135348985210899,Moderate
R02892,District Road,10.59,0,5.87,2,1525.5,23.69,20.97,12.9,2,0,0,0,0,1,0.08763893912647125,Safe
R02893,Village Road,3.76,1,11.36,2,1984.7,3.5,72.42,31.34,3,1,0,0,0,1,0.1597129776668743,Safe
R02894,District Road,19.58,0,9.68,1,2461.8,3.0,136.4,28.99,0,1,1,1,0,1,0.5654708415475838,High
R02895,State Highway,7.81,2,4.2,2,2276.0,22.12,23.94,10.85,0,1,0,0,0,1,0.21868346950038117,Safe
R02896,Village Road,2.59,0,7.28,0,1503.6,25.26,34.4,29.03,2,1,1,0,0,1,0.28046711758619064,Moderate
R02897,District Road,10.13,1,5.86,1,2239.7,11.59,75.0,30.7,2,2,0,0,0,1,0.22688078159427943,Safe
R02898,State Highway,17.54,0,11.8,2,425.1,14.66,74.64,33.05,0,2,0,0,0,1,0.11723965025634708,Safe
R02899,District Road,17.8,0,11.8,0,155.4,35.86,111.56,25.32,0,1,1,0,0,1,0.38492557721717074,Moderate
R02900,Highway,0.71,1,5.88,1,1356.2,39.12,37.47,31.32,2,2,0,1,0,1,0.4225326867456619,Moderate
R02901,Highway,17.78,0,6.17,1,2437.2,14.64,151.8,28.98,4,2,1,1,0,1,0.6151973322440907,High
R02902,Village Road,5.79,1,8.39,1,1788.9,16.01,66.01,10.64,3,1,0,0,0,1,0.19470010994617293,Safe
R02903,Highway,1.26,3,7.31,1,797.6,37.36,49.04,30.28,2,3,0,0,0,1,0.29650238104718285,Moderate
R02904,District Road,17.03,3,4.92,1,1688.5,43.82,180.31,24.53,2,1,1,0,0,0,0.5331517106989133,High
R02905,District Road,17.35,0,8.94,1,147.8,14.43,135.06,26.26,2,0,1,1,0,1,0.539121399103982,High
R02906,Highway,12.13,2,6.01,0,1203.0,35.49,41.93,32.12,1,2,1,0,0,1,0.3766748144564948,Moderate
R02907,Village Road,11.7,1,8.88,0,631.3,21.59,97.8,10.26,2,0,0,1,0,1,0.37223705624857545,Moderate
R02908,State Highway,16.36,3,6.45,1,170.5,11.87,97.78,12.7,3,1,1,0,0,0,0.32466547291078673,Moderate
R02909,State Highway,15.83,2,9.3,0,662.3,30.68,113.34,24.34,1,2,0,0,0,1,0.30439605934921077,Moderate
R02910,State Highway,17.86,0,9.01,2,1820.0,20.81,94.27,20.24,0,2,1,0,0,1,0.3819150269967828,Moderate
R02911,State Highway,11.28,1,7.58,2,1400.4,12.07,223.41,20.45,4,0,0,0,0,1,0.2490860786599412,Safe
R02912,Highway,19.37,0,9.34,1,107.4,4.83,113.66,17.81,1,1,0,0,0,1,0.07537300688047496,Safe
R02913,District Road,19.92,2,7.15,2,1053.9,39.01,90.88,30.46,0,1,0,1,0,0,0.4303065106677909,Moderate
R02914,Village Road,2.77,1,4.05,1,1892.8,39.54,101.41,12.59,1,0,1,0,0,1,0.377136184830565,Moderate
R02915,State Highway,17.07,1,4.64,0,2388.8,3.37,95.17,23.32,3,1,0,0,0,1,0.1251527437998686,Safe
R02916,District Road,10.25,1,5.21,1,2192.2,29.85,263.48,21.46,1,1,1,1,0,1,0.6352759764452481,High
R02917,District Road,8.06,3,3.57,2,53.7,7.32,93.96,23.78,1,1,0,0,1,0,0.4141565482511714,Moderate
R02918,Village Road,12.45,3,9.4,0,585.8,29.08,147.21,11.26,2,0,1,1,0,0,0.670272197202444,High
R02919,District Road,1.59,1,6.31,1,559.0,40.84,107.52,26.84,2,0,0,0,0,1,0.24008383789400986,Safe
R02920,State Highway,10.38,2,3.84,0,1062.1,11.71,44.51,10.34,1,2,0,0,0,1,0.08735073655583198,Safe
R02921,State Highway,17.48,2,10.38,1,1632.1,15.66,72.52,23.2,2,1,0,0,0,1,0.2139838727744933,Safe
R02922,District Road,4.66,2,9.15,1,425.0,35.78,100.29,16.64,4,2,1,0,0,1,0.45269673719091913,Moderate
R02923,Village Road,8.81,0,7.07,1,2293.4,33.09,117.87,17.83,3,0,0,1,0,1,0.3401885629135928,Moderate
R02924,State Highway,18.82,0,5.23,0,1953.9,18.39,102.8,28.46,1,0,0,0,0,1,0.13723074812596575,Safe
R02925,State Highway,8.86,0,4.37,0,1077.4,38.18,258.85,34.65,2,1,0,1,1,1,0.563186313144051,High
R02926,Village Road,7.49,1,7.13,1,1480.8,41.43,25.37,21.88,1,0,0,0,0,1,0.14056728311763605,Safe
R02927,Village Road,9.09,0,10.97,2,1377.4,20.37,87.64,26.74,1,0,1,0,0,1,0.3195804370111025,Moderate
R02928,Village Road,10.63,1,4.7,1,1476.5,1.78,36.16,16.21,3,4,0,0,0,1,0.07978369465615073,Safe
R02929,Village Road,12.82,1,8.12,1,2157.3,22.92,49.66,23.85,4,0,0,0,0,1,0.13114816815026265,Safe
R02930,State Highway,16.11,1,11.66,1,540.3,33.29,55.99,12.5,3,2,0,0,0,1,0.19028622690823074,Safe
R02931,District Road,9.32,1,8.73,2,1725.1,9.9,23.43,31.26,1,1,0,0,0,1,0.03250988957271722,Safe
R02932,District Road,16.44,0,6.96,1,312.2,4.47,87.03,21.39,3,0,0,1,0,1,0.27524097087355426,Moderate
R02933,Highway,10.91,2,9.45,0,1175.0,12.83,30.67,19.04,0,1,0,0,0,1,0.14157065446894115,Safe
R02934,District Road,7.1,3,10.42,0,1607.8,0.52,83.58,22.83,2,3,0,0,0,1,0.12443450661479785,Safe
R02935,District Road,13.33,1,8.31,0,80.6,32.2,134.92,32.82,3,1,1,0,0,1,0.40211539047133826,Moderate
R02936,State Highway,14.5,2,10.85,1,314.8,6.57,146.37,29.41,2,2,0,0,0,1,0.26172690855300373,Moderate
R02937,Village Road,11.38,0,7.63,0,273.6,32.56,65.36,13.82,3,5,0,0,1,1,0.18129034882545014,Safe
R02938,District Road,1.6,2,10.47,0,968.0,10.55,55.22,29.2,1,4,0,0,1,1,0.20586131456722373,Safe
R02939,Village Road,3.81,0,11.57,1,1573.9,44.64,42.41,19.82,0,2,0,0,1,1,0.2906667180702642,Moderate
R02940,Highway,6.06,1,7.51,1,2490.1,23.93,19.41,19.88,3,2,0,0,0,1,0.18192862426348572,Safe
R02941,State Highway,6.01,0,8.45,2,672.5,1.86,45.48,28.95,2,2,0,0,1,1,0.20829967332401725,Safe
R02942,District Road,13.63,1,8.49,1,383.1,34.77,53.9,21.49,3,2,0,0,0,1,0.16400902477636625,Safe
R02943,State Highway,0.86,0,10.03,3,1066.2,18.45,127.16,11.81,2,0,0,1,1,1,0.4900517316478424,Moderate
R02944,District Road,15.24,1,10.41,3,407.6,27.33,171.61,16.17,2,2,1,0,0,1,0.45048271657552935,Moderate
R02945,Village Road,5.67,1,3.25,2,110.1,42.8,77.79,32.37,3,2,1,1,1,0,0.7393431043568289,High
R02946,Highway,6.55,2,9.6,3,1431.7,23.28,113.57,24.8,2,3,0,0,1,1,0.40679677845275686,Moderate
R02947,District Road,10.79,1,10.05,0,2205.0,36.2,218.37,31.56,3,1,0,1,1,1,0.5989893678459529,High
R02948,District Road,4.71,0,9.3,2,2159.1,13.63,191.79,17.63,0,1,1,1,0,1,0.5924761541715489,High
R02949,State Highway,17.75,0,9.42,1,296.9,32.15,36.98,27.22,2,2,0,1,0,1,0.3634922454225278,Moderate
R02950,Village Road,2.16,2,3.37,2,411.3,4.47,84.13,29.63,4,3,1,0,0,1,0.3772378580494711,Moderate
R02951,Village Road,9.17,1,6.98,1,1253.2,40.2,47.85,14.57,2,0,0,1,0,1,0.42291870299659357,Moderate
R02952,District Road,17.06,1,10.36,0,950.9,8.99,170.02,10.58,3,2,0,0,0,1,0.17698218688903705,Safe
R02953,District Road,12.51,1,11.41,3,1772.5,13.59,29.71,25.86,2,0,0,0,0,1,0.08011575302213858,Safe
R02954,District Road,6.2,0,5.07,0,1262.6,43.12,22.59,24.42,2,2,0,0,1,1,0.23728917551064352,Safe
R02955,Village Road,8.7,0,8.21,2,99.3,6.98,14.06,11.0,4,0,0,0,0,1,0.07768295918989321,Safe
R02956,District Road,14.28,1,10.24,2,747.2,11.45,76.78,20.27,1,1,0,0,0,1,0.2225047293986021,Safe
R02957,District Road,19.48,0,9.77,1,2258.7,26.11,88.57,24.09,1,1,0,0,0,1,0.2101497944998198,Safe
R02958,Village Road,17.92,0,8.57,1,1303.2,44.13,119.85,15.3,2,1,0,0,0,1,0.2340156103407276,Safe
R02959,State Highway,7.18,0,3.17,0,2005.0,31.11,82.49,12.41,1,1,0,1,1,1,0.3979071930529368,Moderate
R02960,Village Road,19.96,0,9.51,3,1035.6,5.14,226.7,30.03,4,0,0,0,0,1,0.22999233417829706,Safe
R02961,State Highway,0.57,0,9.96,3,1708.6,33.67,125.56,33.13,0,2,1,0,0,1,0.34893117178955735,Moderate
R02962,State Highway,1.04,3,9.51,2,464.1,19.18,70.66,21.19,1,1,0,0,1,0,0.33208557235975716,Moderate
R02963,State Highway,16.56,1,9.89,2,1854.5,44.65,67.28,13.35,4,2,0,0,0,1,0.17019584766601434,Safe
R02964,Village Road,4.39,2,6.88,0,1977.1,28.29,89.25,20.53,2,0,1,0,0,1,0.4440996034293311,Moderate
R02965,Village Road,1.69,0,11.94,1,270.8,23.94,17.51,16.98,6,3,0,0,0,1,0.1268661767047137,Safe
R02966,District Road,5.12,0,9.94,1,499.1,25.08,63.71,22.26,1,3,0,0,1,1,0.236460477237694,Safe
R02967,District Road,8.81,2,8.21,1,1184.1,28.87,69.28,10.23,1,3,0,0,0,1,0.2598929709921066,Moderate
R02968,District Road,14.75,1,11.41,0,1611.7,32.93,77.49,31.67,3,0,1,1,0,1,0.5842791074453265,High
R02969,Village Road,12.67,0,11.17,1,1611.9,3.52,98.68,11.45,1,0,1,1,0,1,0.5002635093193096,High
R02970,District Road,5.13,1,10.33,2,1687.1,5.88,115.02,20.75,1,2,0,0,0,1,0.11348877538727575,Safe
R02971,State Highway,10.31,1,8.07,0,1800.3,13.52,260.37,26.53,5,0,0,1,1,1,0.5924510576469041,High
R02972,State Highway,18.56,2,7.74,0,1289.1,21.51,68.04,26.28,1,0,1,0,0,1,0.3727833789080676,Moderate
R02973,Village Road,16.39,0,5.96,0,1458.4,14.0,52.59,17.46,3,0,0,0,0,1,0.11174862695683874,Safe
R02974,District Road,6.8,1,5.26,2,70.6,9.62,60.34,22.49,0,0,0,0,0,1,0.10335935023395831,Safe
R02975,State Highway,19.65,2,7.61,1,458.2,41.63,50.15,22.42,3,1,0,0,0,1,0.18978899353922385,Safe
R02976,Highway,14.32,3,8.2,0,1271.5,1.47,39.12,13.28,3,3,0,0,0,1,0.1728962912307729,Safe
R02977,Village Road,1.72,2,5.2,2,1876.7,42.24,97.26,19.31,3,4,0,0,0,1,0.3107794092181731,Moderate
R02978,Highway,1.19,0,11.3,0,2031.9,40.83,129.02,12.98,3,0,0,0,0,1,0.2485546172510436,Safe
R02979,District Road,3.78,2,8.02,1,1835.9,30.77,15.16,11.43,1,2,0,0,0,1,0.1378728552058829,Safe
R02980,Village Road,14.69,2,7.74,2,1241.7,1.46,16.48,11.39,2,1,0,0,0,1,0.14790403526245466,Safe
R02981,District Road,4.08,2,6.92,1,739.1,10.14,23.35,20.87,2,3,0,0,0,1,0.14707028332262145,Safe
R02982,State Highway,10.47,2,3.52,1,1139.6,44.06,82.21,28.24,2,0,1,0,0,1,0.41043302946301335,Moderate
R02983,District Road,2.32,3,10.94,0,72.8,40.77,46.27,34.61,2,2,1,0,0,0,0.40205990222539395,Moderate
R02984,Village Road,18.46,0,5.85,0,1515.0,43.41,114.83,24.28,1,1,0,0,1,1,0.3012291051448897,Moderate
R02985,District Road,7.21,0,8.78,1,232.7,44.83,69.41,17.48,4,1,1,1,0,1,0.608953400483562,High
R02986,Village Road,18.21,2,8.47,0,406.2,2.87,52.8,15.18,3,2,0,0,0,1,0.10759615514049357,Safe
R02987,Highway,18.93,0,8.26,2,1583.6,25.69,48.69,27.37,3,1,0,0,0,1,0.11486799460441452,Safe
R02988,District Road,0.62,0,7.73,1,82.7,37.54,148.73,11.29,1,1,1,0,0,1,0.35179931481732896,Moderate
R02989,District Road,9.55,1,4.63,1,1455.2,14.39,52.16,16.56,1,1,0,0,0,1,0.24389448340331593,Safe
R02990,Village Road,0.98,2,5.53,0,1614.0,19.6,48.97,27.21,1,2,0,0,0,1,0.1286075917107572,Safe
R02991,State Highway,18.22,0,7.72,2,1981.3,12.77,54.83,21.13,1,1,1,1,0,1,0.4648620354667943,Moderate
R02992,Village Road,10.61,1,10.1,1,216.7,1.71,107.88,22.51,2,1,1,0,0,1,0.36424189015907793,Moderate
R02993,District Road,1.96,0,6.89,1,57.2,3.27,156.14,34.39,1,1,1,1,0,1,0.525566691391432,High
R02994,State Highway,2.65,0,4.84,1,1928.8,0.96,48.95,20.12,1,2,0,0,0,1,0.053766085985748044,Safe
R02995,Highway,7.98,1,3.79,1,760.6,23.73,49.76,24.88,3,1,0,0,0,1,0.11546327014503138,Safe
R02996,Village Road,18.83,0,8.97,1,2223.7,27.83,157.16,34.97,3,1,1,0,0,1,0.41583374302309756,Moderate
R02997,State Highway,14.01,2,6.81,1,503.2,13.85,44.86,27.16,1,3,0,0,0,1,0.1143925419598227,Safe
R02998,State Highway,17.42,2,4.13,1,1484.5,37.18,27.33,22.86,2,1,0,1,0,0,0.34791774840484235,Moderate
R02999,State Highway,7.65,2,9.07,1,318.1,39.96,109.37,18.1,2,1,0,0,0,1,0.24180142482880398,Safe
R03000,Village Road,1.34,0,4.87,0,1036.6,6.29,99.13,34.41,3,1,0,0,0,1,0.07812834489077176,Safe
R03001,District Road,19.5,1,7.58,0,2211.1,2.34,57.24,17.35,2,4,0,0,0,1,0.1204696224456449,Safe
R03002,Village Road,0.83,0,5.76,0,1540.5,14.37,140.22,12.9,0,0,1,1,0,1,0.4729897925582517,Moderate
R03003,State Highway,18.98,0,11.39,0,1739.6,32.08,22.73,33.15,3,2,0,0,0,1,0.13757192279098876,Safe
R03004,District Road,7.69,1,5.05,2,603.6,22.83,201.68,17.97,1,1,1,0,0,1,0.4954664110313187,Moderate
R03005,District Road,0.7,2,6.78,1,2310.7,21.96,82.99,24.72,1,4,1,0,0,1,0.44315483247148085,Moderate
R03006,Village Road,13.94,0,11.64,3,1577.5,6.86,271.17,26.15,2,1,1,1,1,1,0.70928272829073,High
R03007,Village Road,19.62,0,5.87,1,309.4,15.82,93.76,16.52,3,2,0,0,1,1,0.18970233615827464,Safe
R03008,Highway,19.33,3,8.8,1,88.1,43.15,21.08,20.59,3,2,0,1,0,0,0.46428451094458184,Moderate
R03009,District Road,3.64,1,5.85,2,89.0,15.33,77.32,13.89,0,1,1,0,0,1,0.44713266061763374,Moderate
R03010,Highway,4.03,3,4.0,1,175.5,26.61,84.85,32.11,2,4,0,0,0,1,0.24811304530003978,Safe
R03011,District Road,11.53,3,8.65,1,2283.5,2.63,26.14,24.61,3,0,1,0,0,0,0.3677189607148062,Moderate
R03012,State Highway,12.93,1,11.24,1,928.0,2.87,56.9,32.26,3,1,0,0,0,1,0.06611843046431715,Safe
R03013,State Highway,14.92,0,7.07,1,780.7,19.09,55.06,16.43,2,1,0,0,0,1,0.11323252486181905,Safe
R03014,State Highway,4.03,2,8.64,2,1070.5,27.19,86.7,25.85,2,1,0,1,0,0,0.4231352074628317,Moderate
R03015,District Road,19.2,0,8.48,2,1053.5,16.76,118.59,15.45,1,1,0,0,0,1,0.18050042990625856,Safe
R03016,State Highway,12.96,0,6.74,3,634.3,8.06,200.6,17.23,0,3,1,0,0,1,0.441670852803656,Moderate
R03017,District Road,17.02,2,8.53,3,275.0,33.12,139.5,19.03,2,0,0,0,0,1,0.30773179458245636,Moderate
R03018,District Road,11.03,1,5.33,1,316.1,6.3,71.93,23.74,3,0,1,0,0,1,0.3016077327822952,Moderate
R03019,Highway,8.58,0,6.4,0,1518.0,30.06,83.38,23.89,2,1,1,0,0,1,0.29197930161423163,Moderate
R03020,Village Road,19.56,1,6.98,0,1022.2,43.05,97.91,15.01,2,3,1,1,1,0,0.7476679752808816,High
R03021,State Highway,11.85,2,10.78,0,2261.0,21.17,117.97,11.15,2,1,0,0,1,1,0.3229979097008378,Moderate
R03022,District Road,17.4,0,6.13,0,1186.2,9.02,66.92,29.3,0,1,0,1,0,1,0.3139452364888676,Moderate
R03023,District Road,19.09,0,8.72,1,1283.6,37.89,52.74,23.15,1,1,0,0,0,1,0.13165110892124993,Safe
R03024,State Highway,13.67,0,4.92,0,2324.2,22.75,151.93,17.83,0,2,1,0,0,1,0.2974983104803089,Moderate
R03025,Highway,11.2,1,5.27,1,1279.0,41.54,206.72,11.32,3,2,0,1,0,1,0.3974273189589129,Moderate
R03026,State Highway,0.57,2,8.84,0,1279.9,32.43,245.16,12.61,1,1,1,0,0,1,0.4454186011951221,Moderate
R03027,Village Road,1.28,2,9.86,1,939.7,19.38,98.8,20.59,2,1,0,0,0,1,0.1673919393466887,Safe
R03028,District Road,4.42,1,7.16,0,1790.5,27.78,110.38,22.1,0,1,0,0,0,1,0.16329499284332127,Safe
R03029,District Road,4.13,0,6.02,2,1011.0,7.65,87.13,19.44,0,1,0,0,0,1,0.09551862027572987,Safe
R03030,District Road,5.47,0,11.19,2,1491.4,17.43,149.61,24.16,1,0,1,0,0,1,0.38484597663772013,Moderate
R03031,State Highway,6.45,0,4.22,1,1146.1,26.72,106.67,30.35,1,2,1,1,0,1,0.4933410135012933,Moderate
R03032,District Road,7.52,0,9.49,3,1345.4,26.55,85.97,26.93,1,1,1,1,0,1,0.6083900333661081,High
R03033,Village Road,8.7,0,9.21,0,2076.2,26.42,29.76,31.68,2,1,0,0,0,1,0.1469282607631934,Safe
R03034,Highway,2.43,1,9.21,2,1063.6,33.46,11.79,25.4,2,0,0,1,0,1,0.36242082827852545,Moderate
R03035,State Highway,1.33,0,11.42,1,613.7,4.75,33.92,12.63,2,1,0,0,0,1,0.04124696624118145,Safe
R03036,State Highway,13.64,2,9.55,1,1447.3,3.31,144.66,13.75,0,4,1,0,0,1,0.392060245177215,Moderate
R03037,District Road,10.98,2,5.71,0,2346.9,6.66,67.6,19.76,2,2,0,0,0,1,0.19757159947895903,Safe
R03038,Village Road,9.16,1,6.18,0,1748.4,35.66,152.42,17.1,2,0,0,0,0,1,0.25933914723059154,Moderate
R03039,Highway,12.87,0,6.52,2,805.5,2.92,64.82,26.31,2,3,1,0,0,1,0.329592428258306,Moderate
R03040,District Road,16.64,2,3.28,1,2409.3,10.14,91.55,25.65,2,2,0,0,0,1,0.16850128249756002,Safe
R03041,State Highway,8.84,3,11.22,0,889.7,11.46,11.41,21.56,3,1,0,0,0,1,0.13969594063218155,Safe
R03042,Village Road,13.0,0,3.66,1,2459.0,29.13,71.39,26.09,2,1,0,0,0,1,0.10244664218036646,Safe
R03043,Highway,19.09,2,9.3,0,520.4,18.07,41.8,32.78,4,0,0,0,0,1,0.10291726203665916,Safe
R03044,District Road,16.87,2,9.57,0,2499.1,8.95,53.87,22.29,3,1,0,0,0,1,0.13999709655945738,Safe
R03045,District Road,8.81,1,10.59,3,236.0,20.23,145.02,18.68,1,5,0,0,0,1,0.20423102682368366,Safe
R03046,District Road,13.07,0,7.98,1,1797.4,30.85,29.51,21.91,1,1,0,0,0,1,0.04307986554586908,Safe
R03047,District Road,3.95,1,9.53,1,1864.1,35.37,151.24,13.63,3,0,0,1,0,1,0.46806528038027106,Moderate
R03048,State Highway,11.43,1,5.72,3,1715.0,5.57,64.91,12.43,2,1,0,0,1,1,0.2264525935792886,Safe
R03049,State Highway,19.64,1,9.71,1,1955.1,32.16,90.75,20.26,2,1,0,0,0,1,0.20894609251039753,Safe
R03050,State Highway,10.61,3,6.09,1,1206.0,0.2,20.86,33.09,2,0,1,0,0,0,0.3408987313344709,Moderate
R03051,State Highway,18.59,2,11.13,0,182.6,32.59,16.59,31.57,1,1,0,1,0,0,0.300296200167334,Moderate
R03052,District Road,8.44,0,4.47,1,926.5,29.75,32.36,26.96,2,1,0,1,0,1,0.27389011327372215,Moderate
R03053,State Highway,19.98,1,5.84,1,1623.7,21.09,47.93,27.97,3,0,0,0,1,1,0.25016055296388495,Moderate
R03054,State Highway,11.79,1,7.49,0,1633.3,6.16,76.5,31.51,1,1,0,0,0,1,0.013665792811877867,Safe
R03055,District Road,1.32,0,9.98,2,528.2,34.4,47.97,32.89,3,4,0,1,0,1,0.3324157809749088,Moderate
R03056,Village Road,11.94,1,9.74,2,669.9,3.23,103.25,26.49,2,0,0,0,0,1,0.12498595478516294,Safe
R03057,District Road,5.85,3,4.9,1,1242.4,40.3,40.57,19.65,1,3,0,1,0,0,0.4705262618009592,Moderate
R03058,Highway,1.13,1,4.3,2,1835.1,34.81,37.09,13.69,2,4,1,0,0,1,0.37962456897416635,Moderate
R03059,Highway,16.51,0,5.74,0,2139.4,33.34,124.62,10.17,2,3,0,0,0,1,0.27269284637469526,Moderate
R03060,Village Road,5.88,0,7.35,0,261.9,33.95,71.28,26.2,4,4,0,0,1,1,0.2643623776226617,Moderate
R03061,State Highway,16.03,1,7.85,2,2317.8,3.04,25.61,19.95,2,0,0,0,0,1,0.07796431827068413,Safe
R03062,Highway,6.12,1,6.86,0,2322.9,44.55,160.34,11.99,2,1,1,0,0,1,0.44190399222017207,Moderate
R03063,District Road,4.29,0,8.97,0,69.4,38.64,116.26,16.97,3,1,1,1,0,1,0.4965372468018509,Moderate
R03064,District Road,19.49,1,6.85,0,1290.7,22.86,91.49,21.72,2,2,1,0,0,1,0.34596649965206416,Moderate
R03065,District Road,7.55,0,11.52,2,1488.5,32.37,85.06,29.59,2,1,0,0,0,1,0.12746322276546732,Safe
R03066,State Highway,12.23,0,5.35,0,1406.6,33.27,88.04,17.87,1,2,0,1,0,1,0.3060191450623335,Moderate
R03067,Highway,12.39,1,8.65,0,1558.6,37.34,30.82,26.41,1,2,0,0,0,1,0.12744248905756667,Safe
R03068,Village Road,11.43,0,8.5,0,1283.2,11.49,130.69,11.08,3,0,0,0,0,1,0.18575595501693493,Safe
R03069,State Highway,18.34,2,5.53,2,769.8,16.74,35.05,34.06,4,3,0,0,0,1,0.2257351873533058,Safe
R03070,District Road,13.65,0,6.71,1,284.5,35.99,133.98,34.29,2,1,1,0,0,1,0.36363494052554063,Moderate
R03071,District Road,8.37,1,6.29,0,560.5,34.6,171.85,23.21,2,1,1,0,1,1,0.45349211134703915,Moderate
R03072,District Road,17.32,1,4.55,2,1863.6,23.52,109.5,26.44,2,1,0,0,0,1,0.18590754210623875,Safe
R03073,State Highway,4.03,1,7.3,2,640.6,17.83,58.68,29.11,0,1,0,0,0,1,0.08892631327136613,Safe
R03074,State Highway,11.11,2,6.48,1,2082.8,43.58,247.47,34.26,4,2,1,0,0,1,0.5423069129677248,High
R03075,District Road,19.04,1,4.6,0,1038.5,18.68,42.62,23.62,1,0,0,0,0,1,0.08200808450161051,Safe
R03076,Village Road,12.7,2,7.05,1,1065.5,34.38,79.16,28.88,1,0,0,0,0,1,0.25283995526874947,Moderate
R03077,Village Road,16.43,1,6.8,3,2177.8,18.57,99.69,14.81,7,3,0,1,0,1,0.450019073129063,Moderate
R03078,Highway,13.24,1,4.18,0,575.0,13.94,82.35,13.85,0,3,0,0,0,1,0.11412231094468343,Safe
R03079,State Highway,16.87,2,4.18,0,514.6,28.84,33.1,27.81,1,4,0,0,0,1,0.1698127765149388,Safe
R03080,Village Road,18.92,1,8.83,0,2464.2,36.34,29.05,33.1,2,1,0,0,0,1,0.1553368725626363,Safe
R03081,District Road,5.82,1,9.36,1,1374.5,44.16,189.45,24.19,0,1,1,1,0,1,0.6422587761171769,High
R03082,Village Road,3.81,2,11.47,2,516.8,6.7,61.89,23.36,0,3,0,0,0,1,0.06887622148281933,Safe
R03083,State Highway,9.94,3,3.78,0,456.2,39.43,42.87,24.28,3,3,1,0,0,0,0.4691224910024502,Moderate
R03084,District Road,14.19,1,4.06,0,2161.1,23.59,53.11,31.99,1,1,0,0,0,1,0.15399423906147486,Safe
R03085,District Road,4.93,1,3.47,3,1519.6,4.85,157.8,30.0,3,1,1,0,0,1,0.422307248566548,Moderate
R03086,District Road,0.58,0,7.79,2,331.8,35.75,18.44,30.04,4,2,0,0,0,1,0.1718659643637635,Safe
R03087,District Road,7.19,1,8.6,3,2222.9,14.92,92.07,12.66,4,1,1,0,0,1,0.3607369358661971,Moderate
R03088,Highway,19.39,1,6.63,2,1137.6,39.07,131.95,28.99,4,2,0,1,0,1,0.4316016325173949,Moderate
R03089,District Road,14.05,2,10.18,1,2473.9,7.1,83.4,29.21,3,1,0,0,0,1,0.1157696157318179,Safe
R03090,State Highway,8.33,1,9.18,0,740.3,32.0,46.91,13.3,1,0,1,0,0,1,0.3565751076589254,Moderate
R03091,District Road,4.26,2,11.87,1,1345.6,13.54,98.69,21.79,0,1,0,1,0,0,0.3897148911495347,Moderate
R03092,Village Road,7.44,0,4.24,1,474.1,11.58,30.9,12.45,3,2,0,0,0,1,0.07407081488703395,Safe
R03093,State Highway,3.81,1,3.52,1,1127.3,2.26,90.17,19.93,3,2,1,1,0,1,0.5305002011490298,High
R03094,Village Road,2.57,3,5.47,1,482.5,21.69,38.94,26.03,1,0,0,0,0,1,0.14595624309851657,Safe
R03095,State Highway,18.18,0,3.17,3,802.7,17.62,51.03,15.46,2,2,0,0,0,1,0.1014455737934718,Safe
R03096,District Road,19.95,0,11.39,0,711.2,2.78,47.36,13.3,0,0,0,0,1,1,0.10111924896864988,Safe
R03097,Village Road,3.7,1,5.74,0,743.6,10.2,48.33,25.96,0,1,0,0,0,1,0.12659811862727732,Safe
R03098,Highway,1.56,2,7.97,1,2426.1,21.93,117.09,30.67,1,3,0,0,0,1,0.16836818484805194,Safe
R03099,Highway,6.93,1,5.86,2,144.2,36.37,66.38,13.86,3,2,1,1,0,1,0.605740541935918,High
R03100,District Road,9.5,1,5.21,3,1267.3,41.83,36.12,32.61,4,6,0,1,0,1,0.4610403896589368,Moderate
R03101,Highway,4.49,1,4.37,1,1591.7,23.19,32.73,28.43,3,3,1,0,0,1,0.32208540073245256,Moderate
R03102,District Road,6.38,0,5.88,0,1668.9,18.15,194.22,26.95,1,1,0,0,0,1,0.22071321850955444,Safe
R03103,Village Road,4.42,2,8.54,1,1898.6,42.96,75.61,13.02,3,2,0,0,0,1,0.22358479101423143,Safe
R03104,District Road,15.6,0,11.74,3,1914.4,43.33,29.09,33.24,2,1,0,1,0,1,0.42712106403253025,Moderate
R03105,State Highway,14.4,1,8.02,1,2391.0,8.57,96.61,21.84,1,2,1,0,0,1,0.3473305758708257,Moderate
R03106,District Road,12.88,1,7.79,2,1901.4,23.92,109.39,23.39,3,0,1,0,0,1,0.4171727867187278,Moderate
R03107,District Road,8.05,2,3.32,0,2068.0,36.94,49.47,22.82,3,3,0,1,1,0,0.477815734818675,Moderate
R03108,Highway,18.23,2,10.56,0,1354.2,37.0,31.19,23.28,1,2,0,0,0,1,0.15802852550579005,Safe
R03109,District Road,19.41,2,3.4,1,1661.3,30.82,62.41,30.57,2,3,0,0,0,1,0.1924198262527479,Safe
R03110,District Road,3.89,1,11.16,2,1221.4,21.22,29.33,12.47,3,0,0,0,1,1,0.25543018031066717,Moderate
R03111,District Road,4.85,0,7.85,3,727.2,18.16,50.55,22.1,1,1,0,0,0,1,0.11062976599400058,Safe
R03112,State Highway,10.75,0,4.52,2,817.8,36.29,101.77,25.35,4,1,0,0,0,1,0.18184960462884098,Safe
R03113,District Road,2.28,2,7.07,1,933.3,10.16,63.43,12.94,3,2,1,0,0,1,0.31246975024846124,Moderate
R03114,Highway,9.01,2,11.95,1,884.6,19.28,88.43,24.53,4,1,0,1,0,0,0.40494398846035873,Moderate
R03115,State Highway,11.84,3,5.75,2,1356.2,25.51,149.97,22.73,2,1,1,0,1,0,0.6008983507330783,High
R03116,Village Road,10.68,0,5.43,0,656.7,37.43,147.24,15.57,1,0,1,0,0,1,0.4380837623217652,Moderate
R03117,District Road,6.95,1,4.06,3,1315.8,16.82,38.76,16.43,2,2,0,1,0,1,0.40913324900893183,Moderate
R03118,Highway,11.08,1,8.37,1,2294.8,24.69,204.33,12.16,2,1,0,1,0,1,0.47842482969970157,Moderate
R03119,State Highway,19.2,2,3.8,3,1044.6,12.56,67.84,27.64,2,2,0,0,0,1,0.15116449454407024,Safe
R03120,State Highway,4.52,1,9.89,2,595.5,37.66,60.89,13.71,1,1,0,0,0,1,0.17452926564833626,Safe
R03121,State Highway,13.27,2,11.27,0,899.8,35.35,101.01,29.72,1,3,0,0,0,1,0.20345481668077217,Safe
R03122,State Highway,1.35,1,11.39,0,2198.4,36.9,72.28,32.24,3,0,1,0,0,1,0.4139710685826282,Moderate
R03123,Highway,1.8,0,3.97,1,2357.2,2.59,104.71,16.03,2,0,1,0,0,1,0.3448783328784254,Moderate
R03124,District Road,11.26,0,8.02,0,2222.4,21.91,93.06,16.51,2,1,0,1,0,1,0.32570253281710326,Moderate
R03125,District Road,2.55,0,3.87,1,754.0,6.11,64.04,13.08,2,0,0,0,0,1,0.02122534995653893,Safe
R03126,District Road,0.94,1,8.15,1,1000.2,30.32,95.96,23.52,1,3,0,0,0,1,0.23937942805784054,Safe
R03127,District Road,3.84,0,10.33,1,2438.6,14.01,95.88,34.11,1,4,0,0,0,1,0.06459280811778231,Safe
R03128,Highway,11.51,0,7.84,0,843.4,34.86,258.91,16.09,3,0,1,1,0,1,0.6429765585914937,High
R03129,Village Road,14.22,1,10.85,3,387.8,2.93,107.58,14.0,5,1,1,0,0,1,0.4103448921799857,Moderate
R03130,Village Road,4.45,2,10.22,1,741.1,23.1,11.96,25.15,2,1,0,0,0,1,0.1985348004464984,Safe
R03131,Village Road,13.53,2,5.49,2,2411.7,5.56,55.9,31.41,1,5,0,0,0,1,0.16904295290155968,Safe
R03132,Village Road,4.06,0,8.67,0,1068.9,25.11,116.95,31.76,1,0,0,0,0,1,0.12473829461163227,Safe
R03133,Village Road,12.46,0,3.07,2,2338.0,27.33,44.52,18.64,3,3,0,0,0,1,0.09826731571683353,Safe
R03134,District Road,8.53,0,6.56,0,305.0,20.8,63.76,29.67,0,3,0,0,0,1,0.0679577709796244,Safe
R03135,State Highway,13.25,3,5.14,2,1926.8,12.58,97.1,24.81,0,0,0,0,0,1,0.20286513609891593,Safe
R03136,District Road,19.9,1,11.43,2,278.7,1.45,121.85,28.32,2,4,1,0,0,1,0.3188117943716149,Moderate
R03137,District Road,18.79,0,6.65,3,533.9,29.8,224.88,26.92,4,1,1,0,0,1,0.48680667107820746,Moderate
R03138,District Road,0.58,2,8.89,1,1559.5,39.17,168.93,13.19,4,0,1,1,0,0,0.6523160637252483,High
R03139,District Road,17.77,1,9.59,0,1114.5,33.01,72.34,18.94,1,1,0,0,0,1,0.12389965236778613,Safe
R03140,Highway,1.8,2,9.96,2,1683.4,40.19,31.11,29.08,1,3,0,0,0,1,0.1547267089165139,Safe
R03141,State Highway,19.08,0,9.62,1,2434.8,41.83,191.91,29.0,1,1,0,0,0,1,0.2706789075458723,Moderate
R03142,Village Road,6.0,1,5.6,0,179.1,20.23,135.05,13.05,2,0,0,1,0,1,0.36820323473236993,Moderate
R03143,District Road,7.95,1,9.17,1,519.5,31.41,68.61,21.55,4,2,0,0,0,1,0.18722409746225716,Safe
R03144,District Road,2.29,2,7.94,0,1618.5,17.88,67.01,31.72,2,1,0,0,1,1,0.2661860646368491,Moderate
R03145,State Highway,2.69,2,8.38,0,2246.5,41.38,23.04,29.79,2,1,0,0,0,1,0.1570585959231718,Safe
R03146,State Highway,14.67,1,3.01,1,2004.2,25.33,54.91,24.52,3,3,0,1,0,1,0.31686056893540604,Moderate
R03147,Village Road,18.91,0,5.32,0,1190.7,33.86,34.75,15.16,2,4,0,0,0,1,0.1832219929372484,Safe
R03148,District Road,12.41,1,11.38,1,1876.4,0.65,127.66,18.11,3,1,1,0,0,1,0.33257795887841113,Moderate
R03149,Village Road,14.46,3,5.61,1,559.8,25.9,164.35,26.34,2,3,0,0,0,1,0.2711399175823065,Moderate
R03150,District Road,15.36,1,6.94,2,83.6,33.39,94.7,29.54,0,3,1,0,0,1,0.5261893676926908,High
R03151,District Road,5.62,2,4.68,3,1446.5,11.57,94.12,25.34,1,2,1,0,0,1,0.38669246311381733,Moderate
R03152,State Highway,1.38,1,4.25,0,2042.4,0.65,52.6,19.88,0,0,0,0,0,1,0.06293589336684127,Safe
R03153,District Road,0.54,1,4.88,2,1111.9,33.46,40.94,24.42,2,1,0,1,0,1,0.3431615351353793,Moderate
R03154,District Road,7.34,1,7.98,3,1444.7,15.21,163.89,10.1,0,1,0,0,0,1,0.2743372907394409,Moderate
R03155,District Road,5.21,2,11.27,2,1084.3,19.3,68.78,28.39,2,2,0,0,1,1,0.2760274947797366,Moderate
R03156,District Road,1.72,2,5.94,3,1309.4,25.29,138.72,31.1,2,0,0,0,1,1,0.3877977877412466,Moderate
R03157,Village Road,4.0,1,5.91,1,2216.6,4.96,184.79,11.15,2,0,0,0,0,1,0.22469089630380834,Safe
R03158,Highway,2.93,1,8.08,2,1221.4,4.66,102.69,19.99,5,0,0,0,0,1,0.17979970166180922,Safe
R03159,Village Road,18.34,0,6.21,2,68.3,43.24,40.34,31.22,2,1,0,0,0,1,0.12159071145923492,Safe
R03160,State Highway,3.24,0,11.19,1,2009.6,15.25,26.47,24.93,1,4,0,0,0,1,0.11598418062094817,Safe
R03161,District Road,10.98,3,6.4,2,1563.4,11.5,26.77,22.08,2,3,0,0,0,1,0.20436965346098265,Safe
R03162,Highway,12.07,0,7.41,1,1839.5,2.15,59.75,12.18,3,1,1,0,1,1,0.37377456830589967,Moderate
R03163,State Highway,11.1,2,7.8,0,2257.7,7.83,74.55,28.43,3,0,0,1,1,0,0.44980067120266415,Moderate
R03164,District Road,2.43,2,10.04,0,751.2,19.39,47.31,27.23,1,3,0,0,0,1,0.09035684931373505,Safe
R03165,Highway,6.72,2,8.08,2,1282.5,15.39,35.5,24.74,4,3,0,0,0,1,0.25513152298100183,Moderate
R03166,District Road,1.5,3,5.15,2,1526.1,19.11,160.44,11.51,2,2,1,1,0,0,0.7508589403303711,Critical
R03167,Village Road,8.22,1,4.12,1,896.2,31.68,89.21,26.07,1,1,0,1,0,1,0.43349075610665927,Moderate
R03168,Highway,4.18,2,11.44,1,2122.9,28.88,82.68,11.29,1,1,0,0,0,1,0.20032787808625402,Safe
R03169,Village Road,11.45,0,10.21,0,1759.0,22.19,36.51,30.55,1,0,0,0,0,1,0.07780013224972908,Safe
R03170,District Road,14.01,1,3.21,1,1846.8,36.67,69.03,31.73,3,1,0,0,0,1,0.22839338865986034,Safe
R03171,District Road,10.88,2,10.39,2,2029.6,38.58,134.41,23.27,2,1,1,0,0,1,0.4950808197015196,Moderate
R03172,State Highway,8.97,0,8.32,2,682.3,26.59,242.06,31.21,0,0,1,0,0,1,0.41303039575250805,Moderate
R03173,State Highway,8.05,2,7.67,2,1876.8,5.29,58.26,20.02,1,2,0,0,0,1,0.10995777283025439,Safe
R03174,State Highway,16.91,2,3.11,3,1945.8,18.28,91.22,17.25,2,3,0,1,0,0,0.37709723381093285,Moderate
R03175,Highway,4.78,2,10.03,2,2113.9,28.55,117.65,22.1,2,2,0,0,0,1,0.21421429604579517,Safe
R03176,State Highway,14.82,0,4.78,0,1246.9,2.83,109.0,23.97,0,1,0,0,0,1,0.05169070238582216,Safe
R03177,District Road,15.27,1,9.55,1,1285.3,0.9,84.47,29.16,0,1,1,0,0,1,0.3090954957948745,Moderate
R03178,Village Road,8.67,0,3.14,0,290.5,42.68,217.7,25.05,1,4,1,0,1,1,0.6042064606811004,High
R03179,Village Road,6.3,2,10.17,1,2137.7,32.85,117.7,31.4,2,1,0,0,0,1,0.21929548265148396,Safe
R03180,District Road,9.68,1,3.21,2,1357.0,6.89,47.33,33.4,1,3,0,0,0,1,0.15094160265881126,Safe
R03181,Highway,2.32,1,5.12,0,1506.4,20.03,180.53,23.05,2,4,1,0,0,1,0.4103213505535967,Moderate
R03182,State Highway,1.4,1,5.41,2,347.5,8.71,135.32,27.94,1,1,0,0,0,1,0.16446644620616926,Safe
R03183,State Highway,2.68,0,4.42,1,1524.5,0.46,130.09,22.04,1,0,1,0,0,1,0.3264038884477234,Moderate
R03184,State Highway,4.15,0,7.33,2,152.9,17.63,94.05,32.65,5,2,0,0,0,1,0.14414311913658756,Safe
R03185,District Road,10.33,0,5.55,0,2311.9,29.18,56.17,10.76,1,2,0,0,1,1,0.2170666510578517,Safe
R03186,District Road,17.06,1,11.94,0,2165.7,42.94,27.2,27.97,3,1,0,0,0,1,0.06917107970785806,Safe
R03187,State Highway,5.1,2,8.22,1,526.1,34.64,41.03,22.41,6,2,1,0,0,1,0.3946971858471848,Moderate
R03188,State Highway,18.74,0,8.1,2,1504.8,10.36,131.56,11.53,3,0,1,0,0,1,0.37195955176046847,Moderate
R03189,Village Road,19.12,0,4.99,2,1526.6,15.13,77.44,28.64,1,1,0,0,0,1,0.1617041993329692,Safe
R03190,Village Road,19.2,1,6.68,2,2018.4,23.43,153.07,19.82,1,2,0,0,0,1,0.2766557164964542,Moderate
R03191,State Highway,16.83,2,4.12,0,1904.5,8.61,87.01,23.18,3,1,0,1,0,0,0.4140469291220318,Moderate
R03192,Village Road,7.59,0,9.86,0,2483.4,37.48,63.22,27.82,0,2,0,1,0,1,0.3512079730671847,Moderate
R03193,Village Road,1.92,0,5.98,2,909.6,7.56,117.8,16.3,2,3,1,1,0,1,0.5648462672595667,High
R03194,State Highway,11.59,0,9.77,0,355.3,13.05,186.26,17.21,2,5,0,0,0,1,0.1484641404984825,Safe
R03195,State Highway,11.39,1,6.35,2,1455.0,25.99,70.14,18.92,2,1,0,0,0,1,0.19498653258334966,Safe
R03196,District Road,17.07,0,11.9,1,1921.8,5.55,99.0,28.69,1,4,0,0,0,1,0.15200497728445825,Safe
R03197,Village Road,19.92,1,4.54,1,750.2,28.11,105.27,34.55,0,0,0,0,1,1,0.3578981493139859,Moderate
R03198,Village Road,10.41,2,3.01,1,628.7,42.49,106.02,19.07,2,0,0,0,0,1,0.2174055677882516,Safe
R03199,Highway,7.23,1,8.35,3,2016.0,31.12,48.63,25.27,2,1,0,0,0,1,0.18053545878216076,Safe
R03200,State Highway,4.13,0,11.58,2,1896.6,36.58,67.45,18.1,3,0,0,0,0,1,0.18408797819105072,Safe
R03201,District Road,0.59,1,8.82,2,548.3,19.73,193.67,31.92,0,2,1,0,0,1,0.44481965166037485,Moderate
R03202,District Road,10.43,1,3.77,1,2179.7,16.44,56.55,33.39,3,1,1,1,0,1,0.47619383691498696,Moderate
R03203,State Highway,11.33,3,7.86,0,380.1,14.79,49.09,14.74,1,3,1,0,1,0,0.508155363040036,High
R03204,Village Road,16.59,0,11.19,3,317.6,29.72,119.75,26.35,6,0,1,0,0,1,0.3850930330452087,Moderate
R03205,District Road,10.34,2,3.06,0,910.2,23.33,92.75,32.65,2,0,0,1,0,0,0.3690428205327488,Moderate
R03206,Village Road,18.37,2,4.5,1,2222.0,21.25,89.05,21.87,0,1,1,0,0,1,0.33141444555148547,Moderate
R03207,Village Road,12.75,0,10.33,0,1753.8,4.53,12.71,18.38,1,4,0,0,0,1,0.0,Safe
R03208,District Road,16.89,3,11.05,1,1017.1,30.3,11.17,32.64,2,1,0,0,0,1,0.22276752815767525,Safe
R03209,District Road,3.39,1,9.36,1,435.3,32.64,88.07,16.45,0,0,0,1,0,1,0.32770909341339033,Moderate
R03210,District Road,17.18,1,11.92,2,1798.0,8.83,90.41,15.18,1,1,0,0,0,1,0.1434889822036554,Safe
R03211,State Highway,13.67,0,3.81,3,1517.9,34.19,49.42,32.01,2,0,0,0,0,1,0.18890867637595424,Safe
R03212,District Road,3.82,0,7.91,1,2469.8,39.57,98.36,25.84,1,0,0,1,0,1,0.3977503841064008,Moderate
R03213,State Highway,4.2,1,9.16,0,1925.6,7.86,108.93,14.63,2,1,1,0,0,1,0.2667299173812612,Moderate
R03214,District Road,18.57,0,9.32,2,300.2,20.34,83.37,26.07,0,0,0,0,0,1,0.15981492265357833,Safe
R03215,State Highway,1.13,1,10.14,1,1834.1,39.43,181.73,31.91,0,1,1,1,0,1,0.623185321999816,High
R03216,Highway,9.52,1,11.26,3,680.7,21.93,31.77,12.23,0,0,0,0,0,1,0.19857397525482934,Safe
R03217,State Highway,6.61,1,6.25,0,2406.6,36.69,41.84,16.42,1,1,0,0,0,1,0.18684624144748158,Safe
R03218,Highway,13.47,1,3.39,0,97.2,9.71,46.93,25.11,1,1,0,0,0,1,0.07798634667191257,Safe
R03219,District Road,16.87,0,6.26,2,634.0,2.88,25.55,12.87,1,1,0,0,0,1,0.07256890999602358,Safe
R03220,District Road,7.53,1,9.04,2,1272.5,2.68,130.71,32.64,3,1,0,0,0,1,0.1417337653452257,Safe
R03221,District Road,8.82,1,4.92,1,243.7,43.76,53.91,24.82,2,3,0,0,0,1,0.21749704025970784,Safe
R03222,State Highway,19.65,0,10.29,0,893.0,7.41,16.52,24.62,0,1,0,0,1,1,0.14589662040546703,Safe
R03223,Highway,15.79,0,4.98,1,1268.2,38.92,40.44,11.4,4,1,1,0,0,1,0.33552537754743067,Moderate
R03224,Highway,18.0,0,3.09,1,1145.0,14.21,25.45,20.53,3,1,0,0,1,1,0.24687009660573395,Safe
R03225,State Highway,9.06,0,7.57,0,1178.4,1.8,25.19,14.87,2,3,0,0,0,1,0.0,Safe
R03226,Village Road,5.06,3,9.54,2,2203.6,10.84,91.74,30.21,3,0,0,1,0,0,0.4145063186074838,Moderate
R03227,State Highway,8.53,1,6.15,0,1288.0,22.75,148.05,18.4,2,3,0,0,0,1,0.1700400963084935,Safe
R03228,State Highway,14.46,0,9.74,1,2355.6,4.8,34.5,20.08,1,0,1,0,0,1,0.2199303688886068,Safe
R03229,Highway,2.63,0,6.95,2,411.9,41.5,112.08,26.02,1,1,0,0,0,1,0.19057683218083005,Safe
R03230,State Highway,5.77,0,4.55,0,736.6,40.49,145.21,27.94,2,1,0,0,0,1,0.12203363438527155,Safe
R03231,District Road,1.41,1,3.82,2,1658.5,6.71,30.98,29.75,1,0,1,0,1,1,0.34000576635396246,Moderate
R03232,District Road,8.93,0,9.4,2,743.7,33.17,127.03,14.37,2,1,1,0,0,1,0.395422369231203,Moderate
R03233,State Highway,16.64,1,6.47,0,900.8,20.73,88.02,16.56,4,1,1,1,1,0,0.6462410980951936,High
R03234,Highway,0.98,1,11.21,2,2257.5,44.2,88.99,12.31,3,1,0,0,0,1,0.2300532239806512,Safe
R03235,State Highway,13.67,2,7.86,1,1369.5,2.49,104.23,31.41,3,2,0,0,0,1,0.09069637466660738,Safe
R03236,State Highway,18.68,0,6.14,2,869.9,21.2,122.29,17.89,2,1,1,0,0,1,0.3338209588522472,Moderate
R03237,State Highway,5.12,1,6.14,2,1952.9,12.85,154.69,13.15,2,2,1,1,0,1,0.605508508143324,High
R03238,Village Road,14.03,2,4.18,2,223.1,32.69,136.34,17.78,2,1,1,0,0,1,0.39157890285476094,Moderate
R03239,District Road,19.51,1,8.34,1,1431.0,5.0,190.69,11.43,1,1,1,0,0,1,0.357145147754062,Moderate
R03240,District Road,19.26,2,8.24,0,294.2,28.26,46.98,30.91,1,4,1,0,0,1,0.38869049500760483,Moderate
R03241,District Road,5.08,1,10.2,0,483.3,42.66,23.79,17.18,1,0,0,0,0,1,0.14815034332442586,Safe
R03242,District Road,2.46,1,4.81,2,203.0,20.42,138.94,18.75,3,2,0,1,0,1,0.4411372455810419,Moderate
R03243,District Road,3.39,1,5.62,3,2259.1,20.44,33.97,33.51,1,2,0,0,0,1,0.16722935985154683,Safe
R03244,District Road,14.19,3,3.88,0,168.1,22.31,85.21,14.73,0,1,0,0,0,1,0.16614038665271588,Safe
R03245,District Road,14.65,1,5.66,0,1315.2,18.71,116.18,15.1,3,0,0,0,0,1,0.15304064166627518,Safe
R03246,State Highway,13.65,3,6.85,2,601.2,20.14,428.9,24.01,3,4,1,1,0,0,0.8065904488865272,Critical
R03247,District Road,7.05,0,11.68,1,989.8,20.85,77.57,34.31,5,0,0,0,0,1,0.053381846229454966,Safe
R03248,District Road,3.81,1,8.88,0,1259.5,44.91,33.5,32.53,2,1,0,0,1,1,0.2759809510999138,Moderate
R03249,Village Road,11.82,3,10.05,0,1152.6,5.24,60.63,24.82,3,1,0,0,0,1,0.17009890231386937,Safe
R03250,District Road,9.93,0,5.93,1,1882.8,12.84,92.81,30.31,3,3,0,0,0,1,0.1830706871425757,Safe
R03251,District Road,14.71,3,4.3,3,2284.1,9.49,72.72,22.19,2,0,0,1,0,0,0.3370290091468115,Moderate
R03252,Highway,9.11,0,5.31,3,785.7,24.49,82.69,20.87,2,1,0,0,0,1,0.20172393242933784,Safe
R03253,District Road,7.1,3,5.31,1,110.1,0.13,68.41,20.01,3,1,1,0,0,0,0.40126899110111597,Moderate
R03254,Highway,6.22,1,8.25,3,2240.2,41.45,36.91,21.36,0,2,1,0,0,1,0.298235219597353,Moderate
R03255,State Highway,4.62,0,6.07,0,2448.0,23.9,22.34,27.67,5,0,0,1,0,1,0.2508339237847619,Moderate
R03256,Highway,5.68,2,10.72,2,1111.7,40.32,87.81,30.54,3,1,1,1,0,0,0.7034147345204113,High
R03257,District Road,2.35,0,11.9,0,1166.7,15.52,73.04,24.4,2,3,0,1,0,1,0.28694944150162605,Moderate
R03258,State Highway,7.26,0,6.09,2,403.2,6.75,191.33,31.72,0,1,0,0,0,1,0.18642431396484785,Safe
R03259,State Highway,1.21,0,9.35,1,1215.0,8.65,105.18,25.97,0,3,0,1,0,1,0.2714878028623314,Moderate
R03260,Village Road,4.14,1,8.92,0,793.2,21.18,95.35,30.07,1,0,1,0,0,1,0.3870203008864411,Moderate
R03261,State Highway,15.06,3,4.75,3,2486.2,1.81,104.56,27.24,2,0,1,1,0,0,0.6419115862999298,High
R03262,District Road,6.85,0,11.26,0,502.9,35.18,147.37,29.34,4,0,0,1,0,1,0.35447460301325384,Moderate
R03263,District Road,13.53,1,4.79,3,977.5,35.58,36.08,10.48,0,2,0,0,1,1,0.32208046493274667,Moderate
R03264,Highway,14.48,0,9.63,0,1560.4,31.59,84.69,31.68,3,1,0,0,0,1,0.18663563304425246,Safe
R03265,Village Road,11.83,2,6.13,0,895.6,40.34,77.39,32.15,1,1,0,0,0,1,0.2229140051697925,Safe
R03266,Highway,19.19,0,6.3,2,1212.3,24.73,69.79,31.03,2,0,1,1,1,1,0.7174909891730723,High
R03267,District Road,0.92,0,7.1,1,2435.0,21.57,36.11,28.25,2,2,1,1,0,1,0.4753455334920291,Moderate
R03268,District Road,14.9,0,10.78,1,1294.8,23.81,79.72,29.69,1,3,0,0,1,1,0.2664539917938155,Moderate
R03269,District Road,19.2,1,4.26,0,2280.3,8.19,104.88,14.53,4,0,0,0,0,1,0.13518093170735357,Safe
R03270,District Road,17.31,2,3.49,1,155.6,23.05,63.05,11.19,1,2,0,0,0,1,0.12012914009489672,Safe
R03271,State Highway,3.77,1,6.62,1,343.6,24.38,62.25,17.24,3,3,0,0,0,1,0.16471242234344324,Safe
R03272,Highway,6.87,0,3.5,1,2364.1,34.41,159.09,21.06,3,2,0,0,0,1,0.2271825204108803,Safe
R03273,District Road,3.86,1,9.19,1,365.4,15.66,227.46,16.77,4,3,1,0,0,1,0.439429030953568,Moderate
R03274,District Road,12.23,2,9.84,1,1854.6,4.15,48.96,31.77,4,1,1,0,0,1,0.2935929657422887,Moderate
R03275,Village Road,14.39,0,10.69,3,1142.7,26.89,188.27,34.11,2,1,1,1,0,1,0.6167369460459285,High
R03276,Village Road,6.68,0,9.69,2,1046.5,35.46,50.74,29.27,4,2,0,0,0,1,0.1856779130821274,Safe
R03277,Village Road,11.02,0,11.25,1,1665.1,43.63,108.13,21.92,4,2,0,0,0,1,0.18307254158937727,Safe
R03278,District Road,13.97,2,9.73,1,1832.6,4.06,22.55,13.64,3,2,1,0,0,1,0.2905738187929439,Moderate
R03279,State Highway,8.72,1,11.42,1,2333.3,33.59,63.26,31.8,3,2,0,0,0,1,0.1753717989531341,Safe
R03280,Village Road,17.15,1,4.74,0,679.4,26.81,157.37,31.05,0,5,1,0,0,1,0.3468901264691143,Moderate
R03281,District Road,15.55,0,7.5,1,1760.3,0.69,181.56,14.06,1,3,0,0,0,1,0.14729519732897106,Safe
R03282,State Highway,1.76,0,11.95,2,888.6,32.32,48.86,11.22,4,1,0,0,0,1,0.13858171107946682,Safe
R03283,Village Road,12.61,3,9.13,2,1808.1,1.18,126.66,32.47,1,2,0,0,0,1,0.22614733585059624,Safe
R03284,Village Road,5.09,0,10.91,1,398.2,35.34,209.38,30.55,6,1,0,1,1,1,0.4853655411867472,Moderate
R03285,District Road,11.37,3,3.27,1,1171.0,32.46,124.33,33.36,3,1,0,0,0,1,0.26589269825492745,Moderate
R03286,Highway,19.16,1,10.85,1,499.9,30.96,45.26,18.95,5,4,0,1,0,1,0.37509833906738493,Moderate
R03287,State Highway,17.64,0,9.28,1,874.3,5.4,38.1,26.45,1,0,0,0,0,1,0.06424312484892923,Safe
R03288,Village Road,8.39,1,4.54,2,1803.3,41.36,72.12,31.6,2,0,0,0,0,1,0.2154829795700296,Safe
R03289,Village Road,6.18,3,3.23,2,621.7,40.45,51.0,18.54,2,5,0,1,0,0,0.45503350440620033,Moderate
R03290,State Highway,5.07,1,5.34,0,1728.0,40.51,194.64,21.86,2,2,1,0,1,1,0.5480753876460276,High
R03291,Highway,10.88,2,11.24,2,1265.1,16.22,136.43,23.29,1,1,1,0,0,1,0.4893622497194997,Moderate
R03292,Village Road,2.73,0,9.01,2,275.5,22.15,138.51,10.73,4,1,0,0,0,1,0.2051700919532526,Safe
R03293,State Highway,11.21,1,11.28,0,997.4,5.17,30.87,30.71,3,0,0,0,0,1,0.023914396305741034,Safe
R03294,District Road,0.53,2,7.02,0,2179.6,2.3,60.97,33.59,2,1,0,0,0,1,0.12276383427624434,Safe
R03295,Village Road,6.82,3,11.43,2,2473.8,2.64,54.64,20.43,4,1,0,0,0,1,0.25336917275379034,Moderate
R03296,Highway,4.79,1,7.17,1,953.9,25.59,73.69,25.28,1,1,0,0,0,1,0.20330231662267728,Safe
R03297,District Road,19.44,1,4.84,2,184.4,14.46,128.12,23.54,2,0,0,0,0,1,0.1774480571084213,Safe
R03298,Highway,14.68,0,4.36,0,369.0,26.08,22.61,18.7,4,0,0,0,0,1,0.04989748073207925,Safe
R03299,State Highway,7.32,0,11.94,0,1981.0,26.67,89.66,12.06,7,1,0,0,0,1,0.11478033117854816,Safe
R03300,Village Road,2.31,0,6.0,0,1656.7,40.82,129.54,23.0,0,3,0,1,0,1,0.3779836668673858,Moderate
R03301,District Road,10.58,0,4.44,1,748.3,39.7,66.29,16.1,3,1,0,0,1,1,0.25966391166894753,Moderate
R03302,Village Road,4.66,0,3.08,1,1008.7,32.34,79.55,26.31,2,0,0,0,0,1,0.16309983184065532,Safe
R03303,District Road,10.96,0,5.57,2,2037.3,36.83,166.27,23.43,2,0,1,0,0,1,0.38839166397024205,Moderate
R03304,State Highway,16.79,3,11.0,2,1062.1,0.14,81.98,24.76,2,1,0,0,0,1,0.2352785025891059,Safe
R03305,State Highway,12.51,1,7.81,3,1901.6,0.7,65.08,25.04,3,1,0,0,0,1,0.11706011219774988,Safe
R03306,State Highway,12.86,1,8.69,0,773.3,20.64,107.74,32.14,2,2,1,0,0,1,0.37121895424659623,Moderate
R03307,State Highway,11.05,3,11.3,0,1825.8,29.42,88.51,13.69,0,2,1,0,0,0,0.46717942179847527,Moderate
R03308,Highway,18.58,0,7.62,0,1192.7,35.73,132.59,30.14,1,0,0,0,0,1,0.15819517270371564,Safe
R03309,State Highway,18.67,1,10.54,1,1386.1,20.13,43.65,33.87,2,0,0,1,0,1,0.3541504243370953,Moderate
R03310,District Road,10.5,1,5.91,0,1516.9,42.31,174.16,28.03,3,2,1,1,0,1,0.6341440536661269,High
R03311,District Road,6.46,0,11.79,2,1153.9,36.67,75.29,13.48,2,1,0,0,1,1,0.2654537731783165,Moderate
R03312,District Road,9.46,2,3.71,0,1192.0,4.62,54.13,31.26,0,1,0,0,0,1,0.15876153679232274,Safe
R03313,District Road,4.14,0,9.52,0,701.0,19.81,49.15,29.79,0,0,0,0,1,1,0.15985450268401044,Safe
R03314,Highway,12.91,0,8.95,1,2465.1,44.77,44.68,31.57,2,1,0,0,0,1,0.18693849766003404,Safe
R03315,State Highway,10.25,0,4.73,1,2269.2,18.45,3.39,22.16,2,4,0,0,0,1,0.04053715997995627,Safe
R03316,District Road,2.51,3,6.5,2,1342.1,17.38,92.2,30.51,2,1,0,0,0,1,0.20374568237443683,Safe
R03317,District Road,4.35,1,5.82,2,134.8,13.23,64.14,13.85,0,1,0,1,0,1,0.35447238459368663,Moderate
R03318,Highway,9.85,1,3.85,0,462.6,21.89,27.51,24.42,1,0,0,0,0,1,0.05651559438154315,Safe
R03319,Village Road,17.81,1,8.26,2,2142.1,32.84,27.52,23.79,2,0,0,0,0,1,0.16041278431737682,Safe
R03320,Village Road,11.54,0,11.94,1,2330.5,2.14,45.09,32.42,4,1,0,0,0,1,0.040656556394463084,Safe
R03321,District Road,13.79,1,8.04,1,445.2,37.61,133.74,31.57,0,0,0,0,1,1,0.29123402066026854,Moderate
R03322,Highway,7.11,1,7.91,0,1849.6,41.29,85.84,27.9,1,1,1,0,0,1,0.40680006900847704,Moderate
R03323,Village Road,11.64,0,3.36,2,1576.4,35.15,14.69,14.37,4,3,0,0,0,1,0.16048790110933556,Safe
R03324,District Road,9.22,1,4.25,0,793.3,41.2,34.97,30.17,1,4,0,0,0,1,0.14248894980572613,Safe
R03325,Village Road,13.35,0,7.62,0,1118.4,4.27,80.08,25.36,1,1,1,1,0,1,0.4907043154429729,Moderate
R03326,Village Road,1.49,0,11.87,0,1709.3,20.25,50.13,30.41,3,1,1,0,0,1,0.33168005585440946,Moderate
R03327,Village Road,10.12,2,10.89,1,298.2,3.2,81.76,33.46,0,1,0,0,1,1,0.2933398335156699,Moderate
R03328,District Road,6.27,1,6.06,1,513.2,37.66,32.66,21.25,0,4,0,0,0,1,0.1343776589005186,Safe
R03329,Highway,6.86,1,7.89,2,131.6,42.86,292.73,28.61,4,3,1,0,0,1,0.5086073118060735,High
R03330,District Road,19.24,1,7.97,2,2260.4,13.4,154.38,34.32,1,3,0,0,0,1,0.2324562225502873,Safe
R03331,District Road,4.06,1,9.17,3,1456.0,24.09,45.7,15.34,1,1,1,1,0,1,0.5634446060457726,High
R03332,District Road,6.57,1,9.19,2,1332.4,13.4,118.22,31.17,3,1,0,0,1,1,0.28796311458571267,Moderate
R03333,State Highway,10.44,2,10.11,0,1780.3,17.05,208.17,13.55,1,2,1,1,0,0,0.6535879740333139,High
R03334,State Highway,17.33,1,3.22,1,2471.5,21.45,52.58,10.43,2,0,0,0,1,1,0.2198028488832395,Safe
R03335,Village Road,8.63,3,11.49,1,472.0,35.59,112.91,31.18,2,1,0,0,0,1,0.35372068900317094,Moderate
R03336,District Road,15.01,3,3.63,1,376.1,6.61,51.09,34.0,2,1,0,0,0,1,0.1845107712883454,Safe
R03337,Village Road,17.2,1,7.29,1,772.2,7.07,136.79,10.81,2,2,0,0,1,1,0.2817947156076594,Moderate
R03338,Village Road,6.55,2,11.28,2,2264.7,9.08,61.17,31.11,2,2,1,0,0,1,0.37284567058729334,Moderate
R03339,District Road,8.16,1,7.39,0,1058.1,2.39,62.4,27.48,4,4,0,0,0,1,0.1369434120163097,Safe
R03340,District Road,7.45,1,3.57,2,1994.1,28.96,60.09,27.49,4,1,0,0,0,1,0.14481900785302326,Safe
R03341,Village Road,16.74,0,5.06,0,547.2,8.54,85.14,21.49,4,1,1,0,0,1,0.2656341423708164,Moderate
R03342,District Road,1.36,1,8.21,0,1259.3,19.69,47.24,20.43,2,1,0,0,0,1,0.11791181809709925,Safe
R03343,District Road,6.51,3,3.79,1,362.3,30.85,156.97,19.33,2,2,1,0,0,0,0.5432962505926104,High
R03344,State Highway,13.75,2,6.81,1,1061.6,20.2,44.8,19.55,5,1,0,0,0,1,0.1796385391669211,Safe
R03345,District Road,11.53,2,5.96,0,692.6,40.77,55.51,33.43,2,3,0,0,0,1,0.17231400822374957,Safe
R03346,District Road,9.01,0,10.34,1,1396.1,34.61,86.22,30.39,3,2,0,0,0,1,0.22119400574976683,Safe
R03347,State Highway,11.03,1,3.99,1,1962.0,12.29,126.55,17.84,2,1,0,0,0,1,0.1401543583698724,Safe
R03348,State Highway,4.35,0,9.15,0,2349.0,5.87,110.67,28.51,1,2,0,0,0,1,0.09807197996262343,Safe
R03349,State Highway,8.9,0,6.66,2,745.4,40.25,285.82,26.41,6,2,1,1,1,1,0.825019550275803,Critical
R03350,State Highway,10.28,1,8.29,0,1870.7,17.86,72.37,31.15,2,2,0,0,0,1,0.13090292287243527,Safe
R03351,State Highway,18.07,1,4.85,2,2219.7,17.21,107.55,12.3,2,1,0,0,0,1,0.1408489702520194,Safe
R03352,District Road,5.59,1,8.49,1,355.9,36.45,50.9,27.5,2,0,0,0,0,1,0.18758883346857,Safe
R03353,Village Road,17.42,1,9.07,1,1485.5,0.42,151.31,16.12,3,1,1,0,0,1,0.38597649966377634,Moderate
R03354,District Road,13.06,0,3.63,2,1549.0,20.3,63.26,16.04,1,1,1,0,0,1,0.3464157580027882,Moderate
R03355,State Highway,0.9,0,10.42,2,717.3,32.14,86.63,27.64,2,3,0,0,1,1,0.2655799316341784,Moderate
R03356,Highway,14.63,2,10.75,2,105.2,38.19,57.75,32.37,2,0,0,0,0,1,0.2813205629049914,Moderate
R03357,District Road,1.19,0,3.57,0,678.9,39.83,84.18,22.9,2,2,1,1,0,1,0.5624661829484586,High
R03358,State Highway,19.95,0,8.43,0,1482.6,20.96,148.29,21.64,1,3,0,0,0,1,0.19736140654316342,Safe
R03359,Village Road,17.52,2,8.35,1,531.3,38.15,96.67,30.38,0,1,0,0,0,1,0.24335337528401296,Safe
R03360,District Road,6.3,3,3.11,1,754.0,1.61,110.09,10.64,2,2,0,0,0,1,0.2246578827671381,Safe
R03361,Village Road,5.52,2,6.08,3,1784.4,13.74,123.15,27.68,3,0,1,0,0,1,0.4548005723537517,Moderate
R03362,State Highway,7.94,0,11.72,1,1025.9,0.47,215.37,11.4,1,4,1,0,0,1,0.34518236757805254,Moderate
R03363,District Road,7.45,0,8.0,1,210.3,7.45,197.56,16.11,4,1,1,0,0,1,0.42564238855389824,Moderate
R03364,State Highway,7.76,3,11.4,1,1028.0,32.61,100.78,26.68,5,1,0,1,0,0,0.48176357941297954,Moderate
R03365,Village Road,6.71,2,9.08,2,2499.4,0.2,64.45,19.5,1,3,0,1,0,0,0.3730211010755021,Moderate
R03366,District Road,12.61,1,3.26,0,689.6,23.54,73.66,17.38,0,2,0,0,0,1,0.13113620656892142,Safe
R03367,State Highway,3.7,0,3.7,3,699.9,18.63,134.75,22.61,1,5,0,0,0,1,0.15805456509207116,Safe
R03368,State Highway,17.0,0,9.5,1,466.2,5.53,119.34,31.25,1,0,0,0,0,1,0.002757429291359109,Safe
R03369,State Highway,16.34,0,7.99,2,715.5,30.85,247.47,20.65,1,0,0,1,0,1,0.4704815462818627,Moderate
R03370,District Road,9.79,1,4.14,1,1458.1,31.19,104.51,23.32,4,1,0,0,0,1,0.24084402062537738,Safe
R03371,State Highway,17.13,0,8.53,2,2413.3,32.69,80.46,13.95,7,1,0,0,0,1,0.21781286121808818,Safe
R03372,District Road,5.32,3,10.29,0,1538.9,34.44,136.89,21.12,1,0,0,1,0,0,0.5040375284710493,High
R03373,State Highway,0.84,0,9.78,2,1054.1,14.17,72.26,10.41,1,1,0,0,0,1,0.03252532086798203,Safe
R03374,District Road,12.57,2,5.22,1,1004.6,44.74,7.66,30.95,3,0,0,0,0,1,0.20773298854391645,Safe
R03375,Village Road,9.43,0,5.32,1,109.4,3.28,57.55,15.17,1,0,1,1,0,1,0.40941363994959673,Moderate
R03376,Village Road,11.56,1,11.71,0,56.2,29.15,51.07,33.0,0,0,0,0,0,1,0.1705264921366855,Safe
R03377,Village Road,18.04,0,10.99,2,2003.1,43.68,51.31,18.94,2,4,0,0,0,1,0.17106680083331574,Safe
R03378,State Highway,19.41,2,5.87,0,1250.9,10.09,33.53,30.9,4,3,0,0,0,1,0.20113809539433813,Safe
R03379,Highway,12.87,1,10.42,0,131.4,12.52,58.28,19.74,3,1,0,0,0,1,0.12189795785049042,Safe
R03380,District Road,15.4,0,4.46,0,750.8,25.92,61.49,13.82,3,1,0,0,0,1,0.15556068290427472,Safe
R03381,State Highway,2.13,2,4.77,0,923.9,35.16,34.8,22.59,2,2,0,0,0,1,0.18695887337639053,Safe
R03382,District Road,3.63,1,4.63,2,1969.1,14.8,39.11,16.51,2,2,0,0,0,1,0.14936278192013303,Safe
R03383,Highway,14.8,3,3.79,0,1114.2,37.65,42.48,18.07,0,0,0,0,0,1,0.2491324697199478,Safe
R03384,State Highway,8.91,3,10.69,0,1983.8,10.85,27.85,17.9,3,0,0,0,0,1,0.15181692055409293,Safe
R03385,Highway,9.2,3,8.21,1,1602.6,39.35,116.67,18.65,2,1,0,0,0,1,0.2967282139236853,Moderate
R03386,Village Road,6.52,0,5.33,1,131.2,11.38,8.32,22.45,2,1,0,0,0,1,0.08312520592245701,Safe
R03387,State Highway,12.34,0,10.64,1,2423.3,27.78,76.67,13.19,1,2,0,1,0,1,0.3999930715890565,Moderate
R03388,District Road,4.11,3,10.22,1,494.5,16.1,79.09,16.44,6,5,1,0,1,0,0.49523877337513417,Moderate
R03389,Highway,12.72,1,3.91,1,725.3,14.48,50.31,25.81,2,2,1,0,0,1,0.2812652837921707,Moderate
R03390,District Road,3.89,0,8.8,1,2032.8,15.93,124.15,28.89,5,1,0,0,0,1,0.1691302761338523,Safe
R03391,State Highway,1.74,2,9.5,2,515.1,22.46,15.7,16.1,1,1,0,1,0,0,0.3587090298756608,Moderate
R03392,Village Road,6.94,0,9.44,0,1032.7,38.03,55.98,16.55,3,2,0,1,1,1,0.4623364464656773,Moderate
R03393,Village Road,5.01,2,9.51,2,2169.2,34.17,11.21,21.95,1,2,0,1,0,0,0.3985188757932372,Moderate
R03394,State Highway,17.84,2,4.53,0,1611.3,20.22,74.82,34.53,0,1,0,0,0,1,0.1367509840090278,Safe
R03395,Village Road,1.57,2,5.84,2,790.1,12.7,140.72,23.75,2,3,0,0,0,1,0.27059483031102705,Moderate
R03396,Village Road,3.94,0,10.6,1,1627.9,38.44,117.23,30.34,2,2,0,0,0,1,0.21581766389558163,Safe
R03397,Village Road,11.2,1,11.09,0,2040.9,39.16,34.99,32.97,1,3,0,0,0,1,0.1084385874739508,Safe
R03398,Village Road,9.88,1,5.51,1,1039.5,20.42,156.15,25.92,0,2,1,1,0,1,0.593996117502745,High
R03399,State Highway,1.39,1,3.21,2,1450.6,31.31,64.13,22.98,0,3,0,0,0,1,0.2253332923438194,Safe
R03400,District Road,0.64,0,10.74,1,2470.4,16.62,70.34,29.11,3,0,0,0,0,1,0.12501025036828622,Safe
R03401,Highway,19.77,1,6.39,1,2413.2,6.71,86.37,17.97,1,1,0,0,0,1,0.10766522013413296,Safe
R03402,Highway,13.35,1,5.97,0,1297.1,14.47,295.76,34.32,4,1,0,1,0,1,0.5402396374733652,High
R03403,Village Road,7.63,1,6.12,3,285.5,30.69,99.05,21.88,3,0,0,0,0,1,0.29106821556808804,Moderate
R03404,State Highway,9.67,2,6.74,2,1766.7,34.62,38.24,33.21,2,1,0,0,1,1,0.34637184626129913,Moderate
R03405,District Road,5.7,1,6.4,1,708.1,38.32,108.37,28.99,3,1,1,0,0,1,0.4565577440016748,Moderate
R03406,Village Road,7.23,0,8.1,2,1690.2,0.8,53.35,15.29,4,1,0,0,0,1,0.026172335298095498,Safe
R03407,Village Road,13.16,1,3.71,1,911.8,21.89,86.45,15.52,0,3,1,1,0,1,0.4937461763063945,Moderate
R03408,Village Road,17.71,2,11.74,2,1811.0,12.33,57.72,18.75,2,0,0,0,0,1,0.14571497072187206,Safe
R03409,State Highway,4.09,0,11.43,1,949.9,30.78,75.08,19.3,1,0,0,0,0,1,0.1383801771973587,Safe
R03410,Highway,16.89,1,11.41,1,2355.9,11.04,121.17,10.37,3,1,0,1,0,1,0.27765129505871167,Moderate
R03411,District Road,2.87,0,10.91,0,384.8,25.48,76.96,31.39,2,1,0,0,0,1,0.1577797442398771,Safe
R03412,Highway,4.69,0,8.94,3,217.6,32.04,61.58,16.01,1,2,0,1,0,1,0.442118045998085,Moderate
R03413,Highway,1.22,3,4.99,2,1963.9,34.65,139.69,30.62,4,1,1,0,0,0,0.4978883474896871,Moderate
R03414,State Highway,3.25,3,3.45,2,1033.2,12.13,109.44,22.07,1,2,0,0,0,1,0.26416892140957365,Moderate
R03415,Village Road,18.39,1,3.89,1,1190.7,3.95,136.89,24.8,2,1,1,0,0,1,0.4005608467481535,Moderate
R03416,District Road,9.46,2,5.92,0,2337.9,9.84,173.26,23.41,3,1,1,0,0,1,0.4414421506870615,Moderate
R03417,State Highway,2.01,2,7.53,1,1495.3,26.96,130.83,33.62,3,5,0,1,0,0,0.47343858985520065,Moderate
R03418,District Road,19.21,3,11.94,2,1667.4,1.82,127.98,20.45,2,2,0,0,0,1,0.27973690323498,Moderate
R03419,State Highway,17.64,1,6.92,3,97.7,7.15,55.64,19.72,2,1,1,0,1,1,0.49384784366680723,Moderate
R03420,Highway,15.22,1,7.72,0,1692.8,44.8,79.99,25.37,1,1,0,1,0,1,0.3856781138629841,Moderate
R03421,Village Road,18.7,1,9.26,1,1001.5,17.2,17.12,19.55,1,0,0,0,0,1,0.11785075625674529,Safe
R03422,District Road,4.79,0,4.63,2,1177.5,22.34,40.55,25.19,0,3,1,1,1,1,0.6843539096234508,High
R03423,Village Road,16.81,1,11.4,0,2029.7,0.5,56.26,24.31,3,1,0,0,0,1,0.06325368585450034,Safe
R03424,Highway,13.95,2,7.76,1,1333.3,26.64,69.46,29.38,5,0,0,0,0,1,0.22468776813659225,Safe
R03425,Village Road,17.46,2,5.49,0,2467.8,14.64,88.63,34.75,0,3,1,0,1,0,0.4156241252762454,Moderate
R03426,District Road,16.04,2,11.42,2,2002.2,23.86,34.34,34.43,1,0,0,0,1,1,0.24187908886259935,Safe
R03427,District Road,7.26,0,8.63,2,1835.0,23.68,68.05,13.09,3,0,1,0,0,1,0.3056018067839746,Moderate
R03428,District Road,15.6,1,7.35,2,1492.3,43.54,176.28,21.3,1,3,1,1,0,1,0.6767295137258749,High
R03429,Village Road,5.62,0,8.22,2,1060.4,12.07,62.92,20.56,0,3,1,1,0,1,0.4800707445436805,Moderate
R03430,District Road,6.91,0,9.73,1,179.5,25.67,110.56,14.77,1,0,1,0,0,1,0.3695825623449951,Moderate
R03431,District Road,2.6,3,4.39,2,95.3,17.17,115.27,28.59,2,1,0,0,0,1,0.28041699705182926,Moderate
R03432,Village Road,18.73,1,10.78,2,164.6,18.99,193.75,34.21,2,1,1,1,0,1,0.6137084650923458,High
R03433,Village Road,6.17,2,11.64,1,2399.1,2.5,68.88,13.82,1,2,0,0,0,1,0.17228712728193757,Safe
R03434,District Road,10.65,0,8.1,1,841.9,30.98,32.61,16.81,0,0,0,0,0,1,0.04564400007020192,Safe
R03435,District Road,8.13,1,9.14,3,1766.5,8.79,65.83,31.38,2,3,0,1,0,1,0.31406310609499655,Moderate
R03436,State Highway,19.22,1,10.74,2,1506.1,21.08,105.06,17.63,2,1,0,1,0,1,0.38070991314037533,Moderate
R03437,State Highway,7.03,0,6.37,2,1450.6,19.54,44.4,21.03,4,0,0,0,0,1,0.08302184702381032,Safe
R03438,District Road,15.68,0,11.94,3,1469.1,21.07,114.8,28.51,1,2,0,1,0,1,0.394193030167029,Moderate
R03439,Village Road,17.18,0,9.12,1,790.6,16.9,112.0,13.15,2,3,1,0,0,1,0.39163067014332714,Moderate
R03440,Village Road,8.99,1,6.82,2,2222.0,10.91,28.39,23.18,1,1,0,0,0,1,0.15078167421633007,Safe
R03441,State Highway,7.87,3,9.1,1,2302.1,20.19,42.85,12.74,3,4,0,1,1,0,0.4894429009586751,Moderate
R03442,District Road,15.08,2,7.7,0,1629.1,2.08,35.79,17.63,3,3,0,0,0,1,0.09682509986385351,Safe
R03443,State Highway,18.3,3,4.0,1,2166.7,10.9,112.06,15.92,2,3,1,1,0,0,0.6383284765660028,High
R03444,Village Road,15.22,2,10.16,1,197.0,35.32,49.69,28.26,1,2,0,0,0,1,0.20005430122356607,Safe
R03445,Village Road,4.93,2,8.08,0,296.0,37.93,51.66,13.77,1,1,0,0,0,1,0.1634306757382073,Safe
R03446,District Road,17.82,1,10.16,3,1419.7,32.19,37.85,26.55,1,1,0,0,0,1,0.21134049428494722,Safe
R03447,Village Road,8.06,1,4.39,0,2123.9,28.47,77.43,24.39,2,2,1,0,0,1,0.35915610033957707,Moderate
R03448,District Road,11.74,1,7.85,3,822.8,36.51,74.46,26.9,0,1,0,0,0,1,0.17229971351289222,Safe
R03449,District Road,16.71,2,9.9,0,1392.7,5.75,114.44,31.91,2,1,0,0,0,1,0.22295050465406066,Safe
R03450,Highway,4.17,0,11.89,1,74.4,23.64,94.92,23.35,2,5,1,0,0,1,0.35643909178471206,Moderate
R03451,District Road,15.8,0,10.96,1,2467.2,5.23,55.57,28.02,3,0,0,0,0,1,0.0,Safe
R03452,District Road,12.13,3,10.78,2,1929.1,35.0,72.94,30.11,1,1,0,0,0,1,0.2928143040658931,Moderate
R03453,District Road,17.92,0,5.23,0,935.5,23.43,156.99,27.39,4,3,1,0,0,1,0.3744830344148007,Moderate
R03454,State Highway,3.85,3,10.54,3,2458.4,36.45,184.88,17.98,1,3,1,1,0,0,0.7531282536230667,Critical
R03455,Village Road,8.7,2,4.52,2,276.4,35.96,145.42,34.04,4,1,0,0,0,1,0.2310729174686596,Safe
R03456,State Highway,16.74,0,4.78,2,1187.2,20.98,67.41,11.52,3,1,0,0,0,1,0.18876964785622868,Safe
R03457,District Road,0.88,1,3.99,0,194.2,22.36,33.56,19.31,1,3,0,0,0,1,0.10491767222384692,Safe
R03458,District Road,2.69,2,10.72,1,870.7,1.27,52.48,30.53,2,4,0,0,0,1,0.041552932764151215,Safe
R03459,District Road,19.82,0,3.97,3,587.4,23.56,57.84,18.75,4,1,0,1,0,1,0.3137438384723218,Moderate
R03460,District Road,5.97,2,4.24,0,825.5,30.49,48.83,23.65,1,0,0,0,0,1,0.17194081070974712,Safe
R03461,State Highway,19.52,2,5.21,0,2371.2,10.51,59.53,13.36,0,3,1,0,0,1,0.3389275536932992,Moderate
R03462,State Highway,4.06,0,8.15,1,1096.6,44.39,46.39,31.42,4,0,0,0,0,1,0.13082159441352917,Safe
R03463,District Road,7.54,0,10.92,3,845.9,43.87,112.72,33.28,2,0,1,0,0,1,0.4500642685002152,Moderate
R03464,District Road,15.18,0,6.76,1,1619.9,12.73,45.86,34.6,1,0,0,1,0,1,0.23087718581756414,Safe
R03465,State Highway,13.33,0,7.92,1,1724.3,32.08,105.38,11.93,0,0,1,0,0,1,0.3549251196612325,Moderate
R03466,District Road,11.83,0,4.5,2,2460.2,1.35,161.95,14.98,3,0,0,0,0,1,0.15974339591835954,Safe
R03467,District Road,10.83,2,5.39,3,1387.8,29.96,112.65,22.37,2,1,0,1,1,0,0.5292278061610707,High
R03468,District Road,16.95,1,4.21,0,1893.8,28.08,93.83,16.82,4,4,0,0,0,1,0.21871303108649442,Safe
R03469,Village Road,5.08,2,6.69,0,986.3,37.0,59.75,26.07,3,1,0,1,0,0,0.4476543890993002,Moderate
R03470,State Highway,9.13,0,8.31,0,469.0,13.7,67.81,31.14,3,0,0,0,0,1,0.08776234251991653,Safe
R03471,Highway,3.53,1,5.56,0,1103.1,39.51,18.52,13.18,0,3,0,1,0,1,0.3485886846694456,Moderate
R03472,Village Road,12.12,1,10.61,1,1076.0,38.61,77.2,10.08,4,0,1,0,0,1,0.43326609748046513,Moderate
R03473,District Road,5.39,2,11.83,0,1080.5,30.13,134.08,34.84,1,2,1,1,0,0,0.6479123514379703,High
R03474,District Road,7.01,1,4.08,1,1753.8,21.26,51.23,21.26,0,0,0,0,0,1,0.12901697871088055,Safe
R03475,Village Road,9.69,1,3.16,1,1044.6,27.83,88.96,11.71,4,1,0,0,0,1,0.22004502119754962,Safe
R03476,Village Road,1.02,2,10.11,1,2387.7,32.85,53.38,24.71,4,2,0,1,0,0,0.4756660961710952,Moderate
R03477,Village Road,2.29,0,4.72,3,2457.7,43.89,59.15,28.83,3,2,0,0,0,1,0.19118376609054114,Safe
R03478,District Road,13.88,0,6.18,0,1332.2,5.48,59.05,30.03,2,1,0,0,0,1,0.043602941728978994,Safe
R03479,District Road,8.86,1,6.55,1,1418.2,14.09,55.4,24.23,3,2,0,0,0,1,0.1813234192275915,Safe
R03480,District Road,17.36,2,11.25,0,1048.7,35.13,30.22,26.99,1,3,0,0,0,1,0.1481449898751705,Safe
R03481,State Highway,14.05,0,8.93,1,921.2,18.41,40.2,21.91,4,4,0,0,0,1,0.061126983176991445,Safe
R03482,District Road,0.66,1,3.37,2,2464.1,30.26,99.0,25.49,2,4,0,0,0,1,0.20878458924365012,Safe
R03483,State Highway,12.53,1,3.13,2,149.6,5.99,112.06,33.79,5,0,1,0,0,1,0.4087372579729501,Moderate
R03484,Village Road,2.33,3,4.8,1,1054.7,31.91,228.43,34.69,3,2,1,1,0,0,0.8202602794823417,Critical
R03485,District Road,15.73,0,5.86,2,420.8,30.33,100.87,25.69,1,4,0,1,0,1,0.384758896826396,Moderate
R03486,District Road,19.83,0,7.36,2,1829.4,26.36,33.68,24.6,3,0,0,0,0,1,0.13331207538441384,Safe
R03487,State Highway,10.86,1,10.54,0,526.4,34.44,50.38,18.64,4,2,1,0,0,1,0.36872427656752815,Moderate
R03488,Highway,13.81,1,5.83,0,2217.4,39.61,56.55,18.11,1,1,0,0,0,1,0.16075700225013512,Safe
R03489,Highway,5.13,2,6.39,2,967.5,37.32,36.9,33.11,3,2,0,0,0,1,0.22268560686838607,Safe
R03490,District Road,9.03,1,5.96,3,2297.0,5.74,85.46,26.63,2,0,1,0,0,1,0.38480998268830524,Moderate
R03491,Highway,17.19,2,3.08,1,2467.1,33.5,35.04,21.46,1,2,0,0,1,1,0.3237981286747649,Moderate
R03492,District Road,3.76,2,11.6,0,1939.4,20.24,163.23,26.65,2,1,0,0,0,1,0.3133517752897852,Moderate
R03493,Village Road,5.68,3,4.25,2,1576.7,15.02,29.41,13.02,3,4,0,0,0,1,0.2424991546906645,Safe
R03494,Village Road,9.19,1,5.59,0,417.3,39.58,132.03,33.59,1,2,1,0,0,1,0.4293499560471653,Moderate
R03495,District Road,14.39,3,4.16,2,2336.0,25.18,86.4,23.06,2,3,0,0,1,0,0.3540623532248846,Moderate
R03496,State Highway,7.83,0,7.41,0,1953.3,22.56,39.03,18.35,2,2,0,0,0,1,0.02348842230292289,Safe
R03497,Village Road,18.59,2,11.39,0,755.7,35.31,119.17,10.33,7,2,0,0,0,1,0.1586410744139584,Safe
R03498,Village Road,2.34,1,3.91,1,1197.8,24.9,76.79,26.93,2,1,1,0,0,1,0.3358988265032943,Moderate
R03499,State Highway,7.73,2,6.97,2,215.8,38.61,94.91,34.24,0,1,0,1,0,0,0.5334643909981995,High
R03500,District Road,14.32,1,3.2,0,1664.6,4.63,25.57,23.96,2,0,0,0,0,1,0.07617049002364959,Safe
R03501,State Highway,4.91,2,9.94,2,356.9,34.93,27.23,18.32,2,2,0,1,0,0,0.3692574675436508,Moderate
R03502,Village Road,13.3,3,8.77,0,1646.3,7.37,45.65,20.46,1,4,0,0,0,1,0.16984132655212122,Safe
R03503,Village Road,3.7,2,9.3,1,1695.3,10.14,23.29,24.22,1,2,0,0,1,1,0.19981338451526037,Safe
R03504,Highway,1.59,2,7.25,1,845.3,8.08,103.33,27.22,4,1,1,0,0,1,0.4237514698518645,Moderate
R03505,Village Road,2.86,0,11.17,2,2374.2,10.73,43.34,14.58,0,3,1,0,0,1,0.40373136449469715,Moderate
R03506,District Road,18.63,0,6.69,2,1958.5,32.93,157.45,33.38,2,0,1,0,0,1,0.41033844726553326,Moderate
R03507,Village Road,11.26,3,7.63,0,1267.0,29.49,51.85,20.36,0,0,0,1,0,0,0.3942500920250404,Moderate
R03508,District Road,16.03,1,9.26,0,2300.5,10.34,40.26,25.61,3,0,0,0,1,1,0.18610210911828867,Safe
R03509,Village Road,6.99,1,7.69,2,2146.8,12.16,125.75,32.79,0,0,1,1,0,1,0.6104584160079805,High
R03510,Highway,12.06,1,4.7,1,1745.9,4.47,35.02,24.46,1,5,0,1,0,1,0.25551101573133095,Moderate
R03511,State Highway,10.15,0,5.85,1,424.8,18.65,32.18,27.09,0,3,0,1,0,1,0.27735187737204464,Moderate
R03512,Highway,18.94,1,3.83,0,1267.8,17.04,49.48,25.83,4,2,1,0,0,1,0.29001481958952,Moderate
R03513,Village Road,15.08,1,6.89,3,2167.8,6.56,170.02,16.2,2,2,0,0,0,1,0.2108395868354128,Safe
R03514,Village Road,14.75,0,8.48,3,1541.8,37.56,22.27,34.07,1,1,0,0,0,1,0.21426448204811355,Safe
R03515,Village Road,1.4,0,4.07,0,1386.5,38.37,13.68,21.81,3,1,0,0,0,1,0.06774628890044879,Safe
R03516,Village Road,11.22,1,8.68,1,2390.3,4.91,36.81,12.46,1,1,0,0,0,1,0.1419680785839572,Safe
R03517,Highway,9.61,1,11.04,2,90.5,11.99,114.97,34.95,2,0,0,0,0,1,0.16097443474253384,Safe
R03518,State Highway,18.59,0,6.04,1,79.5,33.12,161.35,26.25,1,1,1,0,0,1,0.3853250267061848,Moderate
R03519,Highway,5.52,1,5.0,1,2237.4,39.15,36.44,25.21,5,1,0,0,0,1,0.16556253630958162,Safe
R03520,State Highway,5.76,3,11.04,1,144.4,3.23,142.51,32.91,1,1,1,0,0,0,0.49530251596970876,Moderate
R03521,State Highway,8.52,1,9.23,0,864.7,40.61,19.79,23.55,1,0,1,0,0,1,0.3560837288780895,Moderate
R03522,District Road,5.25,2,3.95,2,2313.9,2.77,14.79,19.01,1,3,0,0,0,1,0.0700637163078782,Safe
R03523,State Highway,3.02,3,6.67,1,1743.3,28.52,54.99,14.37,1,2,0,0,0,1,0.25656846935471034,Moderate
R03524,Highway,17.22,0,9.07,1,1638.0,0.99,36.11,30.26,1,1,1,1,1,1,0.5345111851345026,High
R03525,State Highway,11.39,0,8.17,0,1659.6,41.77,99.33,18.28,2,3,0,1,0,1,0.3804501216082401,Moderate
R03526,Highway,17.3,1,8.57,2,828.2,15.92,54.64,22.91,3,2,0,0,0,1,0.10300186334896858,Safe
R03527,Village Road,16.71,1,8.1,2,1349.8,29.2,95.84,22.72,4,4,0,0,0,1,0.16105376213756414,Safe
R03528,Village Road,6.0,1,10.18,1,1593.4,8.31,105.19,28.51,3,2,0,0,0,1,0.160173688343937,Safe
R03529,Village Road,11.18,0,5.88,3,799.0,14.46,153.49,27.1,2,1,0,1,0,1,0.3717172286234927,Moderate
R03530,District Road,2.12,1,9.38,0,1998.6,33.63,48.42,20.59,0,3,0,1,0,1,0.3384171722221199,Moderate
R03531,State Highway,18.35,0,11.92,2,838.3,43.78,25.38,20.65,1,0,1,0,0,1,0.3532277452150408,Moderate
R03532,Village Road,8.38,3,6.51,1,225.0,44.64,48.5,16.76,2,1,0,0,1,0,0.3214119425743067,Moderate
R03533,State Highway,8.18,0,10.12,0,543.6,36.44,66.75,18.52,2,0,0,1,0,1,0.4179951279084284,Moderate
R03534,State Highway,6.4,3,5.21,0,1050.6,38.12,26.12,27.79,3,0,0,0,0,1,0.2759613453087749,Moderate
R03535,State Highway,9.48,0,5.54,1,2274.7,43.62,168.78,24.06,2,1,1,1,1,1,0.7790133875361241,Critical
R03536,Highway,5.41,0,11.41,2,1068.6,1.81,37.55,11.28,1,3,0,0,0,1,0.10896519946421096,Safe
R03537,State Highway,7.81,0,3.23,2,270.0,7.66,169.15,22.7,1,4,1,0,0,1,0.3956468761708456,Moderate
R03538,State Highway,16.1,3,4.96,1,531.3,2.37,21.67,33.88,1,0,0,0,0,1,0.1281531737247485,Safe
R03539,District Road,16.77,0,7.35,0,1383.9,22.55,126.78,12.73,1,3,1,1,0,1,0.5339587461774836,High
R03540,Highway,6.43,1,6.62,3,485.3,43.13,59.12,12.62,0,1,0,0,1,1,0.333133520681536,Moderate
R03541,State Highway,9.65,2,8.66,1,206.7,26.21,66.81,26.69,1,1,0,1,0,0,0.39431697072691724,Moderate
R03542,Village Road,17.54,1,4.73,1,1801.3,24.99,113.24,33.94,0,0,0,0,0,1,0.1311504848171487,Safe
R03543,Highway,1.53,1,3.63,2,1971.7,37.2,78.37,10.67,0,3,0,0,0,1,0.2146313863721871,Safe
R03544,State Highway,17.84,3,6.32,0,2134.1,41.8,64.08,18.61,1,1,0,0,0,1,0.20163265783150944,Safe
R03545,Village Road,4.77,2,7.72,2,2117.6,31.43,81.66,11.68,4,0,0,0,0,1,0.23953894258542507,Safe
R03546,State Highway,13.73,1,8.06,0,979.2,40.29,109.43,16.65,4,5,0,1,0,1,0.41394824049131473,Moderate
R03547,Highway,11.86,1,8.41,0,1849.5,7.88,119.82,23.86,3,2,0,0,0,1,0.12081824138215864,Safe
R03548,District Road,11.28,3,7.94,2,1479.7,22.65,89.28,21.05,1,1,0,0,0,1,0.22125208522911197,Safe
R03549,State Highway,17.26,3,5.21,0,107.2,16.41,213.32,19.08,2,1,0,0,0,1,0.276835551775569,Moderate
R03550,District Road,2.48,1,9.88,1,1033.9,14.96,72.78,15.27,5,2,0,0,0,1,0.18065490131681117,Safe
R03551,Village Road,7.27,2,3.79,0,179.6,9.64,114.7,25.49,4,0,1,1,0,0,0.6053057745301758,High
R03552,Highway,11.0,0,4.79,1,254.2,40.23,62.1,24.39,0,1,0,0,0,1,0.16221264645538486,Safe
R03553,District Road,16.32,1,9.65,0,187.2,20.27,97.86,26.58,4,1,0,0,0,1,0.08836588634561947,Safe
R03554,District Road,4.72,0,5.52,2,2404.3,23.86,209.9,29.83,1,2,1,0,0,1,0.49317397021799564,Moderate
R03555,Highway,16.16,0,7.44,0,2118.3,12.43,61.18,28.24,5,0,0,0,0,1,0.05915910065973917,Safe
R03556,District Road,8.29,1,5.94,2,1125.8,43.33,68.39,33.93,2,3,0,0,0,1,0.262951323402988,Moderate
R03557,State Highway,4.18,1,7.56,2,657.6,27.5,25.61,14.24,3,4,0,0,0,1,0.16430818944578546,Safe
R03558,District Road,15.3,0,6.12,1,227.5,0.03,54.61,33.79,3,3,0,1,0,1,0.25494833095346364,Moderate
R03559,Highway,2.27,1,11.95,2,1106.4,12.06,134.31,14.3,5,1,0,1,0,1,0.39385459278754753,Moderate
R03560,District Road,10.54,1,6.22,0,1520.9,44.97,32.9,31.07,3,5,0,0,0,1,0.12562166137946482,Safe
R03561,State Highway,1.75,3,8.64,0,2002.9,43.86,174.46,29.71,1,2,1,1,0,0,0.664149225763236,High
R03562,Village Road,7.45,2,11.0,0,176.3,24.51,25.4,26.65,0,1,0,0,0,1,0.10766737483166688,Safe
R03563,Highway,12.22,1,8.74,1,1073.8,25.39,63.85,27.66,3,1,0,1,0,1,0.355719712417469,Moderate
R03564,District Road,11.34,3,8.09,3,2443.3,40.57,30.83,27.29,4,3,0,1,0,0,0.44527779031982057,Moderate
R03565,District Road,8.39,0,8.12,0,345.8,31.89,161.36,23.25,2,4,1,0,0,1,0.4623094718471576,Moderate
R03566,District Road,8.87,1,7.47,2,1030.7,41.95,107.6,10.82,3,3,0,0,0,1,0.1915191288951559,Safe
R03567,District Road,4.92,3,10.27,2,723.9,21.56,115.62,24.49,0,2,0,1,0,0,0.520594635607599,High
R03568,District Road,9.39,1,3.45,0,378.4,43.92,180.64,19.73,2,0,1,0,1,1,0.5507767831407985,High
R03569,Village Road,19.09,1,10.97,3,2105.4,24.28,105.9,16.81,5,0,0,0,0,1,0.2623608238544998,Moderate
R03570,Village Road,17.08,0,8.28,3,1757.9,29.02,121.74,22.25,2,2,0,0,0,1,0.197057963764245,Safe
R03571,State Highway,3.33,0,10.64,3,1058.3,3.72,147.91,31.2,0,0,0,0,0,1,0.18911445608674385,Safe
R03572,District Road,1.08,1,3.09,1,954.2,27.52,112.22,24.46,2,0,0,0,0,1,0.16552589012466717,Safe
R03573,Village Road,18.7,3,10.82,0,2078.0,34.55,82.18,34.12,4,2,1,0,0,0,0.46129035360685394,Moderate
R03574,Village Road,10.77,1,4.08,1,272.4,19.77,232.25,20.51,2,3,1,0,0,1,0.39017733847884273,Moderate
R03575,Village Road,10.99,3,9.49,1,409.7,22.61,119.68,14.21,2,2,0,1,0,0,0.4861013609849597,Moderate
R03576,State Highway,15.72,3,6.75,1,2271.0,17.7,183.41,17.87,1,3,1,0,0,0,0.526738766139117,High
R03577,State Highway,6.64,0,9.13,2,2052.2,43.61,87.01,13.62,2,1,0,0,1,1,0.32115291132190504,Moderate
R03578,District Road,9.9,1,8.65,2,1948.5,21.45,53.53,27.12,4,1,0,0,0,1,0.1736685926186348,Safe
R03579,District Road,19.39,1,4.47,0,1578.7,5.68,138.94,13.99,1,1,1,1,0,1,0.5576188947979854,High
R03580,District Road,13.61,1,7.63,1,766.5,1.3,53.59,22.96,1,2,0,0,0,1,0.09528778485763281,Safe
R03581,District Road,3.5,0,5.5,3,2340.2,34.76,203.3,33.09,1,0,1,0,0,1,0.40546267259255,Moderate
R03582,Village Road,3.1,3,8.04,0,1255.1,24.65,10.65,20.85,1,3,0,0,0,1,0.20827901170761626,Safe
R03583,State Highway,4.48,2,9.64,1,737.5,0.12,81.16,20.07,2,1,0,0,0,1,0.19845476200513107,Safe
R03584,Village Road,15.45,1,3.73,0,945.7,17.21,46.67,15.08,3,0,1,0,0,1,0.3828620532390594,Moderate
R03585,District Road,6.26,1,7.64,1,91.3,41.13,91.76,28.84,1,0,1,0,0,1,0.37249705240342373,Moderate
R03586,State Highway,0.92,0,8.56,1,675.1,42.65,103.77,17.61,0,1,0,0,0,1,0.20434631370102344,Safe
R03587,District Road,18.91,1,5.66,0,510.5,2.41,83.22,34.76,2,3,0,0,0,1,0.11661805234052125,Safe
R03588,Village Road,3.81,3,11.58,0,382.1,5.55,94.67,14.17,1,2,0,0,0,1,0.1821393609359986,Safe
R03589,Highway,0.69,2,7.68,1,128.7,0.22,28.5,10.06,3,1,0,0,0,1,0.14313665761078115,Safe
R03590,State Highway,5.12,0,4.64,1,605.8,39.09,37.58,23.49,1,2,0,0,0,1,0.19796346851412439,Safe
R03591,Village Road,5.08,1,3.97,0,303.6,3.19,44.39,11.72,1,2,0,0,0,1,0.03019220217403685,Safe
R03592,State Highway,8.73,1,7.87,2,160.6,4.86,61.57,19.24,4,3,0,0,0,1,0.1560980951379694,Safe
R03593,District Road,18.45,0,6.38,1,386.4,10.24,27.46,21.29,3,4,0,0,0,1,0.09305057773858987,Safe
R03594,District Road,17.64,0,4.73,0,545.9,41.28,146.51,16.21,2,1,0,1,0,1,0.3990012417958714,Moderate
R03595,District Road,9.41,1,3.28,2,1069.1,30.97,94.96,34.45,2,0,0,0,0,1,0.19529879888190185,Safe
R03596,District Road,8.51,1,8.1,0,1480.1,27.76,124.29,18.62,2,1,1,1,1,0,0.6666406804862479,High
R03597,State Highway,11.32,0,8.39,0,839.6,35.31,174.95,13.62,2,2,1,0,0,1,0.40412783351553233,Moderate
R03598,District Road,5.25,0,4.28,2,396.1,31.2,85.57,10.93,1,1,0,1,0,1,0.3461696776183884,Moderate
R03599,State Highway,1.52,0,8.42,0,2353.8,33.57,67.38,17.74,1,1,0,0,0,1,0.12328065811138846,Safe
R03600,District Road,18.81,0,11.57,2,1311.4,3.31,25.23,30.53,2,2,0,1,0,1,0.23534249228853793,Safe
R03601,Highway,4.14,1,11.8,2,1867.6,26.54,42.29,16.15,2,0,0,0,0,1,0.21671660105488613,Safe
R03602,District Road,4.37,0,11.0,1,1751.4,33.89,34.54,24.97,2,2,0,0,0,1,0.09401342564292936,Safe
R03603,State Highway,9.71,0,10.26,0,748.0,25.45,34.83,34.73,0,1,0,0,1,1,0.1640566436357607,Safe
R03604,State Highway,10.09,2,4.88,0,1421.7,0.53,65.96,18.59,1,2,0,0,0,1,0.09704144817689624,Safe
R03605,State Highway,0.86,0,4.41,0,1525.3,9.5,208.99,25.4,3,3,1,0,0,1,0.3085098470328163,Moderate
R03606,State Highway,3.39,1,7.0,2,911.9,43.33,28.06,24.99,0,0,0,0,1,1,0.2932879387530893,Moderate
R03607,Village Road,7.87,3,8.58,1,1693.4,31.71,42.75,24.86,4,1,0,0,0,1,0.290949802388214,Moderate
R03608,State Highway,13.83,1,10.66,0,1987.2,30.98,16.34,33.83,2,0,0,0,0,1,0.13646017495611834,Safe
R03609,Village Road,4.95,2,5.09,1,942.3,29.71,86.22,29.65,2,1,0,0,0,1,0.13149209917327231,Safe
R03610,Village Road,8.75,1,7.32,0,86.5,5.75,43.56,10.22,2,4,1,0,0,1,0.2385356056058399,Safe
R03611,District Road,11.37,0,8.83,0,905.9,0.18,79.92,10.7,2,0,1,1,1,1,0.5240753344205391,High
R03612,Highway,17.83,1,7.01,0,336.2,19.83,150.52,11.0,1,1,0,0,0,1,0.2137244627125396,Safe
R03613,State Highway,6.86,1,7.09,2,431.2,19.99,46.35,19.12,1,1,0,0,1,1,0.25964970649625746,Moderate
R03614,Village Road,3.1,0,5.03,0,946.6,36.53,182.54,20.99,1,3,1,0,0,1,0.466936089961224,Moderate
R03615,State Highway,10.04,1,11.88,1,558.7,8.17,90.4,30.18,1,3,1,0,0,1,0.27457140490000037,Moderate
R03616,Highway,15.06,3,7.28,0,2340.5,12.38,141.51,25.91,3,1,1,0,1,0,0.5037648273717658,High
R03617,District Road,2.64,0,7.79,1,1649.4,3.52,121.01,35.0,3,1,0,0,0,1,0.1455656795445861,Safe
R03618,Village Road,8.78,1,4.97,1,1320.0,17.99,162.64,29.85,4,3,1,0,0,1,0.41317754521936506,Moderate
R03619,Village Road,0.85,1,7.63,0,73.8,11.52,25.53,31.84,1,1,0,0,0,1,0.16155518862812107,Safe
R03620,State Highway,1.15,2,5.3,1,303.9,11.83,37.12,14.55,1,3,0,0,0,1,0.14702603423185726,Safe
R03621,District Road,9.92,2,4.82,1,1981.8,11.43,106.02,26.04,4,3,0,0,1,1,0.22101746434757913,Safe
R03622,State Highway,6.31,2,5.48,0,1004.9,10.42,94.36,13.73,2,0,0,0,0,1,0.12968658116973786,Safe
R03623,State Highway,16.98,1,3.02,2,161.5,14.39,112.31,26.87,2,1,0,0,0,1,0.1717999568456087,Safe
R03624,Village Road,12.24,0,8.13,1,2072.6,24.15,100.38,30.24,3,4,0,0,0,1,0.11658163821682649,Safe
R03625,State Highway,9.35,0,6.49,2,791.5,19.7,154.72,17.51,1,4,0,1,0,1,0.3617030401725906,Moderate
R03626,State Highway,8.45,1,11.09,1,996.4,2.86,44.54,14.18,2,1,0,0,0,1,0.10649406932608008,Safe
R03627,Highway,10.2,2,3.37,2,2437.2,19.16,94.76,15.94,1,1,0,0,1,1,0.36753291141174105,Moderate
R03628,Village Road,1.29,3,3.39,1,88.0,38.08,45.51,30.27,3,2,0,0,0,1,0.2582309980257217,Moderate
R03629,Village Road,17.91,1,10.97,0,1817.2,4.53,106.18,23.68,0,1,1,0,0,1,0.2624663012015032,Moderate
R03630,District Road,19.97,1,4.14,2,2374.8,42.5,80.86,23.41,4,1,0,1,0,1,0.4688144234648315,Moderate
R03631,Village Road,4.04,1,3.02,2,206.5,13.89,96.17,24.42,4,1,0,0,0,1,0.23389544832093523,Safe
R03632,State Highway,2.85,0,4.61,3,2171.9,0.65,37.48,22.31,2,0,0,0,0,1,0.10283102515877383,Safe
R03633,District Road,3.3,1,10.41,0,1069.8,11.39,80.57,31.58,0,1,0,1,0,1,0.34060597661606096,Moderate
R03634,State Highway,13.39,1,10.22,1,2201.1,3.13,40.19,22.69,4,1,1,0,0,1,0.287296284000507,Moderate
R03635,Highway,13.4,3,6.06,1,805.3,25.49,25.32,24.9,3,1,0,0,0,1,0.20759713046603695,Safe
R03636,District Road,17.03,1,9.01,2,2457.5,14.23,119.32,34.49,4,1,0,0,0,1,0.25624450313666997,Moderate
R03637,Village Road,15.16,3,7.57,3,1635.3,36.31,17.77,21.38,2,2,0,1,0,0,0.5015463678745333,High
R03638,Highway,9.27,1,11.14,1,1586.4,32.97,136.94,14.68,0,0,1,1,0,1,0.5767552357413973,High
R03639,State Highway,12.45,0,3.51,2,2024.5,21.09,24.24,24.07,1,6,0,0,0,1,0.05582838985180962,Safe
R03640,State Highway,13.92,0,10.32,1,1119.6,25.23,109.36,27.62,1,3,0,1,0,1,0.3628470310432791,Moderate
R03641,State Highway,10.5,0,4.54,0,683.7,27.39,28.72,13.13,1,3,0,0,0,1,0.12260705498880303,Safe
R03642,Village Road,9.78,1,6.52,1,694.2,12.18,7.68,14.05,2,2,0,0,0,1,0.048763219015851705,Safe
R03643,District Road,13.08,0,4.73,0,860.0,6.27,81.68,10.61,0,2,0,0,0,1,0.11434321168010028,Safe
R03644,District Road,11.37,1,9.32,0,1562.5,16.94,52.92,28.61,0,1,0,0,0,1,0.12461400229593403,Safe
R03645,Village Road,13.06,3,9.1,0,2104.1,4.27,107.46,15.05,2,3,0,0,0,1,0.2669052585131597,Moderate
R03646,State Highway,12.45,1,7.93,1,1274.0,14.17,41.15,32.53,1,0,1,0,0,1,0.29945732848608525,Moderate
R03647,District Road,14.52,2,9.28,1,1038.4,24.87,156.69,22.89,2,1,1,1,0,0,0.6527828837592328,High
R03648,District Road,13.03,0,8.76,2,1994.9,24.31,240.37,33.88,1,2,1,0,0,1,0.5095332893040176,High
R03649,District Road,10.63,1,9.99,1,759.7,5.43,140.35,19.58,2,2,1,0,0,1,0.3549152403849831,Moderate
R03650,Village Road,13.8,0,5.15,1,1738.1,0.38,118.87,33.9,1,0,0,0,0,1,0.129110438541358,Safe
R03651,Village Road,9.26,2,6.86,0,309.2,4.0,102.35,34.44,2,2,1,0,0,1,0.3057015798347012,Moderate
R03652,State Highway,5.21,0,4.36,2,327.4,1.63,100.34,13.25,1,2,0,0,0,1,0.16945717924174566,Safe
R03653,Village Road,0.53,1,6.87,0,1627.9,18.02,111.75,13.12,2,3,1,0,0,1,0.41554246667309197,Moderate
R03654,State Highway,11.42,1,9.32,3,252.7,17.54,76.76,20.59,1,4,1,0,0,1,0.39525314702353465,Moderate
R03655,Highway,12.02,1,9.22,1,429.9,10.87,53.63,20.35,1,3,0,0,1,1,0.2422394770407206,Safe
R03656,State Highway,19.45,2,9.38,0,1579.7,9.7,69.04,26.25,2,2,0,0,0,1,0.1267852241721752,Safe
R03657,State Highway,7.55,0,5.78,1,1123.6,17.84,73.14,12.82,1,2,1,0,1,1,0.44110957329209766,Moderate
R03658,District Road,8.19,1,8.96,0,1425.2,3.9,153.14,28.91,2,1,1,0,0,1,0.3540206850590883,Moderate
R03659,District Road,4.44,2,6.31,0,2443.5,9.64,70.27,15.62,1,3,0,0,0,1,0.1598433773985946,Safe
R03660,Village Road,1.88,1,11.5,1,1598.3,18.26,32.07,13.77,4,1,0,0,0,1,0.1893342983139657,Safe
R03661,District Road,15.57,1,6.09,1,1497.6,4.27,234.03,29.86,2,2,0,0,0,1,0.2310636268683216,Safe
R03662,District Road,5.37,0,8.43,0,981.3,37.84,174.72,12.01,1,1,1,0,0,1,0.46611627107726894,Moderate
R03663,Highway,12.37,2,9.75,2,1595.7,30.42,65.75,27.79,1,2,0,0,0,1,0.24066844574318402,Safe
R03664,Highway,13.91,3,11.16,2,81.8,17.24,36.97,12.78,1,3,0,0,0,1,0.25508717292410205,Moderate
R03665,District Road,9.69,1,6.94,1,1415.4,6.77,87.22,28.5,1,0,0,0,0,1,0.09417719824408032,Safe
R03666,District Road,17.59,2,6.24,0,218.8,8.74,64.16,29.76,1,1,1,0,0,1,0.3510065871484206,Moderate
R03667,Village Road,9.15,1,6.87,0,589.4,5.4,65.82,24.62,2,1,1,1,0,1,0.5035356955889935,High
R03668,State Highway,6.06,0,5.91,0,1429.6,7.2,121.63,18.8,1,1,1,0,0,1,0.25559338906875845,Moderate
R03669,Highway,17.97,0,8.89,2,1686.5,19.01,118.98,15.91,4,6,1,0,1,1,0.5110506005759393,High
R03670,District Road,17.3,1,11.39,1,992.8,11.05,80.06,30.22,4,2,0,0,0,1,0.20615324856457895,Safe
R03671,State Highway,3.7,1,4.13,1,1076.5,39.81,55.47,12.67,2,2,0,0,0,1,0.13864536153594928,Safe
R03672,Highway,1.01,2,8.05,0,1270.2,43.24,16.08,34.36,2,1,0,0,0,1,0.1609230519257799,Safe
R03673,District Road,2.25,1,11.08,0,1909.7,31.11,88.47,29.48,1,1,1,0,0,1,0.3102235662874009,Moderate
R03674,Highway,6.09,3,3.9,2,93.2,36.39,77.2,27.26,2,1,0,0,0,1,0.18971675289926304,Safe
R03675,District Road,19.46,1,7.44,1,1145.3,11.48,132.5,34.72,3,3,0,0,0,1,0.17410086139765163,Safe
R03676,State Highway,11.39,1,10.79,3,85.0,29.93,20.25,27.22,3,3,0,0,0,1,0.19453698244314033,Safe
R03677,State Highway,7.78,0,11.1,3,831.9,2.61,137.08,12.6,1,2,0,0,0,1,0.15563449413475902,Safe
R03678,State Highway,17.83,1,7.63,2,1323.6,43.21,41.9,18.06,1,0,0,0,0,1,0.15710189223803275,Safe
R03679,Village Road,9.34,2,3.22,0,245.8,30.16,209.92,24.64,4,3,1,0,0,1,0.4512422168452075,Moderate
R03680,State Highway,6.65,0,3.95,0,1238.8,14.26,39.05,24.39,0,0,0,0,0,1,0.02657579787894029,Safe
R03681,Village Road,18.85,3,8.28,0,2315.2,34.79,64.25,10.25,1,1,0,0,0,1,0.22077624340207314,Safe
R03682,Highway,17.07,3,4.11,3,1729.1,0.71,75.61,16.5,2,2,0,1,0,0,0.3892605634413071,Moderate
R03683,Village Road,16.95,1,4.34,1,1966.5,16.93,77.17,28.41,2,3,0,0,0,1,0.15079010770072276,Safe
R03684,State Highway,10.49,0,9.95,2,1472.0,40.3,197.03,26.49,2,1,1,1,0,1,0.7690852511711431,Critical
R03685,District Road,15.89,0,9.76,3,2246.1,11.84,175.7,32.44,2,1,1,0,0,1,0.4300086967430643,Moderate
R03686,District Road,4.0,0,10.58,2,409.8,30.06,30.29,34.01,2,1,0,0,0,1,0.15204722963555523,Safe
R03687,Village Road,11.68,0,3.95,1,1152.0,16.2,24.37,31.74,2,1,1,0,0,1,0.28470323132527126,Moderate
R03688,State Highway,19.68,1,4.78,0,1512.7,17.66,17.88,23.83,1,5,0,0,0,1,0.14449768004697525,Safe
R03689,Highway,6.17,0,10.5,0,2190.0,33.57,109.57,23.57,2,2,1,0,0,1,0.33284135950944904,Moderate
R03690,Highway,15.99,2,9.49,1,804.6,40.96,102.11,19.24,3,1,0,0,0,1,0.22680632128334785,Safe
R03691,Village Road,10.06,1,10.25,3,52.8,7.5,43.63,32.47,4,0,0,0,0,1,0.17385664267835704,Safe
R03692,District Road,1.28,0,11.91,3,2437.3,12.46,73.92,30.77,1,2,0,1,0,1,0.3323088612278584,Moderate
R03693,Village Road,15.38,1,10.78,0,113.6,21.95,68.35,29.48,1,2,0,0,0,1,0.1329326514525578,Safe
R03694,State Highway,3.79,3,7.68,0,423.3,27.62,84.68,29.46,0,1,0,0,0,1,0.2684953171517106,Moderate
R03695,State Highway,12.81,1,5.8,1,1084.0,21.05,52.67,31.22,1,0,0,0,0,1,0.19906773150031282,Safe
R03696,Highway,2.17,1,8.13,1,1266.1,36.25,46.76,32.97,0,1,0,1,0,1,0.33314167363233455,Moderate
R03697,Village Road,18.96,2,8.75,0,2094.4,34.56,51.09,30.53,4,1,0,0,0,1,0.12295188043461869,Safe
R03698,District Road,6.19,2,6.02,1,1147.2,18.24,208.72,30.38,3,2,1,1,0,0,0.6416278594426438,High
R03699,Village Road,4.92,2,9.94,3,1391.2,1.83,122.69,26.51,0,3,0,1,1,0,0.4844281938145262,Moderate
R03700,State Highway,3.02,0,3.83,3,540.0,8.75,20.45,21.45,1,1,0,0,0,1,0.08135742855770016,Safe
R03701,District Road,18.95,2,10.01,1,1444.4,21.91,49.77,23.77,3,2,0,0,0,1,0.1286856582180534,Safe
R03702,District Road,14.38,0,3.29,1,903.5,41.74,162.45,23.38,2,3,1,0,1,1,0.555097636219281,High
R03703,State Highway,14.96,3,7.48,0,291.9,25.54,88.26,30.61,1,3,0,0,0,1,0.2503007154407937,Moderate
R03704,Village Road,10.24,0,10.75,2,2368.8,23.87,137.66,16.65,2,0,0,0,0,1,0.1496226577759091,Safe
R03705,Village Road,9.76,3,3.78,0,250.1,32.58,91.89,19.08,1,0,0,0,0,1,0.23956386109018188,Safe
R03706,Village Road,2.65,3,7.66,0,1710.8,6.85,68.06,23.93,0,1,0,0,1,0,0.31952011355277654,Moderate
R03707,District Road,11.42,0,4.43,0,2275.1,6.61,178.38,34.62,2,1,0,1,0,1,0.3335566912108999,Moderate
R03708,State Highway,5.31,3,11.05,1,489.1,15.54,60.71,22.23,2,1,0,0,0,1,0.26210411715656984,Moderate
R03709,State Highway,19.55,0,10.49,2,630.9,44.77,108.97,13.16,4,0,0,0,0,1,0.2536505953797699,Moderate
R03710,Village Road,16.03,0,11.41,3,1095.4,39.42,95.81,26.85,3,1,0,0,1,1,0.3084146349209075,Moderate
R03711,Highway,8.55,1,10.87,2,771.5,30.61,15.69,25.41,3,2,0,0,0,1,0.18597289705717385,Safe
R03712,District Road,3.45,3,9.63,2,1909.6,17.6,71.9,31.16,2,2,0,0,0,1,0.17225652853333637,Safe
R03713,District Road,15.81,1,4.66,0,878.5,24.96,60.96,31.37,1,0,0,1,0,1,0.29800428356177633,Moderate
R03714,District Road,2.88,1,5.72,1,2465.3,13.66,40.27,16.48,0,0,1,0,0,1,0.285100680127241,Moderate
R03715,Village Road,4.19,1,7.47,2,2154.0,30.34,5.68,11.13,5,0,0,0,1,1,0.2730008789690569,Moderate
R03716,State Highway,4.62,3,8.3,1,2243.6,18.85,91.21,29.63,1,2,1,1,0,0,0.6553604896702927,High
R03717,State Highway,11.36,2,10.04,0,206.0,5.41,85.69,26.31,1,5,0,0,0,1,0.1401997451304014,Safe
R03718,Highway,15.85,0,5.04,2,482.0,9.68,121.63,13.53,3,0,0,0,0,1,0.17155927577012164,Safe
R03719,District Road,6.63,0,4.15,0,465.0,27.39,18.78,34.64,1,1,0,1,0,1,0.24522670000899827,Safe
R03720,State Highway,2.15,0,7.34,0,1696.3,31.26,184.57,33.15,1,0,1,0,0,1,0.450154600320388,Moderate
R03721,State Highway,9.56,1,4.42,1,79.2,4.32,25.42,28.08,5,1,0,0,0,1,0.08640786594167005,Safe
R03722,Village Road,15.09,0,9.24,0,2025.7,36.38,147.12,11.34,1,1,1,0,0,1,0.3864818483080362,Moderate
R03723,Village Road,4.82,0,8.18,1,1390.3,37.1,26.02,15.33,7,3,0,0,0,1,0.16765288184789617,Safe
R03724,State Highway,4.79,2,9.67,1,1437.5,32.54,169.26,18.11,0,2,1,1,0,0,0.642719684241571,High
R03725,State Highway,18.97,0,3.57,0,1366.5,30.76,62.77,11.4,3,3,0,0,0,1,0.11847128236902858,Safe
R03726,Village Road,19.11,1,11.68,3,1361.6,10.43,49.19,30.68,2,2,0,0,0,1,0.10209601211754012,Safe
R03727,Highway,19.81,1,3.0,2,534.8,41.38,58.9,11.92,1,0,0,0,0,1,0.2395206536143872,Safe
R03728,Highway,16.25,0,5.93,0,743.8,12.09,66.72,15.13,1,1,0,0,0,1,0.031053899511212513,Safe
R03729,State Highway,4.17,1,9.12,2,1244.7,8.21,132.0,17.97,3,2,1,0,0,1,0.4234082575940729,Moderate
R03730,District Road,4.63,1,3.41,1,1710.7,28.73,43.26,18.3,2,0,0,1,0,1,0.37518084936399376,Moderate
R03731,State Highway,7.13,2,3.75,2,716.3,16.38,161.12,16.63,1,0,1,1,1,0,0.7663781976631456,Critical
R03732,Village Road,6.7,0,3.69,2,2025.0,41.99,59.52,34.46,2,1,0,0,0,1,0.18176596232441977,Safe
R03733,District Road,19.15,1,8.23,0,2036.0,20.71,299.46,34.02,0,4,0,0,0,1,0.28274201295647455,Moderate
R03734,District Road,15.89,2,11.06,2,721.0,7.37,25.0,25.51,4,1,0,0,0,1,0.10929060810589361,Safe
R03735,State Highway,14.62,2,8.0,2,1422.2,43.09,98.61,13.13,2,2,0,0,0,1,0.2666808869575033,Moderate
R03736,District Road,4.13,2,8.43,1,904.9,23.19,29.13,27.67,2,1,0,1,0,0,0.3965454139371127,Moderate
R03737,District Road,18.24,3,6.11,0,517.2,23.34,22.2,34.39,3,2,0,0,0,1,0.1911377568835547,Safe
R03738,Village Road,16.64,2,3.17,0,2024.7,17.36,82.8,34.96,1,1,0,0,0,1,0.1306612154252841,Safe
R03739,Village Road,3.69,1,3.19,0,2479.1,37.62,63.99,25.42,2,1,0,1,0,1,0.3382714183608086,Moderate
R03740,District Road,17.49,2,10.99,0,1436.0,12.94,59.03,14.71,0,0,1,0,0,1,0.294541392435896,Moderate
R03741,Village Road,5.81,1,3.92,1,2289.2,0.62,101.97,30.79,2,2,0,0,0,1,0.16900432766982415,Safe
R03742,Village Road,2.08,0,12.0,0,1623.3,22.38,33.78,25.57,6,1,0,0,0,1,0.09425021812102576,Safe
R03743,Village Road,13.31,0,4.48,0,1436.0,41.66,48.31,21.3,7,5,0,1,0,1,0.37093687279128124,Moderate
R03744,Highway,13.25,0,9.07,2,1226.4,12.3,28.22,13.75,1,0,0,1,0,1,0.2963156539680107,Moderate
R03745,Highway,2.35,0,11.54,3,627.5,11.98,125.47,15.99,2,2,1,1,0,1,0.5091936901955707,High
R03746,State Highway,6.72,0,6.26,3,256.4,33.21,50.08,24.47,2,2,0,0,0,1,0.19540174099313368,Safe
R03747,District Road,19.86,0,9.61,0,1133.7,34.9,232.01,16.52,0,2,1,1,0,1,0.5620528260180798,High
R03748,District Road,13.73,2,6.16,2,1425.2,19.6,308.53,21.95,0,0,1,1,0,0,0.7753113813949286,Critical
R03749,District Road,14.74,3,5.74,3,1298.2,37.51,54.79,27.89,3,1,0,0,0,1,0.29682749912191886,Moderate
R03750,Village Road,4.65,1,4.82,3,1754.1,7.74,50.79,34.68,0,0,1,0,0,1,0.32523976089488704,Moderate
R03751,Village Road,2.04,2,10.39,2,520.6,16.52,79.89,11.1,5,1,0,0,1,1,0.2631225302746198,Moderate
R03752,Village Road,5.9,0,5.32,2,917.8,18.19,28.7,29.92,3,1,0,0,0,1,0.08223971667959402,Safe
R03753,State Highway,5.35,3,5.55,0,1068.1,14.08,66.69,13.2,4,3,0,0,0,1,0.202881311680359,Safe
R03754,District Road,5.07,1,11.99,0,507.0,9.8,90.98,33.59,1,1,1,0,0,1,0.3224548073064722,Moderate
R03755,State Highway,4.26,0,5.95,1,2270.8,15.22,167.76,29.25,2,3,1,1,0,1,0.6064883084065135,High
R03756,State Highway,11.71,0,6.8,0,1719.7,0.81,54.52,19.95,2,3,0,1,0,1,0.23400125198397778,Safe
R03757,State Highway,6.9,0,11.91,3,275.1,31.65,201.53,22.81,2,1,1,1,0,1,0.597114150016975,High
R03758,State Highway,16.5,0,6.32,1,1796.4,30.78,54.48,26.92,2,2,0,0,0,1,0.13518211878584466,Safe
R03759,District Road,4.09,0,6.3,3,1392.1,20.26,43.48,24.03,2,1,0,0,1,1,0.2766033312863548,Moderate
R03760,Village Road,9.56,0,10.45,2,1333.7,14.53,76.64,34.5,1,1,0,0,0,1,0.23223724764047632,Safe
R03761,Highway,0.77,0,5.81,1,2475.0,19.53,93.03,34.97,1,0,0,0,0,1,0.20306115123055524,Safe
R03762,District Road,9.89,0,5.1,0,1564.6,42.14,208.53,11.43,5,3,1,1,0,1,0.7239448014558454,High
R03763,District Road,1.59,3,6.81,0,2247.0,27.16,174.38,28.2,2,1,1,0,0,0,0.4306383228890495,Moderate
R03764,State Highway,19.57,0,9.31,2,2288.2,32.91,32.26,28.67,2,4,0,0,1,1,0.17589471029619586,Safe
R03765,District Road,15.92,0,3.39,2,298.5,10.33,55.43,29.75,2,0,0,0,0,1,0.132101642371855,Safe
R03766,State Highway,10.06,1,6.37,3,70.5,4.26,183.75,32.93,5,2,1,0,0,1,0.47655242072988113,Moderate
R03767,District Road,2.19,2,6.12,0,1116.4,3.74,191.14,24.83,0,1,1,1,1,0,0.667754036439289,High
R03768,District Road,12.05,1,5.2,0,1934.7,21.24,85.9,16.36,0,3,0,0,0,1,0.1626449050749699,Safe
R03769,State Highway,15.3,2,8.89,0,2069.3,32.25,205.6,26.79,3,3,1,1,0,0,0.6689017941070161,High
R03770,Highway,4.22,0,5.61,0,1979.4,34.84,427.21,18.07,4,1,1,0,0,1,0.5572702143890127,High
R03771,District Road,11.58,0,8.46,2,1145.9,32.42,84.88,18.56,2,1,1,0,0,1,0.36305386288787006,Moderate
R03772,Village Road,16.38,0,7.54,0,1887.4,41.07,113.3,25.32,2,1,0,1,0,1,0.3408912513884934,Moderate
R03773,State Highway,15.48,1,4.95,1,1811.0,2.34,4.83,17.23,1,2,0,0,0,1,0.06896058954329608,Safe
R03774,District Road,16.16,1,5.4,1,818.9,38.49,68.66,27.36,2,3,0,1,0,1,0.4229541084581776,Moderate
R03775,District Road,17.65,1,4.54,1,463.4,29.73,50.77,31.33,2,4,1,0,0,1,0.39754677598438587,Moderate
R03776,Village Road,18.78,0,3.51,1,1572.5,7.9,110.27,34.64,2,1,1,0,0,1,0.30385153393893494,Moderate
R03777,Village Road,8.41,2,8.57,1,1708.9,30.71,159.84,14.21,0,1,1,0,0,1,0.42448642401425685,Moderate
R03778,District Road,11.59,0,9.06,1,1441.5,23.03,40.08,21.38,3,2,0,0,0,1,0.13178013709248187,Safe
R03779,District Road,15.92,1,4.49,2,572.3,16.16,37.6,28.52,1,0,0,0,1,1,0.24818268372839206,Safe
R03780,Village Road,14.09,1,8.54,0,727.8,11.16,40.88,24.43,5,0,0,0,0,1,0.10300239226294279,Safe
R03781,State Highway,19.91,1,11.84,1,1785.8,20.89,254.36,11.61,4,1,1,1,0,1,0.6891205989769206,High
R03782,State Highway,0.77,0,3.67,3,2408.4,10.76,98.4,18.7,4,1,0,0,0,1,0.14196155465837923,Safe
R03783,Highway,7.43,2,7.41,2,2364.8,3.73,29.15,29.84,3,5,1,0,0,1,0.38000236560907946,Moderate
R03784,Village Road,5.98,2,9.6,1,1323.2,38.08,143.2,22.32,1,1,1,0,0,1,0.40315781393139805,Moderate
R03785,Village Road,5.62,0,3.41,2,2222.1,26.68,115.96,27.36,1,0,1,0,0,1,0.4041427553329763,Moderate
R03786,Highway,4.84,3,10.0,2,122.2,16.37,123.49,26.01,2,1,1,0,0,0,0.4457893806895143,Moderate
R03787,District Road,14.33,1,11.82,1,2159.8,20.1,7.38,33.58,3,1,0,0,0,1,0.14978804556576156,Safe
R03788,District Road,2.15,1,3.8,2,1216.6,38.92,37.68,31.45,5,2,0,0,0,1,0.25163590541602254,Moderate
R03789,Highway,14.96,0,10.4,1,1964.7,14.39,114.5,18.6,3,0,0,0,0,1,0.18043506754641236,Safe
R03790,Village Road,14.02,1,6.41,2,63.7,17.11,51.95,22.44,2,3,0,1,0,1,0.3413414683757351,Moderate
R03791,State Highway,5.39,0,4.3,0,2178.0,34.47,110.53,21.91,1,0,0,0,0,1,0.22785367079060215,Safe
R03792,Highway,5.43,1,7.44,3,1507.7,9.02,126.07,16.97,3,2,0,1,0,1,0.3779261849430099,Moderate
R03793,District Road,12.76,1,3.64,1,638.6,29.67,51.86,25.53,2,4,1,0,1,1,0.4683971968826826,Moderate
R03794,District Road,15.36,2,7.7,1,901.3,19.54,83.49,16.51,0,1,0,0,0,1,0.19165759007262437,Safe
R03795,Highway,17.59,0,3.17,1,541.6,22.51,62.7,13.99,2,2,0,0,0,1,0.07904497550300685,Safe
R03796,District Road,17.12,2,9.56,1,1089.8,35.41,147.86,12.76,3,1,1,0,0,1,0.48007929457000575,Moderate
R03797,District Road,19.32,0,7.39,0,858.5,44.69,62.6,17.16,3,3,0,1,0,1,0.37180701893274853,Moderate
R03798,Highway,11.84,1,7.13,0,1359.5,37.42,23.52,21.83,2,2,0,0,0,1,0.14021197980654582,Safe
R03799,State Highway,18.22,2,4.77,1,2046.2,7.22,121.26,12.89,1,1,0,0,0,1,0.14589345359146094,Safe
R03800,District Road,16.27,1,6.25,1,2456.6,10.1,96.2,26.89,5,2,0,0,0,1,0.13857005405506512,Safe
R03801,State Highway,17.95,0,4.64,1,666.1,18.45,45.98,31.76,5,1,0,0,0,1,0.19416063741642797,Safe
R03802,Village Road,0.73,1,9.62,0,310.9,32.37,41.3,20.68,0,6,1,0,0,1,0.30948118510648054,Moderate
R03803,Village Road,19.34,0,4.79,1,1019.4,22.92,42.67,31.83,0,0,1,0,0,1,0.26754102455638656,Moderate
R03804,Village Road,9.73,1,8.55,0,401.7,40.58,55.41,13.77,1,3,1,0,0,1,0.33102522245195404,Moderate
R03805,State Highway,16.06,0,5.52,0,2093.9,2.19,152.1,11.94,3,0,1,1,0,1,0.4972328253029494,Moderate
R03806,Village Road,2.98,2,8.91,0,1277.8,11.63,165.79,30.35,3,1,1,1,0,0,0.6199748599375096,High
R03807,District Road,8.22,1,7.86,1,1568.9,9.87,38.09,34.37,1,3,0,0,0,1,0.07984066165721275,Safe
R03808,State Highway,5.79,0,6.81,0,419.0,33.49,104.79,18.52,2,0,0,0,0,1,0.12133692290859086,Safe
R03809,Highway,6.19,0,9.06,0,1886.5,20.91,78.51,26.43,1,4,0,1,0,1,0.3007417731729916,Moderate
R03810,Highway,2.9,0,6.74,1,2435.3,0.68,68.28,26.36,2,2,0,1,0,1,0.3871850875422015,Moderate
R03811,District Road,16.21,1,10.39,0,1231.8,34.8,45.3,27.14,1,2,1,0,0,1,0.3737312637065428,Moderate
R03812,District Road,0.68,1,9.57,1,2408.0,16.28,73.69,24.31,1,5,0,1,0,1,0.29835545122927515,Moderate
R03813,State Highway,6.59,1,7.87,1,135.1,11.72,24.94,16.41,3,0,1,0,0,1,0.299385941722458,Moderate
R03814,District Road,3.9,2,10.89,2,137.5,8.22,20.73,12.02,0,1,0,0,0,1,0.12110003543680281,Safe
R03815,State Highway,11.99,0,10.46,2,2402.0,42.57,60.69,10.34,3,2,0,1,0,1,0.40501810699568475,Moderate
R03816,District Road,5.46,3,7.79,3,1765.7,42.39,93.9,14.51,3,2,0,1,0,0,0.543015244258134,High
R03817,State Highway,5.55,0,3.62,1,512.3,3.44,162.6,13.0,2,2,0,0,0,1,0.1848879151294494,Safe
R03818,Village Road,10.02,0,8.09,1,941.5,10.47,35.66,10.96,3,1,0,1,0,1,0.20927998800983494,Safe
R03819,Village Road,13.23,1,6.2,3,1294.0,29.08,93.57,12.26,4,0,0,0,0,1,0.20918761098489552,Safe
R03820,District Road,2.87,2,7.86,1,1771.5,30.17,32.83,11.22,3,4,0,0,0,1,0.2119256906317798,Safe
R03821,State Highway,3.92,1,8.82,1,2113.0,18.8,94.56,23.7,3,1,0,0,0,1,0.17377388816865888,Safe
R03822,State Highway,5.32,2,8.8,1,252.5,25.58,83.85,11.43,2,2,0,0,0,1,0.23033180587853413,Safe
R03823,Village Road,19.49,2,9.06,1,1658.6,31.62,88.33,34.9,0,0,0,0,0,1,0.24650511953000898,Safe
R03824,State Highway,8.24,2,9.11,0,1217.9,42.77,30.14,22.54,1,1,0,1,0,0,0.42514508313122845,Moderate
R03825,State Highway,12.18,0,3.98,2,1514.2,32.63,4.64,32.53,5,2,0,0,0,1,0.08943117179991854,Safe
R03826,Highway,5.21,2,4.73,3,1295.9,4.96,106.01,22.2,0,1,1,0,0,1,0.42046002351521666,Moderate
R03827,District Road,10.06,2,8.67,0,1154.2,32.3,194.17,13.4,2,3,0,0,0,1,0.38659474539942323,Moderate
R03828,District Road,1.95,1,6.67,2,553.5,3.05,193.16,31.02,3,1,0,0,0,1,0.23722491958030756,Safe
R03829,Village Road,1.18,2,9.87,0,1207.2,22.61,1.73,15.94,1,1,0,0,0,1,0.16792308483541954,Safe
R03830,State Highway,9.64,3,4.12,0,514.7,23.71,153.93,11.01,1,0,1,0,0,0,0.44647893092314744,Moderate
R03831,State Highway,8.27,1,4.72,2,159.3,35.02,132.23,14.78,2,3,1,1,0,1,0.7241677975896377,High
R03832,Village Road,3.17,0,8.03,0,965.9,0.52,236.06,24.99,7,0,1,1,0,1,0.5934947511762187,High
R03833,Village Road,13.91,1,7.51,1,111.1,39.36,120.63,20.87,2,0,0,0,0,1,0.21202468900482935,Safe
R03834,State Highway,19.86,0,5.4,0,1428.2,29.87,31.94,14.04,1,0,0,0,0,1,0.07664561236007639,Safe
R03835,District Road,8.22,0,6.68,1,227.4,1.4,93.7,23.32,1,1,1,0,1,1,0.3519091200566049,Moderate
R03836,State Highway,12.68,1,3.31,1,1122.0,7.2,23.01,33.83,0,1,0,0,0,1,0.08038939687877822,Safe
R03837,Village Road,19.28,0,3.33,3,2451.3,1.78,73.39,28.17,3,2,0,0,0,1,0.09871295298271525,Safe
R03838,Highway,16.71,1,3.85,2,74.2,34.47,112.27,11.73,2,0,0,0,0,1,0.18648659487977634,Safe
R03839,Village Road,9.54,2,8.19,0,948.8,7.69,58.62,17.99,3,2,0,0,0,1,0.12777599567252776,Safe
R03840,District Road,14.88,1,10.77,1,1699.5,2.05,39.99,27.31,0,2,0,0,0,1,0.08870565632002106,Safe
R03841,District Road,3.0,3,5.34,3,439.3,6.21,82.03,13.5,2,0,1,0,0,0,0.3951867311653374,Moderate
R03842,Highway,10.49,0,3.31,2,1423.8,25.18,125.12,23.47,2,4,1,0,0,1,0.3699291155989759,Moderate
R03843,District Road,5.94,2,9.38,1,682.6,22.3,132.68,23.65,3,0,1,0,0,1,0.437470003024753,Moderate
R03844,District Road,3.64,2,10.7,1,595.8,11.08,189.86,12.21,1,2,1,0,0,1,0.43937200636567586,Moderate
R03845,State Highway,8.81,0,4.24,1,2242.7,42.43,77.65,25.15,3,1,0,0,0,1,0.24978265359023205,Safe
R03846,District Road,3.05,0,6.47,1,548.0,38.47,31.81,32.5,2,2,1,0,0,1,0.3586396686632101,Moderate
R03847,Village Road,14.13,0,4.43,2,972.6,14.15,27.09,26.29,1,2,0,0,0,1,0.09539505689327674,Safe
R03848,District Road,9.4,2,3.96,0,465.5,21.36,112.72,32.89,3,0,0,0,0,1,0.19011436372910517,Safe
R03849,District Road,10.86,2,8.83,3,745.5,23.26,175.4,25.34,1,1,1,1,0,0,0.6835344708451053,High
R03850,Highway,3.35,0,11.71,0,768.1,34.03,53.51,28.79,2,1,0,0,0,1,0.13316454913425682,Safe
R03851,District Road,3.23,1,9.1,1,850.6,19.26,59.07,32.32,5,2,0,0,0,1,0.17414151260055916,Safe
R03852,Highway,11.88,0,11.86,0,1620.6,24.59,156.41,21.58,0,0,0,0,0,1,0.12799581967881848,Safe
R03853,District Road,19.71,1,6.91,1,1869.4,18.57,113.23,13.95,2,3,1,0,0,1,0.3592122463739496,Moderate
R03854,Village Road,2.38,3,11.08,1,1301.1,34.33,38.27,12.98,1,3,0,1,1,0,0.5167892735427319,High
R03855,District Road,6.07,0,4.85,0,1545.7,25.02,108.83,33.84,3,1,1,1,0,1,0.5449237436080887,High
R03856,Highway,17.45,3,4.06,3,2042.5,37.25,34.55,23.67,2,3,0,0,0,1,0.2452616556755802,Safe
R03857,State Highway,1.91,2,9.32,1,2498.9,2.42,44.92,27.08,2,5,0,0,0,1,0.1400705298078364,Safe
R03858,District Road,17.58,3,6.34,1,1168.4,40.69,13.47,25.29,1,1,0,0,0,1,0.21534791347834195,Safe
R03859,District Road,10.72,0,5.86,1,2344.3,36.87,43.96,24.12,1,2,0,0,0,1,0.16085781262392293,Safe
R03860,Village Road,8.46,0,9.04,0,1251.4,36.83,123.11,23.99,4,1,1,0,0,1,0.3885630677383152,Moderate
R03861,Village Road,6.54,0,6.0,1,1965.9,6.31,94.23,21.83,1,1,0,1,0,1,0.3199878887675073,Moderate
R03862,District Road,6.29,2,8.15,1,1454.4,11.86,70.33,32.11,2,4,0,0,0,1,0.21215765468729963,Safe
R03863,State Highway,6.46,1,5.7,1,2215.9,44.11,32.07,13.02,5,1,0,1,0,1,0.3941869577125984,Moderate
R03864,State Highway,17.75,0,10.05,2,1149.3,42.76,98.72,27.9,2,2,0,1,0,1,0.37751787417727567,Moderate
R03865,Highway,14.61,2,5.81,0,1754.7,10.19,29.81,27.02,3,4,0,0,0,1,0.13589127433976048,Safe
R03866,State Highway,13.56,0,7.81,1,1192.5,19.48,46.21,11.56,4,2,0,0,0,1,0.08188172413668426,Safe
R03867,District Road,16.08,0,3.21,0,2149.7,7.02,60.53,15.43,0,0,0,0,1,1,0.1392986388180997,Safe
R03868,District Road,5.51,1,10.13,1,2486.2,11.82,225.87,29.69,4,1,1,0,0,1,0.5056476169419454,High
R03869,District Road,12.55,0,8.58,1,646.1,8.31,72.73,15.84,4,1,0,1,0,1,0.24024479116999944,Safe
R03870,Highway,9.47,0,4.73,0,1212.1,3.64,138.51,24.44,1,2,1,0,0,1,0.3475818108661893,Moderate
R03871,State Highway,15.76,1,4.94,1,249.1,26.08,83.95,12.09,3,2,0,0,0,1,0.13355500367020046,Safe
R03872,State Highway,6.53,2,5.36,1,395.4,10.84,166.69,15.57,2,0,1,1,1,0,0.7326576707184659,High
R03873,State Highway,13.04,2,8.19,3,2326.4,44.65,154.12,32.27,2,0,0,0,1,1,0.4608914496527965,Moderate
R03874,Village Road,17.7,1,7.93,1,1381.9,23.19,51.99,19.04,3,0,0,0,1,1,0.16148053640263782,Safe
R03875,Highway,8.34,2,5.46,0,1018.0,16.16,100.59,30.15,4,1,0,0,0,1,0.15614436003620533,Safe
R03876,District Road,1.8,1,9.25,0,1695.1,41.09,48.08,21.96,0,3,0,1,0,1,0.3363968164905338,Moderate
R03877,State Highway,10.56,0,11.0,0,1422.4,27.93,101.71,18.06,1,1,0,0,0,1,0.1100238567228646,Safe
R03878,Village Road,7.25,2,3.39,0,757.4,5.72,180.0,24.16,2,0,1,1,0,0,0.5994766880282667,High
R03879,District Road,13.61,1,6.75,2,605.2,22.4,118.45,23.35,2,1,1,0,0,1,0.35400620423884,Moderate
R03880,State Highway,19.05,1,8.34,2,1496.1,19.85,96.42,34.62,0,0,0,0,0,1,0.1870094633405988,Safe
R03881,District Road,9.97,1,8.28,0,511.3,34.43,50.02,18.61,2,1,1,0,0,1,0.3770374274436839,Moderate
R03882,District Road,9.59,1,3.18,1,391.0,31.22,51.5,26.34,0,0,1,1,0,1,0.5273417581043695,High
R03883,Village Road,13.26,1,4.9,1,830.0,16.69,105.9,27.24,2,2,0,0,0,1,0.1372364914937479,Safe
R03884,State Highway,2.52,2,3.56,1,2160.3,21.13,114.46,25.66,4,0,0,0,0,1,0.2157769796386826,Safe
R03885,Village Road,5.44,0,8.12,0,140.2,23.35,19.86,21.98,3,0,0,0,1,1,0.1716393081677227,Safe
R03886,Village Road,18.42,2,8.81,3,2091.5,19.01,52.95,29.59,3,2,0,0,1,1,0.3186339638874931,Moderate
R03887,Village Road,13.56,0,4.44,2,1571.4,4.85,85.82,29.2,1,3,1,1,0,1,0.5442736194695126,High
R03888,District Road,0.76,0,6.0,3,148.9,40.75,96.71,33.98,3,2,0,1,1,1,0.4837921323723549,Moderate
R03889,District Road,4.49,1,5.97,0,1525.0,30.27,113.72,34.42,3,1,0,0,0,1,0.14332531529532222,Safe
R03890,District Road,13.82,1,10.38,1,1093.7,21.14,32.59,15.38,3,1,0,0,0,1,0.17863468627343476,Safe
R03891,Village Road,15.41,2,4.75,2,2110.8,25.63,111.04,26.36,2,2,1,0,0,1,0.3806440296300568,Moderate
R03892,District Road,16.88,1,7.93,2,2272.6,9.59,136.55,31.41,4,0,0,0,0,1,0.1493568576003698,Safe
R03893,District Road,6.2,1,10.05,0,751.9,23.88,62.79,34.06,2,3,0,1,0,1,0.35755104869308685,Moderate
R03894,District Road,18.66,0,10.47,3,1971.2,33.57,47.57,13.57,2,1,0,1,0,1,0.3144778527877956,Moderate
R03895,District Road,11.28,0,9.0,3,809.0,24.02,148.88,33.73,2,2,1,0,0,1,0.42828627914700784,Moderate
R03896,Village Road,14.08,1,5.7,0,774.3,21.63,81.79,15.64,4,3,1,0,0,1,0.37850023027068963,Moderate
R03897,Highway,12.14,1,10.41,1,522.0,20.81,57.29,24.31,3,2,0,0,0,1,0.17109830682710964,Safe
R03898,Village Road,2.89,1,9.68,1,1712.3,34.27,98.05,26.36,0,0,0,0,0,1,0.1981762100639616,Safe
R03899,District Road,19.28,1,9.34,2,691.1,33.9,19.94,31.99,1,1,0,0,0,1,0.11373635603437134,Safe
R03900,Village Road,2.9,3,3.61,2,1188.9,33.75,61.66,30.09,0,2,0,0,0,1,0.19925826627750037,Safe
R03901,District Road,5.47,1,3.39,0,2039.7,11.08,146.04,33.36,0,0,1,0,0,1,0.4366875159411448,Moderate
R03902,State Highway,16.37,3,9.26,0,1990.2,27.81,69.8,29.68,2,1,0,0,1,0,0.33923523249235893,Moderate
R03903,Village Road,12.56,0,11.5,0,2145.8,35.05,21.21,18.47,3,2,0,0,0,1,0.12327405611286354,Safe
R03904,State Highway,16.84,0,9.96,0,444.6,25.29,97.9,14.47,3,2,1,1,0,1,0.5226981947122921,High
R03905,Village Road,10.56,0,10.48,0,1487.9,35.05,93.37,13.89,2,1,0,0,0,1,0.149862065273621,Safe
R03906,District Road,7.85,0,7.9,1,2291.4,38.45,54.79,12.19,2,3,1,1,0,1,0.4459266978668276,Moderate
R03907,District Road,18.48,1,5.74,2,153.0,7.83,158.54,33.31,3,1,1,0,0,1,0.41528471257284294,Moderate
R03908,State Highway,1.21,1,9.1,1,1996.6,13.79,194.2,22.15,4,1,0,1,0,1,0.38163145017435063,Moderate
R03909,District Road,17.19,1,9.41,1,653.3,27.06,152.79,34.13,4,0,1,0,0,1,0.39742863131832595,Moderate
R03910,State Highway,5.0,2,9.08,0,1690.7,13.04,102.5,29.37,2,1,0,0,0,1,0.147744634768534,Safe
R03911,Highway,17.05,3,11.52,1,1807.6,42.36,64.71,33.84,1,4,0,0,0,1,0.2787199788089663,Moderate
R03912,State Highway,3.21,2,6.3,2,2317.7,8.74,16.12,31.71,1,0,1,0,0,1,0.3495705216958878,Moderate
R03913,Highway,11.81,0,3.36,1,1296.6,16.06,81.22,24.58,1,1,1,0,0,1,0.3416454408601175,Moderate
R03914,Village Road,17.82,0,11.18,1,2128.2,44.74,36.8,15.65,1,5,0,0,1,1,0.30353086360479986,Moderate
R03915,Village Road,9.73,0,4.44,0,161.0,8.51,38.73,16.35,0,0,0,0,0,1,0.12531314241569425,Safe
R03916,State Highway,15.06,0,9.28,1,1080.3,20.2,52.45,19.28,1,0,0,0,0,1,0.056311420460028676,Safe
R03917,District Road,16.19,1,10.86,2,1126.8,14.12,311.49,10.61,0,3,1,0,0,1,0.49921347124088944,Moderate
R03918,State Highway,14.86,1,5.79,1,1368.8,36.44,20.56,26.67,2,1,0,0,0,1,0.0970788403145235,Safe
R03919,District Road,18.54,0,10.47,0,1229.3,13.69,100.32,23.88,2,3,0,1,0,1,0.35681830326113445,Moderate
R03920,Village Road,9.21,2,5.99,2,2421.5,7.26,119.15,12.53,3,3,0,0,0,1,0.20614466891764222,Safe
R03921,Village Road,3.88,2,10.15,0,242.4,41.99,41.62,30.62,2,1,0,0,0,1,0.25211694094129306,Moderate
R03922,District Road,1.43,0,3.63,1,699.3,14.28,37.71,30.57,3,3,0,0,1,1,0.238705880680419,Safe
R03923,Village Road,5.31,1,8.9,0,2423.1,33.38,89.99,12.96,0,3,0,0,0,1,0.1885213406802021,Safe
R03924,State Highway,3.29,2,9.09,3,1141.0,13.08,60.55,15.1,1,2,1,0,1,0,0.45263432140663445,Moderate
R03925,Village Road,11.38,1,7.42,2,1449.3,8.04,90.94,16.26,1,3,1,0,0,1,0.3302842650101413,Moderate
R03926,Highway,4.11,0,9.18,1,248.5,36.11,37.9,23.14,1,2,0,0,0,1,0.1627448522074208,Safe
R03927,District Road,1.26,0,11.31,2,745.9,2.5,154.71,33.62,3,4,0,1,0,1,0.3734238595374194,Moderate
R03928,District Road,1.2,0,9.6,1,147.1,14.94,92.29,26.63,2,2,0,1,0,1,0.3821758078928067,Moderate
R03929,District Road,16.72,0,11.65,0,386.9,35.1,44.69,27.03,0,1,0,0,0,1,0.09519298809100746,Safe
R03930,Highway,12.03,2,7.04,2,1601.6,23.05,38.36,17.28,3,2,0,0,1,1,0.2939951983403529,Moderate
R03931,Village Road,7.48,0,7.75,1,1920.9,31.03,128.27,25.6,3,1,1,0,0,1,0.3958390144788016,Moderate
R03932,State Highway,17.94,0,5.37,1,2181.7,3.01,117.24,15.28,0,4,0,0,0,1,0.1772541370405749,Safe
R03933,District Road,1.87,0,11.87,0,666.1,33.74,83.27,27.78,2,2,0,0,0,1,0.13918103831633905,Safe
R03934,State Highway,19.62,2,3.5,0,865.5,7.74,147.1,15.87,1,2,0,0,0,1,0.1886237115246127,Safe
R03935,State Highway,12.52,0,6.23,1,1445.0,36.39,78.5,10.35,3,2,0,1,0,1,0.3087468173802347,Moderate
R03936,District Road,4.08,0,5.68,1,255.0,25.39,34.83,23.09,4,1,0,0,0,1,0.1793872781615491,Safe
R03937,District Road,13.74,1,6.48,0,2026.5,33.26,123.97,17.45,1,0,0,0,0,1,0.2249921995759453,Safe
R03938,State Highway,15.39,1,11.26,0,1234.1,9.58,66.54,25.72,4,1,0,0,0,1,0.09427681870374688,Safe
R03939,State Highway,8.87,0,6.31,1,2415.5,17.79,31.95,28.65,1,2,0,0,0,1,0.05113410238186011,Safe
R03940,District Road,17.3,0,11.25,0,337.4,36.09,43.46,30.34,2,0,1,1,0,1,0.5015791228736275,High
R03941,Village Road,3.44,2,6.81,1,376.6,40.99,151.27,34.54,4,1,0,0,0,1,0.21438507206521829,Safe
R03942,Village Road,5.94,3,10.69,1,904.0,10.2,148.39,23.89,3,0,0,1,0,0,0.5516781748188407,High
R03943,Highway,2.32,0,7.7,1,556.6,35.7,84.25,22.06,4,2,1,0,0,1,0.32081252867794235,Moderate
R03944,State Highway,4.61,0,5.8,2,1756.6,4.88,97.1,16.14,3,0,0,1,0,1,0.3348333473473169,Moderate
R03945,Highway,5.16,0,7.04,0,2369.7,19.16,61.21,28.67,0,1,0,1,0,1,0.3064533884513541,Moderate
R03946,Highway,18.39,2,6.82,2,270.3,42.24,141.94,22.07,3,3,1,0,0,1,0.5100472701247526,High
R03947,District Road,2.02,1,5.34,2,643.5,42.53,85.42,18.18,1,1,0,0,1,1,0.29150828595041567,Moderate
R03948,District Road,8.83,2,5.61,1,632.9,13.35,99.77,20.8,2,4,0,0,0,1,0.23750345994323765,Safe
R03949,State Highway,10.88,1,4.68,3,1297.2,8.68,106.75,19.26,1,3,0,0,0,1,0.15789117816595372,Safe
R03950,State Highway,18.02,3,6.02,2,1157.5,6.73,49.39,34.46,2,3,0,0,0,1,0.15021611529192033,Safe
R03951,Highway,19.96,2,8.62,3,1830.8,21.64,47.81,15.66,0,1,0,1,0,0,0.42260017072012396,Moderate
R03952,Village Road,15.19,2,6.48,1,1844.9,4.14,52.1,20.36,1,3,1,0,0,1,0.3628272742335281,Moderate
R03953,Village Road,19.43,1,9.41,1,1453.2,16.06,39.62,17.68,2,0,0,0,0,1,0.09283053112009879,Safe
R03954,Highway,15.85,0,11.88,1,1498.0,0.77,60.24,14.29,2,0,0,0,0,1,0.015597509441609182,Safe
R03955,State Highway,19.28,1,6.39,0,2113.7,11.67,200.96,17.49,3,1,1,0,0,1,0.4575238281974368,Moderate
R03956,Village Road,14.29,1,7.16,3,1022.5,40.51,82.78,22.23,3,2,0,0,0,1,0.23432103981465408,Safe
R03957,Village Road,2.06,1,4.48,2,80.2,20.11,44.0,25.79,1,1,0,0,0,1,0.17308805377165018,Safe
R03958,District Road,8.34,0,6.53,1,571.9,3.32,121.64,25.42,4,3,0,0,0,1,0.11663392506043371,Safe
R03959,Highway,13.11,1,9.54,3,136.6,29.11,61.53,29.32,3,2,0,0,0,1,0.19319892469101427,Safe
R03960,Highway,7.34,1,4.96,3,1014.1,43.0,129.1,11.78,1,2,0,0,0,1,0.3561255750864081,Moderate
R03961,District Road,5.83,1,4.64,0,926.7,20.85,173.54,17.86,1,1,1,0,0,1,0.38130614142191477,Moderate
R03962,State Highway,11.76,0,6.39,2,291.6,28.09,41.4,18.81,3,2,0,0,0,1,0.13885872929803525,Safe
R03963,Highway,18.7,1,10.37,1,1899.8,41.37,32.12,27.31,1,0,0,0,0,1,0.12102949869054147,Safe
R03964,District Road,1.18,0,8.61,1,1405.0,18.86,93.87,15.19,3,0,0,1,0,1,0.3664868101278407,Moderate
R03965,Highway,15.5,2,11.62,3,603.0,29.91,117.73,15.36,2,1,1,1,0,0,0.6946698015814601,High
R03966,Village Road,14.59,1,11.14,2,1909.9,19.83,85.52,12.38,1,1,0,0,0,1,0.1702648172661463,Safe
R03967,State Highway,19.3,0,4.36,2,1686.4,43.3,102.21,23.33,5,0,1,0,0,1,0.395369889143395,Moderate
R03968,Highway,18.65,0,3.38,1,519.4,22.67,53.55,28.17,2,2,0,0,0,1,0.15227957923842433,Safe
R03969,District Road,15.36,1,6.59,2,2458.1,39.85,143.31,27.44,4,0,0,1,0,1,0.4556755204540819,Moderate
R03970,State Highway,10.65,0,7.7,1,484.7,22.82,71.45,28.57,1,3,1,0,0,1,0.3671947757479782,Moderate
R03971,Village Road,4.48,3,7.64,0,1940.7,30.08,48.93,14.24,0,2,0,0,1,0,0.290965159712935,Moderate
R03972,District Road,11.13,1,4.21,1,2422.3,17.38,35.38,24.66,2,1,0,0,0,1,0.14193121847671006,Safe
R03973,State Highway,15.42,0,4.12,0,1827.5,41.29,130.28,12.33,2,1,0,1,0,1,0.3759408168449581,Moderate
R03974,District Road,17.97,1,3.42,1,1681.2,29.11,60.42,34.17,2,3,1,0,0,1,0.3249070917393214,Moderate
R03975,State Highway,15.9,0,10.66,2,2263.1,0.9,34.7,12.63,6,1,0,0,0,1,0.04529894241864044,Safe
R03976,Village Road,4.31,2,11.53,0,709.4,0.7,47.82,31.94,1,2,0,0,0,1,0.10102685624598254,Safe
R03977,State Highway,12.19,0,4.04,2,729.0,30.43,102.99,10.96,0,2,0,0,0,1,0.16230789467939333,Safe
R03978,District Road,6.98,3,4.92,0,1620.8,5.14,81.82,23.28,1,0,1,0,0,0,0.3718472347863915,Moderate
R03979,Highway,0.68,1,3.81,1,2211.2,32.23,126.45,31.32,2,1,0,0,0,1,0.260970780820179,Moderate
R03980,District Road,4.4,2,10.9,1,1562.6,14.49,359.04,25.87,0,3,1,0,0,1,0.4568269431526213,Moderate
R03981,Village Road,2.71,0,11.63,2,2443.8,24.25,47.8,22.35,4,0,1,0,0,1,0.3547911622340683,Moderate
R03982,Village Road,16.93,0,5.36,2,596.1,7.85,106.36,13.18,0,3,0,1,0,1,0.31258446599205975,Moderate
R03983,State Highway,5.54,2,5.73,1,2073.4,11.08,163.29,26.48,3,2,0,1,0,0,0.4511063851179366,Moderate
R03984,State Highway,6.05,1,6.26,0,2321.8,19.66,80.13,25.06,3,2,0,0,0,1,0.165783640931971,Safe
R03985,Village Road,19.22,0,7.52,2,1096.2,29.95,83.3,21.47,5,0,1,0,0,1,0.4092616659661216,Moderate
R03986,Village Road,7.89,1,9.14,1,2406.9,7.01,33.67,15.87,5,3,0,0,1,1,0.21139786906443297,Safe
R03987,Highway,0.69,0,7.54,1,545.3,12.66,105.2,15.5,0,2,0,1,0,1,0.33106768014320453,Moderate
R03988,District Road,6.03,1,11.56,0,2384.4,9.31,137.58,34.25,4,2,0,0,0,1,0.12458967901962892,Safe
R03989,State Highway,2.83,0,3.9,0,2261.9,38.82,37.18,34.13,3,0,0,0,0,1,0.1167368839115912,Safe
R03990,Village Road,2.5,0,10.19,0,212.1,29.16,56.94,33.42,2,0,1,0,1,1,0.36407646751949957,Moderate
R03991,Highway,2.01,0,6.01,1,1327.3,21.08,277.98,22.9,1,2,1,0,0,1,0.48512923680995046,Moderate
R03992,State Highway,12.07,1,6.4,1,1345.7,42.61,172.53,34.71,1,1,0,0,0,1,0.23990852013329814,Safe
R03993,Village Road,4.19,0,9.38,1,189.6,33.11,100.74,17.44,0,1,0,0,0,1,0.13099440212762148,Safe
R03994,Highway,7.54,3,11.36,1,146.9,41.95,116.1,20.67,0,3,1,0,0,0,0.52523954836945,High
R03995,District Road,17.31,0,9.45,3,62.5,26.89,60.34,14.36,4,1,0,1,0,1,0.33814264305850356,Moderate
R03996,District Road,8.77,3,9.98,1,1335.0,6.21,252.1,21.6,2,2,1,0,0,0,0.5486846509040045,High
R03997,State Highway,18.36,1,9.76,1,1186.3,30.39,62.19,14.63,2,0,1,0,0,1,0.36457223138034933,Moderate
R03998,State Highway,10.21,1,5.89,0,2354.1,9.07,129.99,11.66,0,1,0,1,0,1,0.33452049556665364,Moderate
R03999,District Road,8.28,0,9.81,1,888.7,15.57,67.97,10.25,2,0,0,0,0,1,0.14590066631761195,Safe
R04000,State Highway,15.13,1,10.06,1,1662.7,22.93,143.45,19.46,2,0,1,1,0,1,0.5535888255283656,High
R04001,District Road,1.93,1,7.8,1,68.5,7.08,106.17,32.44,1,2,1,0,0,1,0.2936801282001949,Moderate
R04002,Village Road,2.24,1,7.83,2,1675.7,0.94,69.08,20.93,1,0,1,0,1,1,0.42815907819396987,Moderate
R04003,Village Road,13.21,0,9.84,2,2288.0,14.72,106.95,26.14,3,1,1,1,0,1,0.5109654564457231,High
R04004,State Highway,10.0,3,10.35,2,919.2,37.09,35.59,30.45,3,0,0,1,0,0,0.45875303995443617,Moderate
R04005,Highway,15.91,3,6.03,0,819.4,0.69,133.27,23.82,0,1,0,0,0,1,0.17947749480869346,Safe
R04006,State Highway,18.37,1,10.21,1,1583.8,4.92,26.65,24.08,4,3,0,0,0,1,0.08242120225775519,Safe
R04007,State Highway,8.07,1,10.33,1,855.0,36.31,117.31,23.1,1,2,1,0,0,1,0.45232182164145485,Moderate
R04008,District Road,12.13,1,5.11,2,1035.9,13.76,107.69,13.13,1,3,1,0,1,1,0.41827273577752544,Moderate
R04009,District Road,10.26,0,9.45,1,719.1,42.22,128.39,25.89,2,3,1,1,0,1,0.6122205363343437,High
R04010,Highway,19.64,0,4.68,2,895.0,17.11,66.9,28.08,2,1,0,0,0,1,0.2526310824367425,Moderate
R04011,Highway,16.71,1,3.84,1,1714.6,35.85,84.73,10.01,2,2,1,0,0,1,0.392117510963487,Moderate
R04012,State Highway,18.28,2,8.17,0,2309.8,11.65,6.44,12.08,1,2,0,0,0,1,0.09633831309023162,Safe
R04013,District Road,5.46,0,11.18,0,1478.6,2.78,30.33,23.54,2,0,0,0,0,1,0.016434628233292746,Safe
R04014,State Highway,15.56,1,3.32,0,74.6,39.67,87.49,30.97,0,2,0,0,0,1,0.18643969415740794,Safe
R04015,District Road,5.68,2,10.44,0,696.5,41.73,51.56,23.33,1,2,0,0,0,1,0.22713489436821602,Safe
R04016,State Highway,4.57,0,7.56,0,2383.0,31.86,28.22,20.86,2,2,0,0,0,1,0.10412043107572883,Safe
R04017,Village Road,18.91,0,10.75,0,2280.3,34.65,83.6,33.42,4,1,0,0,1,1,0.21186985133376854,Safe
R04018,Village Road,0.88,2,10.59,2,333.3,0.32,128.84,11.91,3,4,0,0,0,1,0.1654161016677987,Safe
R04019,State Highway,19.33,0,10.88,1,2275.6,33.92,89.93,13.46,1,2,0,0,0,1,0.23062558650798554,Safe
R04020,State Highway,3.41,0,9.92,0,2413.1,21.25,31.42,27.13,2,1,0,0,0,1,0.10220998113941282,Safe
R04021,District Road,16.48,1,10.59,1,845.2,20.38,37.83,12.72,1,2,0,0,0,1,0.15769315804721376,Safe
R04022,State Highway,5.88,1,4.58,3,1767.5,24.3,34.33,13.38,2,0,0,0,0,1,0.15950781976007578,Safe
R04023,District Road,7.34,2,5.73,1,1422.0,12.2,163.54,31.8,1,1,1,0,0,1,0.3592581061355973,Moderate
R04024,Village Road,4.73,1,5.18,3,875.8,31.33,29.21,15.25,4,0,0,0,0,1,0.2408839199966927,Safe
R04025,District Road,11.92,1,9.68,1,425.7,13.3,54.99,25.56,4,2,0,1,0,1,0.35036141609376076,Moderate
R04026,Village Road,7.29,1,4.38,3,949.0,25.14,59.48,19.92,1,2,1,1,0,1,0.5495038423019323,High
R04027,State Highway,13.32,3,4.64,0,2323.1,6.16,38.11,13.42,2,1,1,0,0,0,0.25734935695545264,Moderate
R04028,State Highway,0.81,0,10.91,0,2037.6,30.38,70.55,19.65,3,1,1,0,1,1,0.4285694211225303,Moderate
R04029,District Road,1.76,0,9.35,2,860.2,8.53,25.94,20.41,3,1,0,0,0,1,0.12785622997933216,Safe
R04030,State Highway,2.44,3,10.88,3,1391.8,7.67,17.15,25.72,1,2,1,0,0,0,0.36695991629997976,Moderate
R04031,District Road,8.67,3,4.25,2,1044.6,1.09,54.82,13.84,2,1,0,0,0,1,0.23980151410591186,Safe
R04032,State Highway,16.39,0,6.59,1,1192.3,5.48,12.09,10.93,0,0,0,0,0,1,0.04999466252924543,Safe
R04033,Highway,17.82,0,5.55,0,1915.0,10.47,66.61,25.15,3,4,0,1,0,1,0.2815581343703373,Moderate
R04034,Village Road,5.27,1,3.09,1,1380.4,10.0,251.77,11.64,2,2,1,1,0,1,0.6568666652282992,High
R04035,State Highway,11.7,0,5.56,0,493.6,14.75,92.14,13.85,7,0,0,1,0,1,0.3462135668377012,Moderate
R04036,Village Road,15.48,1,6.42,1,709.1,2.45,16.58,34.54,2,3,0,0,0,1,0.11827579225616233,Safe
R04037,Village Road,6.13,0,3.83,0,1441.1,42.08,32.62,10.57,1,1,0,0,0,1,0.08877108716348504,Safe
R04038,Village Road,8.48,0,8.1,1,1747.4,5.36,64.17,26.06,1,3,0,0,0,1,0.032951261815887416,Safe
R04039,District Road,10.72,1,6.45,2,1294.9,31.59,45.91,13.47,0,1,0,1,0,1,0.33864479899118943,Moderate
R04040,District Road,3.13,3,3.42,0,1569.5,24.08,42.78,30.53,0,0,0,0,0,1,0.1847822065809373,Safe
R04041,Village Road,1.01,1,9.34,1,1984.0,24.88,45.6,24.54,1,0,0,0,0,1,0.18533144294296044,Safe
R04042,State Highway,3.48,1,9.56,0,1386.2,4.75,200.96,21.81,2,0,1,0,0,1,0.37746412223278997,Moderate
R04043,District Road,12.72,3,10.51,0,2444.1,10.94,160.08,21.51,0,0,0,0,0,1,0.22426609065289985,Safe
R04044,District Road,1.94,1,7.37,1,627.1,35.09,39.81,26.77,2,3,0,0,0,1,0.14879227673885298,Safe
R04045,District Road,4.2,1,11.72,0,2303.2,20.87,74.15,30.97,5,3,0,0,0,1,0.19050147129012884,Safe
R04046,District Road,7.09,1,11.23,3,656.8,20.57,51.14,10.17,1,3,1,0,0,1,0.35796398879364844,Moderate
R04047,State Highway,2.02,0,7.96,1,1352.5,24.57,17.41,10.51,2,1,0,0,0,1,0.1442087845401281,Safe
R04048,District Road,4.24,1,7.0,0,1167.0,19.52,24.71,16.81,1,2,0,0,0,1,0.09419051685048416,Safe
R04049,Village Road,18.27,1,3.03,1,963.6,36.28,69.57,28.46,0,2,0,0,0,1,0.15822796222635577,Safe
R04050,State Highway,0.88,0,9.4,0,2408.7,33.69,50.7,14.84,3,2,0,1,0,1,0.279023185512091,Moderate
R04051,Village Road,13.24,0,8.08,0,717.1,14.27,139.21,20.17,2,1,0,0,1,1,0.29440521640852857,Moderate
R04052,District Road,8.0,0,11.44,0,1703.4,36.54,45.0,22.69,2,1,0,1,0,1,0.28849159376705985,Moderate
R04053,Village Road,13.62,1,8.35,0,2020.0,23.34,67.89,19.32,2,3,0,1,1,1,0.4560586231068386,Moderate
R04054,District Road,11.98,0,11.94,2,532.7,28.25,129.23,21.62,1,2,1,0,0,1,0.4461697549748036,Moderate
R04055,Village Road,4.86,0,10.68,2,2434.2,38.98,180.39,29.97,0,2,1,1,0,1,0.6162049541200445,High
R04056,Highway,17.02,3,11.58,1,1389.3,21.42,51.61,15.73,2,0,0,0,0,1,0.22668746086575198,Safe
R04057,Village Road,10.09,1,5.95,2,2290.5,34.03,153.17,18.17,2,0,0,0,0,1,0.24259954360900574,Safe
R04058,Highway,16.54,0,4.34,1,1676.5,28.26,76.22,23.16,3,3,0,0,0,1,0.15558872278090335,Safe
R04059,Village Road,8.42,1,10.17,0,1641.1,19.2,122.06,31.63,1,7,1,1,0,1,0.609489724173341,High
R04060,Village Road,19.7,0,10.08,1,896.7,35.51,52.72,15.13,6,1,0,1,0,1,0.4010751182094367,Moderate
R04061,State Highway,15.52,2,4.9,1,1937.9,4.73,51.96,23.12,0,1,0,0,0,1,0.1841256091222564,Safe
R04062,State Highway,19.34,2,9.88,0,123.0,26.15,87.17,31.89,2,1,0,0,0,1,0.2105191322114515,Safe
R04063,Village Road,10.53,1,8.24,2,1411.8,2.09,22.6,12.81,3,2,0,0,0,1,0.11710798405992265,Safe
R04064,State Highway,9.74,2,3.99,2,128.7,7.03,49.5,28.04,1,2,0,0,0,1,0.1860922157544635,Safe
R04065,Village Road,15.23,0,7.52,2,801.8,26.95,69.82,15.59,0,1,0,0,0,1,0.10238366966208168,Safe
R04066,Highway,17.67,2,11.38,0,285.9,13.84,75.59,14.34,4,0,1,1,0,0,0.5162679517571918,High
R04067,Highway,19.3,0,7.56,0,2283.4,11.81,110.71,15.91,2,1,1,0,0,1,0.3509407920173447,Moderate
R04068,Village Road,6.83,0,10.1,0,1589.2,43.01,24.79,22.57,2,0,0,0,0,1,0.061450072641526125,Safe
R04069,District Road,16.07,3,3.26,3,1687.9,16.47,57.22,25.08,2,2,0,0,0,1,0.23562269193735663,Safe
R04070,Village Road,4.61,1,9.55,2,2135.3,25.41,40.62,14.86,1,2,0,0,0,1,0.1063105978223872,Safe
R04071,State Highway,11.14,3,11.52,2,1845.9,24.04,128.54,12.8,0,4,0,0,0,1,0.27514553696136274,Moderate
R04072,District Road,4.01,0,7.5,1,354.3,2.79,40.53,21.32,2,0,0,0,0,1,0.053823831764726646,Safe
R04073,District Road,7.27,1,6.04,1,1563.0,30.34,77.07,11.43,4,5,0,0,0,1,0.19221204516856774,Safe
R04074,District Road,18.66,0,8.82,0,2446.5,23.08,40.08,23.47,1,0,0,0,0,1,0.11586922072958242,Safe
R04075,District Road,3.35,1,11.25,2,574.6,17.16,191.5,27.07,2,1,1,0,0,1,0.37588820528402445,Moderate
R04076,District Road,12.83,0,4.59,2,1568.3,2.97,116.45,33.64,2,0,0,0,0,1,0.1552626910055075,Safe
R04077,District Road,12.06,0,6.63,1,1430.9,13.19,48.51,13.57,2,1,0,0,0,1,0.06790892971375688,Safe
R04078,State Highway,2.85,0,4.41,1,1009.5,39.78,103.79,20.83,1,0,0,0,0,1,0.12821842358557506,Safe
R04079,Village Road,6.86,2,7.47,2,2388.9,7.82,56.82,16.42,2,2,0,1,0,0,0.3588489120225375,Moderate
R04080,State Highway,11.48,0,7.86,0,923.2,9.87,153.13,15.45,1,4,0,0,0,1,0.14061797639984766,Safe
R04081,District Road,4.15,2,11.5,2,279.5,9.24,74.23,22.99,2,1,0,0,0,1,0.25169636517666977,Moderate
R04082,State Highway,16.11,0,6.71,1,2408.2,40.09,159.09,13.59,1,3,1,0,0,1,0.3034878712684528,Moderate
R04083,District Road,19.46,0,8.1,1,1836.6,31.5,65.65,10.39,3,2,0,0,0,1,0.09562584884239256,Safe
R04084,District Road,4.69,1,10.97,2,889.0,39.68,124.63,14.05,0,2,1,1,0,1,0.6336708721570493,High
R04085,State Highway,4.14,3,5.89,1,737.3,41.12,197.48,18.39,1,0,0,1,0,0,0.59084515555817,High
R04086,Highway,9.37,0,9.07,0,2323.7,41.76,188.3,10.27,3,0,0,0,0,1,0.23697846157752767,Safe
R04087,Highway,15.08,0,9.81,3,720.2,21.86,127.42,31.43,3,2,0,1,0,1,0.42968897223593716,Moderate
R04088,District Road,5.99,2,5.97,3,1366.0,21.43,183.72,24.59,1,2,1,0,1,0,0.5806317438225466,High
R04089,Village Road,0.89,0,4.48,1,576.6,37.3,8.34,10.68,3,4,0,1,0,1,0.37120248261252026,Moderate
R04090,Highway,11.05,2,7.53,1,2488.3,14.94,119.52,15.72,6,6,0,0,0,1,0.20169008632142005,Safe
R04091,District Road,19.15,0,6.21,1,1935.3,1.0,124.17,26.61,4,0,0,0,0,1,0.05783599875105061,Safe
R04092,State Highway,8.13,1,5.4,1,1440.7,14.92,31.87,10.75,2,3,1,0,0,1,0.28824682503657734,Moderate
R04093,District Road,8.69,0,11.76,3,1877.3,32.24,29.12,19.42,3,3,0,0,0,1,0.16973070251576605,Safe
R04094,Village Road,19.39,1,7.52,0,2295.1,5.56,156.7,12.42,2,1,1,0,0,1,0.3781087175938841,Moderate
R04095,State Highway,14.04,2,10.71,0,2409.7,35.32,45.24,19.79,4,0,0,0,0,1,0.21092809550137023,Safe
R04096,District Road,14.52,2,4.76,3,1975.7,36.7,125.04,34.2,2,2,0,0,0,1,0.1985507669413435,Safe
R04097,Highway,11.47,1,11.45,0,2130.2,4.54,150.38,21.38,1,2,1,0,0,1,0.3830666186118482,Moderate
R04098,Highway,19.5,3,10.15,2,1024.6,4.4,113.62,25.34,0,1,1,0,0,0,0.4051718986393569,Moderate
R04099,State Highway,13.93,0,10.28,0,1010.0,8.95,111.78,20.21,4,2,0,0,0,1,0.12884769316624353,Safe
R04100,Highway,17.95,0,6.51,3,2030.3,16.04,91.16,17.88,1,2,0,0,1,1,0.18505836053082195,Safe
R04101,District Road,14.14,1,7.37,2,1911.1,23.97,148.44,25.27,0,1,1,0,0,1,0.3668262414104249,Moderate
R04102,District Road,14.83,1,8.34,3,2257.4,21.85,72.42,25.52,1,0,0,1,0,1,0.37097284559236143,Moderate
R04103,District Road,6.16,0,10.11,3,375.9,38.39,90.34,25.38,3,4,1,0,0,1,0.43793772562315425,Moderate
R04104,State Highway,6.42,1,10.64,0,1742.5,6.4,9.18,10.67,1,1,0,0,0,1,0.06172417614637479,Safe
R04105,State Highway,15.77,1,3.7,1,1636.7,31.39,55.27,27.41,3,2,0,0,1,1,0.25175363018498786,Moderate
R04106,District Road,6.29,2,11.14,1,2006.4,24.7,63.6,26.9,2,4,0,0,0,1,0.12109306267289628,Safe
R04107,Village Road,11.47,2,11.44,2,110.2,33.16,97.8,11.75,3,0,0,0,0,1,0.2505825692021452,Moderate
R04108,Highway,5.36,1,8.34,0,2074.3,15.39,119.25,14.75,2,1,1,0,0,1,0.34131233709121744,Moderate
R04109,Village Road,16.43,0,4.68,3,849.7,21.21,66.61,23.01,3,3,1,0,1,1,0.4591190436234079,Moderate
R04110,District Road,2.65,1,10.37,0,1733.4,1.29,56.1,19.02,1,0,1,0,1,1,0.38508276472988284,Moderate
R04111,District Road,16.67,2,7.94,2,1560.6,5.22,65.87,24.4,1,3,0,0,0,1,0.06091013839550963,Safe
R04112,District Road,12.25,0,10.35,1,1128.5,16.87,29.37,29.01,1,0,0,1,0,1,0.2326240063882581,Safe
R04113,Highway,4.14,1,10.33,1,1877.8,21.66,56.01,23.7,3,0,1,1,0,1,0.5320749405378048,High
R04114,Highway,11.07,3,3.78,1,2405.0,3.86,43.05,21.47,5,0,0,0,0,1,0.2125070380760959,Safe
R04115,District Road,6.01,0,8.46,0,842.5,37.12,129.46,16.59,1,1,1,0,1,1,0.4583911044322134,Moderate
R04116,State Highway,6.81,0,7.35,1,1883.7,42.57,107.48,25.39,0,4,0,0,0,1,0.22524328658885448,Safe
R04117,Village Road,7.35,0,11.52,1,820.6,26.84,52.82,30.68,2,2,0,0,0,1,0.1054394506243907,Safe
R04118,District Road,1.73,1,5.67,1,2121.9,2.4,54.41,16.56,2,3,0,0,0,1,0.11045389887932702,Safe
R04119,Highway,19.73,3,4.85,2,1121.3,33.25,61.06,29.7,2,1,0,1,0,0,0.4842357549355884,Moderate
R04120,District Road,1.11,1,11.07,1,1150.7,9.77,54.73,20.44,2,2,0,0,0,1,0.146755857964876,Safe
R04121,State Highway,13.42,0,4.34,1,1941.1,33.01,70.96,12.8,0,3,0,0,0,1,0.13372097861299306,Safe
R04122,District Road,7.74,1,9.18,3,1265.6,19.55,147.91,32.77,1,2,1,0,0,1,0.4256502257087708,Moderate
R04123,District Road,13.1,1,5.7,2,703.3,2.4,15.84,27.04,3,1,0,0,0,1,0.09342531590749838,Safe
R04124,Village Road,7.45,1,8.11,0,2489.1,12.54,78.81,31.03,2,1,0,0,1,1,0.2370807347414821,Safe
R04125,Village Road,13.64,0,8.55,2,1569.6,19.22,66.49,26.37,2,2,1,1,0,1,0.47754496151288567,Moderate
R04126,District Road,14.72,1,6.76,3,1630.6,33.13,42.35,13.09,2,1,0,0,1,1,0.2885261042169049,Moderate
R04127,District Road,13.97,1,11.77,3,1634.1,5.99,14.94,23.54,1,0,0,1,0,1,0.2247407214003599,Safe
R04128,Village Road,2.72,0,4.19,2,2214.2,12.92,49.96,25.84,1,1,0,0,0,1,0.06838136609566176,Safe
R04129,State Highway,13.31,1,6.52,1,500.5,3.76,38.48,16.53,4,2,0,0,0,1,0.0627993380035618,Safe
R04130,Highway,5.96,3,6.87,0,194.9,27.71,73.42,25.77,5,1,0,0,0,1,0.273712853676468,Moderate
R04131,State Highway,1.06,0,8.68,2,997.4,21.34,80.89,24.17,2,0,0,0,0,1,0.1144560526869055,Safe
R04132,State Highway,8.59,3,6.67,2,1434.0,41.81,17.15,10.54,1,2,0,0,0,1,0.24792182026748388,Safe
R04133,District Road,8.95,0,3.87,0,750.0,33.32,22.89,32.06,3,0,1,0,0,1,0.32687853846597575,Moderate
R04134,District Road,9.61,2,11.53,0,1738.6,35.0,80.29,23.35,1,1,0,0,0,1,0.2107371490743376,Safe
R04135,District Road,14.24,0,6.74,1,231.1,7.4,67.5,24.61,2,0,0,0,0,1,0.10275944294320517,Safe
R04136,Highway,6.52,0,6.08,1,1987.2,12.0,94.13,13.78,3,3,1,0,0,1,0.31375309460312056,Moderate
R04137,District Road,6.65,1,7.02,0,1809.3,23.09,80.52,30.1,4,2,0,1,0,1,0.3614863327589827,Moderate
R04138,State Highway,1.68,1,4.95,1,574.2,0.61,33.39,23.29,0,2,0,0,0,1,0.11636059882846331,Safe
R04139,District Road,13.89,2,3.9,2,781.2,39.16,25.75,12.21,3,1,0,0,0,1,0.29269698768492525,Moderate
R04140,District Road,11.57,1,4.34,0,2027.2,35.0,272.06,27.52,4,2,1,0,1,1,0.524791604135479,High
R04141,State Highway,7.31,1,4.5,3,1944.7,2.61,108.32,22.22,1,2,1,0,1,1,0.46996290510671945,Moderate
R04142,Highway,14.25,3,4.78,1,2043.7,38.21,183.55,18.37,3,0,1,0,0,0,0.4583067685108596,Moderate
R04143,Highway,10.98,1,6.78,0,839.5,0.2,37.55,33.04,1,2,1,0,0,1,0.3161324855041572,Moderate
R04144,Village Road,9.65,0,8.62,0,2425.4,5.14,24.97,30.53,0,2,0,0,0,1,0.0,Safe
R04145,Village Road,10.47,0,8.66,1,1802.6,2.49,35.15,11.07,4,1,0,0,0,1,0.0,Safe
R04146,District Road,12.91,1,3.0,0,209.7,21.56,333.22,27.47,3,1,1,1,1,0,0.9293555910288022,Critical
R04147,Highway,13.37,2,11.29,2,1220.5,35.28,142.77,14.3,0,1,1,0,0,1,0.4726628893734188,Moderate
R04148,District Road,6.13,0,10.41,2,1678.1,8.03,121.7,10.42,6,3,1,0,0,1,0.37191953077824463,Moderate
R04149,District Road,3.24,0,11.68,2,463.2,34.72,131.45,15.47,1,0,0,1,0,1,0.5037099557306719,High
R04150,Village Road,3.55,0,6.24,1,2259.3,8.32,170.42,11.19,0,0,0,0,0,1,0.20357924929761245,Safe
R04151,Highway,12.97,1,8.98,1,1897.6,44.57,89.01,25.96,2,2,0,0,0,1,0.2539862986590083,Moderate
R04152,Highway,17.52,0,4.51,0,249.5,38.41,37.34,28.94,2,3,1,0,0,1,0.3550478080460808,Moderate
R04153,District Road,8.49,0,10.35,1,2287.3,33.17,35.87,14.45,1,1,0,0,0,1,0.09405128838327462,Safe
R04154,State Highway,3.81,1,4.45,1,1040.7,26.63,22.85,15.23,0,3,1,0,0,1,0.3000927783552612,Moderate
R04155,State Highway,15.25,2,5.93,1,1158.6,10.91,45.34,13.35,1,3,0,0,0,1,0.07562085170858082,Safe
R04156,Highway,16.73,0,7.42,3,1968.6,5.37,39.69,24.06,1,1,0,0,0,1,0.11738220824248388,Safe
R04157,District Road,17.67,1,8.35,1,1627.8,20.71,96.04,22.23,3,0,0,0,0,1,0.1879002448511079,Safe
R04158,Village Road,12.33,0,8.04,2,1121.9,18.12,35.4,10.15,3,2,1,0,0,1,0.34812502675993273,Moderate
R04159,Village Road,17.28,3,3.92,1,686.1,30.35,83.4,19.24,1,2,0,0,0,1,0.24951858724476034,Safe
R04160,District Road,0.8,0,6.8,1,1316.4,7.65,226.68,12.2,2,0,1,0,0,1,0.35948789130611464,Moderate
R04161,District Road,2.59,3,11.31,2,1469.0,25.3,77.98,24.47,2,2,0,1,0,0,0.45892530140360444,Moderate
R04162,Highway,2.31,3,10.85,0,1595.8,31.2,68.62,21.84,3,0,0,0,0,1,0.2380068146265709,Safe
R04163,District Road,14.4,2,8.32,1,1532.4,13.45,40.48,21.47,2,0,0,0,1,1,0.19397529728539384,Safe
R04164,State Highway,1.86,0,8.15,1,1562.4,35.1,118.29,28.38,3,6,1,1,1,1,0.729571861192549,High
R04165,District Road,10.18,1,4.01,0,1215.6,19.43,97.64,21.48,3,4,0,0,1,1,0.2573263131539001,Moderate
R04166,State Highway,9.72,0,4.8,1,1426.6,7.32,167.69,22.15,3,3,0,0,0,1,0.17180342463647152,Safe
R04167,State Highway,6.56,2,5.27,1,757.2,8.76,87.31,25.82,0,0,1,0,0,1,0.3953420578689817,Moderate
R04168,Highway,17.47,2,7.39,0,438.0,12.55,98.09,17.53,2,1,1,0,0,1,0.3586665894275496,Moderate
R04169,State Highway,3.82,3,9.58,2,1537.0,7.12,53.86,33.44,4,5,1,0,0,0,0.38780366726855453,Moderate
R04170,Highway,7.37,1,7.15,1,165.1,25.33,74.41,17.04,4,2,1,0,0,1,0.5129231458498777,High
R04171,State Highway,15.6,1,4.13,1,209.8,42.71,123.35,32.84,2,1,1,0,0,1,0.48196528934347005,Moderate
R04172,Village Road,1.09,1,6.95,1,655.9,40.32,183.6,30.34,0,2,0,0,0,1,0.2443536956818917,Safe
R04173,District Road,13.62,1,4.46,2,526.1,14.57,108.68,32.66,4,2,0,1,0,1,0.3856680852723549,Moderate
R04174,District Road,16.42,1,9.76,0,966.6,38.91,83.32,14.58,5,0,1,0,0,1,0.3968395590815991,Moderate
R04175,Village Road,18.68,1,4.5,1,959.7,42.93,246.05,15.78,1,3,1,0,1,1,0.586666479063123,High
R04176,Village Road,17.59,3,7.34,1,336.3,13.24,25.76,31.2,2,3,0,1,0,0,0.3276911007846466,Moderate
R04177,District Road,6.73,1,9.24,2,653.9,40.74,86.06,33.93,2,2,0,1,0,1,0.41092623678394424,Moderate
R04178,Village Road,11.93,2,5.05,1,61.2,44.88,69.23,28.83,0,2,0,1,0,0,0.4828197669109326,Moderate
R04179,State Highway,2.01,2,3.68,0,909.9,35.9,17.26,25.95,2,1,0,0,0,1,0.16566338638472744,Safe
R04180,State Highway,5.53,1,8.07,1,2001.3,17.56,36.57,30.24,2,1,0,0,1,1,0.20771375205049497,Safe
R04181,District Road,2.34,0,3.49,1,702.1,27.38,89.51,11.04,2,1,1,0,0,1,0.34106501102361564,Moderate
R04182,District Road,6.65,1,8.29,0,1626.2,16.39,175.68,31.36,3,1,0,1,0,1,0.35645893923017036,Moderate
R04183,District Road,17.57,1,9.78,2,290.7,44.82,98.66,17.03,0,2,1,1,0,1,0.6327188186505404,High
R04184,State Highway,7.27,0,5.96,0,80.1,3.05,58.56,11.42,4,3,0,0,0,1,0.03455203793362428,Safe
R04185,Highway,11.46,1,7.4,0,1271.1,40.19,89.34,27.04,1,1,0,1,1,1,0.4684889945116686,Moderate
R04186,District Road,8.95,3,11.36,0,1180.6,3.35,79.35,28.82,2,0,0,0,1,0,0.2629038134711149,Moderate
R04187,Highway,9.45,0,7.24,2,519.2,1.9,40.8,25.68,4,0,0,0,0,1,0.0763860874976588,Safe
R04188,District Road,19.41,1,11.97,1,752.1,42.3,57.27,18.75,2,0,0,0,0,1,0.11444027011290005,Safe
R04189,District Road,6.28,2,4.41,0,125.1,39.03,74.52,12.93,0,2,0,0,1,1,0.32284133817026256,Moderate
R04190,District Road,12.73,1,9.38,2,2004.6,16.27,53.55,29.22,2,1,0,0,1,1,0.22630253160796276,Safe
R04191,Village Road,8.69,1,8.87,0,788.1,43.09,49.42,11.18,1,2,0,0,0,1,0.1543886364786225,Safe
R04192,Village Road,1.69,2,10.85,1,587.7,38.78,56.62,28.99,0,1,0,0,0,1,0.24787551247323542,Safe
R04193,District Road,10.04,1,3.83,0,2021.4,40.59,86.47,33.94,1,1,1,0,1,1,0.4281617841212303,Moderate
R04194,District Road,16.36,0,5.52,3,146.2,26.78,59.87,34.92,0,1,0,0,0,1,0.1524561401591062,Safe
R04195,District Road,2.43,3,4.19,2,747.1,43.12,47.69,19.91,4,3,0,0,0,1,0.32216034694731843,Moderate
R04196,State Highway,1.86,1,11.4,2,693.7,36.43,32.15,12.72,1,0,0,0,0,1,0.1877564231810303,Safe
R04197,Highway,3.5,1,6.84,0,694.3,42.3,78.68,12.36,1,2,1,1,0,1,0.5927112858474464,High
R04198,State Highway,15.41,1,11.19,1,78.2,12.67,22.91,22.29,1,2,0,0,0,1,0.12649020699054198,Safe
R04199,District Road,14.62,0,5.65,1,2339.9,23.94,66.18,29.79,3,0,0,0,0,1,0.1255030396387324,Safe
R04200,District Road,11.52,3,4.14,1,2167.2,39.04,14.28,11.2,1,0,0,0,0,1,0.17146171639930605,Safe
R04201,Village Road,9.63,2,5.67,1,1065.5,26.09,35.36,14.21,3,2,0,0,0,1,0.19882388364387601,Safe
R04202,State Highway,17.82,0,8.37,2,1141.3,36.05,109.4,24.72,4,1,1,0,0,1,0.46081081794514184,Moderate
R04203,Highway,15.45,3,10.61,0,1334.2,43.79,46.46,12.14,1,2,0,0,0,1,0.1427165494315486,Safe
R04204,Village Road,16.33,2,6.47,1,1221.9,36.21,67.9,31.96,4,4,0,0,0,1,0.20847710508538958,Safe
R04205,Highway,16.36,1,11.23,1,1958.9,14.19,111.06,22.58,6,1,1,0,0,1,0.367772374919597,Moderate
R04206,District Road,13.03,1,5.2,2,1246.6,5.34,52.04,19.67,0,2,0,0,0,1,0.06204712503495909,Safe
R04207,District Road,9.43,0,9.24,0,512.6,12.27,19.1,10.33,2,3,0,0,1,1,0.1306230518390524,Safe
R04208,District Road,17.36,1,9.62,0,336.6,29.83,271.34,12.82,1,2,1,0,0,1,0.5708442444244607,High
R04209,Highway,18.56,0,5.47,1,2299.8,0.49,74.49,30.69,2,0,0,1,0,1,0.21011967469570697,Safe
R04210,Highway,0.96,1,3.24,3,168.5,8.54,106.74,27.47,1,5,0,0,0,1,0.17251809954760933,Safe
R04211,Highway,1.51,1,6.29,3,2249.0,14.71,40.43,10.51,1,1,0,0,0,1,0.15623673664056165,Safe
R04212,District Road,19.2,2,3.41,0,1741.7,39.39,135.02,34.35,1,3,1,0,0,1,0.42382856215090137,Moderate
R04213,District Road,5.9,2,11.11,0,1041.5,2.3,71.66,18.83,6,1,0,0,0,1,0.161732086537564,Safe
R04214,State Highway,17.53,0,11.58,1,508.6,2.25,96.79,25.16,0,0,0,0,0,1,0.081240499382071,Safe
R04215,District Road,8.08,2,9.62,1,810.7,24.83,78.35,28.07,2,2,0,0,0,1,0.20372807268145066,Safe
R04216,Village Road,2.82,1,9.54,2,1348.2,8.0,61.45,33.91,4,3,0,0,0,1,0.16056762220589513,Safe
R04217,Highway,2.07,1,5.17,1,1659.3,10.9,61.61,32.26,3,3,0,0,0,1,0.1641134491116864,Safe
R04218,District Road,3.55,0,3.67,1,1744.1,8.29,171.12,24.94,1,0,0,0,0,1,0.13815907910807712,Safe
R04219,District Road,5.37,2,10.22,1,1145.9,26.17,114.98,13.48,2,2,0,0,0,1,0.20378095598023951,Safe
R04220,State Highway,10.03,3,8.03,0,966.2,2.5,85.3,31.13,4,0,0,0,0,1,0.21519218280750582,Safe
R04221,State Highway,14.18,2,9.13,2,1932.4,42.3,100.19,30.42,2,1,0,1,0,0,0.3896128982432675,Moderate
R04222,District Road,19.73,3,10.02,1,2317.3,5.54,83.28,25.98,2,2,0,0,0,1,0.2720577435838147,Moderate
R04223,Village Road,9.11,0,6.68,2,2290.4,42.82,110.64,34.73,1,3,0,1,0,1,0.41334133066537365,Moderate
R04224,Village Road,10.6,2,4.3,0,1401.5,35.02,78.22,23.21,2,3,0,0,0,1,0.17691655791905622,Safe
R04225,District Road,10.68,1,10.16,1,243.6,37.26,53.07,15.34,3,0,0,0,0,1,0.11557783780286984,Safe
R04226,District Road,11.02,0,7.08,3,229.6,7.78,177.96,16.34,6,2,1,1,0,1,0.6259291597159582,High
R04227,State Highway,10.6,1,10.44,1,1036.8,30.13,55.88,20.17,3,0,0,1,0,1,0.2700024191185886,Moderate
R04228,District Road,0.67,1,6.94,3,1845.5,36.77,31.17,20.57,1,0,0,0,0,1,0.15907498652954155,Safe
R04229,District Road,0.53,0,4.95,2,1268.5,25.11,160.32,30.78,2,1,1,0,0,1,0.40329171906468003,Moderate
R04230,State Highway,2.4,0,4.54,3,1587.0,24.8,189.52,32.17,4,3,0,0,1,1,0.31598869757699316,Moderate
R04231,District Road,2.48,0,9.7,1,2116.1,7.17,42.5,19.57,4,1,0,1,0,1,0.2097423671463201,Safe
R04232,District Road,14.25,1,8.17,0,148.8,18.64,54.38,33.63,2,1,0,0,0,1,0.13939466585557195,Safe
R04233,State Highway,4.5,0,6.64,2,2313.4,6.77,121.65,33.2,1,1,0,1,0,1,0.28363877126034764,Moderate
R04234,Village Road,17.95,0,7.43,2,860.7,43.78,58.46,20.26,2,1,0,1,0,1,0.3485310653825943,Moderate
R04235,Highway,18.61,1,7.95,1,164.6,30.82,74.64,31.7,2,0,0,1,0,1,0.45261099181289777,Moderate
R04236,State Highway,19.53,3,5.15,1,2096.8,2.18,82.46,12.82,2,2,0,0,0,1,0.184828795478052,Safe
R04237,Highway,18.81,2,6.4,3,2338.7,21.45,39.56,22.78,2,0,0,0,0,1,0.11899688204277808,Safe
R04238,Village Road,5.8,0,5.63,0,1933.1,28.71,82.35,27.82,5,3,0,1,0,1,0.31095065669569016,Moderate
R04239,District Road,10.44,3,6.5,1,2021.1,4.3,154.81,18.64,1,3,1,0,0,0,0.5028669877364872,High
R04240,State Highway,3.92,1,7.51,0,2184.7,29.92,153.07,10.58,4,4,0,1,0,1,0.4454877299869404,Moderate
R04241,District Road,16.22,1,4.56,0,1329.8,7.98,21.78,11.39,0,0,0,0,0,1,0.020317614217739158,Safe
R04242,State Highway,17.82,1,6.54,1,1717.1,18.35,52.83,32.36,3,0,0,0,0,1,0.21730210763103255,Safe
R04243,Village Road,17.1,1,6.47,2,751.8,28.15,38.04,22.96,3,2,0,0,0,1,0.17413381585801216,Safe
R04244,District Road,8.95,0,5.57,2,661.8,16.43,187.44,13.81,2,2,1,0,0,1,0.3975814462370674,Moderate
R04245,District Road,15.29,1,11.99,3,1541.9,17.14,27.55,32.55,2,0,0,0,0,1,0.10650993230452935,Safe
R04246,Village Road,2.4,1,3.66,0,1849.8,37.96,42.02,33.55,2,2,0,1,1,1,0.43910095027178897,Moderate
R04247,State Highway,1.28,1,8.79,1,1023.0,13.92,73.87,18.15,0,0,0,0,1,1,0.20857718823294685,Safe
R04248,Highway,15.19,2,4.57,0,1030.7,29.48,5.56,24.65,2,1,0,0,0,1,0.20004227471305025,Safe
R04249,District Road,8.79,1,10.56,0,2387.9,38.21,10.67,18.14,3,0,0,0,0,1,0.18035685270577934,Safe
R04250,Village Road,19.91,2,11.23,0,1320.2,6.87,139.77,28.13,4,1,0,0,1,1,0.2969132343573366,Moderate
R04251,State Highway,2.4,1,6.61,0,2466.4,2.07,80.67,33.7,5,0,0,0,0,1,0.107547401604874,Safe
R04252,Highway,17.18,3,10.41,1,2164.0,37.15,41.45,10.7,0,0,1,0,0,0,0.39909697227430363,Moderate
R04253,State Highway,9.86,1,5.25,0,1617.2,24.8,78.31,21.77,1,1,0,0,0,1,0.10995538344711332,Safe
R04254,District Road,16.63,3,4.26,1,72.4,37.25,57.63,29.98,3,2,0,0,1,0,0.2936200094660298,Moderate
R04255,State Highway,16.43,2,5.84,3,775.0,9.59,38.33,27.23,0,2,0,0,0,1,0.24213227335241985,Safe
R04256,District Road,18.36,1,6.08,2,1073.2,37.47,128.78,14.56,4,0,0,0,0,1,0.2519918891635169,Moderate
R04257,Village Road,6.31,1,6.58,2,1649.4,4.29,56.65,19.8,6,1,0,0,0,1,0.07288814929483582,Safe
R04258,District Road,19.02,0,6.36,2,1019.0,39.74,51.76,21.71,2,3,1,0,1,1,0.4199376904058675,Moderate
R04259,State Highway,3.46,3,6.7,1,2078.2,37.01,47.87,28.62,3,1,0,0,1,0,0.30916452779659376,Moderate
R04260,District Road,2.1,0,9.39,2,1674.1,25.53,57.91,21.48,1,1,1,0,0,1,0.3739141953779855,Moderate
R04261,Highway,8.92,1,5.21,2,900.5,27.38,114.03,17.85,4,0,0,0,0,1,0.21476394960546744,Safe
R04262,Village Road,16.65,0,3.17,0,1971.9,15.56,101.08,20.38,1,2,0,0,0,1,0.12337503602133376,Safe
R04263,District Road,9.73,1,7.41,2,792.6,9.07,133.0,34.17,2,4,0,0,0,1,0.18424800701963287,Safe
R04264,State Highway,16.67,1,7.03,1,203.8,20.49,127.8,11.17,2,1,0,1,0,1,0.46224398046818477,Moderate
R04265,District Road,14.73,3,3.54,0,472.8,29.59,32.86,18.34,3,5,0,0,0,1,0.2164442899486329,Safe
R04266,District Road,4.58,1,4.2,1,56.7,44.93,24.55,14.95,2,1,0,0,0,1,0.25228382583419245,Moderate
R04267,District Road,19.0,3,7.59,2,2089.3,36.78,63.16,20.01,2,0,0,0,0,1,0.2581732768880685,Moderate
R04268,Highway,1.69,1,5.11,1,1586.4,19.54,70.26,24.64,2,2,0,0,0,1,0.1936110513660289,Safe
R04269,Village Road,18.02,0,10.9,0,1447.9,33.45,31.93,14.86,0,4,0,0,0,1,0.07024250659376047,Safe
R04270,Village Road,6.44,0,4.56,1,1672.0,4.86,91.69,20.66,3,0,1,0,0,1,0.2922016993718855,Moderate
R04271,District Road,10.25,2,3.18,1,1651.3,18.68,204.79,30.7,1,0,1,0,0,1,0.4325901671337245,Moderate
R04272,Village Road,8.74,0,7.03,3,1435.5,19.12,58.65,26.05,2,2,0,0,0,1,0.18651915308190367,Safe
R04273,State Highway,3.85,1,11.88,2,2113.9,44.95,289.64,26.98,1,1,1,0,0,1,0.5944987571531463,High
R04274,District Road,7.48,0,8.7,2,1130.3,17.6,63.02,33.51,2,3,0,0,1,1,0.2519810652777526,Moderate
R04275,District Road,4.26,1,6.19,0,2021.8,3.75,25.66,20.22,0,0,0,0,0,1,0.06628633586357978,Safe
R04276,District Road,4.48,2,3.15,1,1977.3,3.03,203.0,34.95,2,2,1,0,0,1,0.4433632649687539,Moderate
R04277,District Road,4.15,1,7.36,1,538.8,31.43,16.83,19.55,2,3,0,0,1,1,0.19368909443692342,Safe
R04278,State Highway,10.04,0,4.86,1,1161.7,13.01,61.21,14.57,2,0,0,0,0,1,0.07063613119097854,Safe
R04279,Highway,16.06,0,8.83,0,2095.6,39.1,100.31,30.19,3,0,1,1,0,1,0.5379164151929675,High
R04280,State Highway,11.59,1,8.25,1,2085.6,21.73,75.47,22.75,4,2,0,0,1,1,0.2273398208438503,Safe
R04281,State Highway,17.92,0,5.39,1,108.8,14.87,111.18,18.62,0,2,0,0,0,1,0.09888763017762833,Safe
R04282,District Road,12.91,1,3.62,1,596.5,34.16,61.6,16.16,0,1,0,0,0,1,0.1508294518866627,Safe
R04283,State Highway,13.94,1,9.8,0,1088.5,18.79,132.46,30.54,3,1,1,0,0,1,0.39267922736855254,Moderate
R04284,Highway,13.52,0,8.27,1,165.5,33.18,161.37,24.1,3,1,0,1,1,1,0.4589739024510143,Moderate
R04285,District Road,9.26,1,10.58,2,688.5,32.13,70.48,25.61,3,2,0,1,0,1,0.37650424440352154,Moderate
R04286,District Road,13.94,1,5.34,1,682.8,32.54,117.65,21.56,2,1,1,0,0,1,0.39915503345102016,Moderate
R04287,Village Road,1.86,0,8.88,2,575.7,38.57,99.43,15.36,2,0,0,0,1,1,0.2553533024668979,Moderate
R04288,District Road,17.27,1,4.07,2,1021.8,38.18,99.66,18.44,2,1,0,0,1,1,0.324574453815936,Moderate
R04289,State Highway,15.67,0,5.63,2,2041.9,29.91,26.04,13.22,3,3,0,0,0,1,0.15935807020470344,Safe
R04290,Village Road,5.28,1,8.91,0,648.1,43.06,121.63,18.53,2,1,0,0,0,1,0.25736403055343987,Moderate
R04291,District Road,15.48,2,10.43,0,1476.1,0.93,111.72,32.82,3,1,1,1,1,0,0.655431218836221,High
R04292,Highway,0.75,0,5.89,1,1416.1,41.87,83.8,24.37,2,1,0,0,0,1,0.15144720180629292,Safe
R04293,District Road,4.74,1,10.19,3,2053.9,6.67,70.71,11.16,1,0,0,1,1,1,0.45240065775909066,Moderate
R04294,Village Road,1.77,1,9.1,2,1015.3,9.52,33.12,29.1,2,2,0,0,0,1,0.1274445940512404,Safe
R04295,State Highway,15.71,0,6.14,1,597.7,36.78,14.55,29.19,0,2,0,0,0,1,0.07152910111669086,Safe
R04296,State Highway,15.24,2,10.89,0,2234.2,18.02,132.28,28.99,1,0,1,0,0,1,0.419006386666113,Moderate
R04297,Highway,16.37,1,7.58,1,2090.7,19.14,80.4,25.41,1,1,0,0,0,1,0.12467875735801173,Safe
R04298,State Highway,0.59,1,8.83,1,1572.7,11.76,33.34,10.79,1,5,0,0,0,1,0.054145201701542627,Safe
R04299,District Road,10.27,1,7.46,2,278.4,10.1,96.47,19.57,1,2,0,0,0,1,0.06672012100366433,Safe
R04300,District Road,14.24,2,7.07,1,89.5,4.78,60.39,18.13,0,3,0,0,0,1,0.13865423746110328,Safe
R04301,Highway,3.53,3,10.63,1,497.4,8.85,54.4,10.53,1,3,0,0,0,1,0.1783406996786285,Safe
R04302,Village Road,13.17,1,5.65,0,531.8,25.5,8.33,12.14,1,0,0,0,0,1,0.02145372441987478,Safe
R04303,Village Road,2.14,2,3.33,0,383.8,31.8,87.53,20.51,2,0,0,0,0,1,0.2056982317041954,Safe
R04304,District Road,4.04,0,10.92,1,692.3,33.25,39.47,32.02,5,3,0,0,0,1,0.11715178087880268,Safe
R04305,Village Road,9.78,1,10.43,1,877.8,16.66,139.92,34.04,2,3,1,1,0,1,0.6091103917937412,High
R04306,Highway,13.24,0,6.3,1,1898.4,41.49,155.96,28.59,1,3,0,0,0,1,0.20793084683251956,Safe
R04307,District Road,3.34,0,4.67,2,1788.3,14.79,67.2,15.64,2,3,0,0,0,1,0.06261261923250991,Safe
R04308,District Road,4.11,1,9.08,0,305.7,5.0,149.49,33.04,3,0,1,0,0,1,0.38937475965186086,Moderate
R04309,Village Road,4.49,2,3.71,1,2443.9,42.54,32.14,34.45,2,2,1,0,0,1,0.36896748102273247,Moderate
R04310,Village Road,5.15,1,6.81,2,1892.7,24.33,25.39,20.76,1,1,0,1,0,1,0.3699107022226839,Moderate
R04311,State Highway,4.92,1,3.77,1,450.4,43.71,43.76,23.05,3,3,0,1,0,1,0.3613255584037323,Moderate
R04312,Village Road,8.21,1,8.38,1,355.0,17.71,40.97,18.65,2,1,0,0,0,1,0.12449805254750079,Safe
R04313,Highway,13.25,1,3.24,1,264.5,34.08,28.89,31.3,2,1,0,0,0,1,0.17480198924267137,Safe
R04314,Village Road,9.04,0,8.66,1,1842.9,4.95,72.83,17.44,5,3,0,0,0,1,0.1215138999611273,Safe
R04315,Village Road,15.63,1,9.06,0,628.9,38.43,270.75,12.72,3,2,1,0,1,1,0.6213317445236858,High
R04316,State Highway,14.53,0,7.38,0,228.8,7.68,144.41,21.4,0,2,0,0,0,1,0.15901069502333232,Safe
R04317,District Road,2.97,1,4.58,0,1083.5,3.09,78.87,14.24,2,5,0,0,1,1,0.1950793289533188,Safe
R04318,Highway,1.45,0,3.91,2,1786.3,4.4,46.04,20.77,2,2,0,0,0,1,0.1323064841764695,Safe
R04319,District Road,17.62,0,5.82,0,796.2,25.08,132.37,24.64,2,0,0,0,0,1,0.10590824645860103,Safe
R04320,District Road,2.06,1,7.19,3,1232.5,13.13,35.81,30.07,2,1,0,0,0,1,0.17240309786920274,Safe
R04321,District Road,3.39,1,8.78,2,522.1,43.24,81.81,27.3,2,1,1,0,1,1,0.4943041668946612,Moderate
R04322,Village Road,0.93,1,3.01,2,1101.4,38.37,121.72,28.46,5,1,0,0,0,1,0.25231550620443083,Moderate
R04323,District Road,12.75,0,9.4,2,929.4,36.15,12.78,24.76,4,0,0,0,0,1,0.15203329369159121,Safe
R04324,District Road,11.86,1,9.41,0,1113.1,36.43,118.99,12.03,1,0,1,0,0,1,0.36430558629434434,Moderate
R04325,Village Road,19.74,2,7.0,1,1191.0,40.08,58.16,32.0,2,0,0,0,0,1,0.3110597294360251,Moderate
R04326,Village Road,17.8,2,6.09,3,276.1,38.93,32.88,27.45,4,3,0,0,1,1,0.296294648157581,Moderate
R04327,Highway,8.51,2,10.58,0,278.8,41.77,207.91,29.75,3,0,1,0,0,1,0.5663666086328556,High
R04328,Village Road,7.75,0,10.06,0,688.5,42.05,39.69,33.52,4,2,0,0,0,1,0.15536043030349095,Safe
R04329,Highway,6.29,1,11.85,0,333.6,13.42,211.37,34.2,3,1,0,1,0,1,0.36951428001987885,Moderate
R04330,Village Road,3.47,0,6.35,1,669.3,9.88,72.45,34.09,1,2,1,0,0,1,0.2243934051945367,Safe
R04331,State Highway,3.19,0,11.16,0,110.1,28.94,42.02,16.74,2,3,1,0,0,1,0.2761890957105365,Moderate
R04332,Highway,3.08,0,3.79,1,909.3,5.55,43.5,31.29,2,0,0,0,0,1,0.09291887487122194,Safe
R04333,District Road,2.73,2,6.7,2,572.9,9.5,38.47,33.97,2,4,0,0,0,1,0.16159119146654405,Safe
R04334,District Road,5.19,1,7.19,0,2235.8,34.78,132.61,27.66,1,1,1,0,0,1,0.3749994223516793,Moderate
R04335,State Highway,6.48,1,6.97,2,2152.5,29.22,304.28,27.9,1,3,1,1,0,1,0.7303626148510246,High
R04336,Highway,19.25,1,8.63,0,786.0,29.29,63.81,32.1,1,0,1,0,0,1,0.31358312549590683,Moderate
R04337,District Road,11.78,0,4.53,0,1214.9,42.78,64.7,17.19,3,1,1,0,0,1,0.3229309713405307,Moderate
R04338,Village Road,19.76,1,10.8,0,2391.7,30.04,19.23,14.8,1,3,0,0,0,1,0.06918458546121056,Safe
R04339,State Highway,7.76,1,7.97,2,1334.0,19.39,125.93,20.92,3,3,1,0,0,1,0.4279215230493323,Moderate
R04340,State Highway,9.42,1,11.14,2,2128.7,12.61,65.85,33.75,7,1,1,0,0,1,0.3548058228331557,Moderate
R04341,District Road,6.83,2,3.02,0,2074.6,15.23,63.74,11.51,0,1,1,0,0,1,0.3622031903938903,Moderate
R04342,Highway,4.07,0,8.67,0,2356.2,12.5,245.25,21.06,1,2,1,0,0,1,0.45549225010199385,Moderate
R04343,Village Road,3.29,2,6.71,2,799.0,1.57,43.42,27.27,1,2,1,1,0,0,0.5374569958847836,High
R04344,Village Road,18.93,1,7.55,1,156.4,11.77,19.62,26.28,3,1,0,0,1,1,0.16360625453615227,Safe
R04345,District Road,19.74,1,9.69,0,304.7,37.59,175.63,30.25,1,1,1,0,0,1,0.41683443189334207,Moderate
R04346,State Highway,1.38,1,5.04,1,1449.7,32.77,47.78,16.74,0,4,0,0,0,1,0.16542792553561675,Safe
R04347,Village Road,3.43,3,4.84,2,1349.2,27.98,31.0,15.85,2,3,0,0,0,1,0.22380418385996884,Safe
R04348,District Road,8.76,0,9.33,0,781.2,40.6,108.54,30.69,1,0,1,0,0,1,0.3801596397505796,Moderate
R04349,Village Road,4.13,1,7.69,0,659.3,11.89,10.56,30.64,3,3,0,0,0,1,0.0561675671045178,Safe
R04350,District Road,7.6,1,5.1,0,1788.0,26.0,55.37,16.22,2,2,0,0,0,1,0.14578560743565036,Safe
R04351,Village Road,3.02,0,7.36,2,884.2,1.41,32.9,21.01,4,1,0,0,0,1,0.08246450698344238,Safe
R04352,District Road,9.4,0,7.14,0,1529.7,40.14,86.36,21.29,2,0,0,0,0,1,0.17687035744789936,Safe
R04353,District Road,5.8,2,9.22,2,1795.1,20.15,71.21,22.83,2,4,0,0,0,1,0.21136663220088117,Safe
R04354,Village Road,7.36,0,3.02,2,1104.6,8.0,119.0,30.91,2,0,0,1,0,1,0.2969240485339018,Moderate
R04355,District Road,2.34,0,8.28,1,523.8,10.77,22.54,25.08,3,3,0,0,0,1,0.057122382334363626,Safe
R04356,District Road,8.85,3,8.45,0,2158.9,38.17,137.72,22.96,0,2,1,0,0,0,0.5369255598949281,High
R04357,State Highway,19.67,2,9.71,3,279.2,4.9,94.35,17.24,3,1,1,0,1,0,0.46637589014377157,Moderate
R04358,District Road,6.91,0,11.0,1,2082.2,41.63,51.69,11.01,7,3,0,0,0,1,0.18756700672475146,Safe
R04359,District Road,17.59,1,6.96,1,2099.9,16.81,113.64,32.95,3,1,0,0,0,1,0.15228164633698385,Safe
R04360,State Highway,16.94,1,6.08,3,1448.9,11.3,159.24,27.91,3,3,0,0,0,1,0.22096900678640682,Safe
R04361,Highway,19.07,2,3.92,2,1592.2,14.93,157.31,11.86,0,1,0,0,0,1,0.15169532594638077,Safe
R04362,District Road,15.91,2,6.03,1,927.1,18.4,97.01,17.44,3,1,1,0,0,1,0.3535267693402836,Moderate
R04363,Village Road,13.36,2,3.62,1,2111.9,24.67,58.49,26.18,1,1,0,0,0,1,0.15942834930589203,Safe
R04364,District Road,17.2,0,10.23,0,696.1,26.41,53.87,15.23,0,4,1,0,0,1,0.3650920418180898,Moderate
R04365,State Highway,1.98,1,10.26,3,1421.5,20.15,62.96,12.63,0,2,0,0,0,1,0.1475909161886617,Safe
R04366,District Road,9.53,0,6.76,2,54.4,20.09,52.11,23.76,1,0,0,0,0,1,0.00583095074390684,Safe
R04367,Highway,19.79,0,5.34,1,2352.6,12.84,69.53,18.23,3,0,0,0,0,1,0.15737286826452962,Safe
R04368,District Road,15.51,2,4.06,2,2373.3,17.27,34.37,30.69,2,3,0,0,0,1,0.20437477249064295,Safe
R04369,State Highway,19.26,0,10.66,2,1790.5,21.02,154.38,33.77,1,0,1,1,0,1,0.5689833883527093,High
R04370,State Highway,15.7,1,10.9,0,1086.9,26.89,60.22,24.69,7,4,0,0,0,1,0.17405480893074154,Safe
R04371,State Highway,17.56,2,5.4,1,487.6,5.88,91.95,27.82,1,3,0,1,0,0,0.33017059129088167,Moderate
R04372,State Highway,14.28,1,8.6,0,1256.5,34.38,64.84,34.59,1,3,0,0,0,1,0.13650261893238383,Safe
R04373,Highway,15.33,0,5.33,2,1989.0,30.63,100.77,15.65,3,1,0,0,0,1,0.1898586210299445,Safe
R04374,State Highway,10.7,2,5.03,0,1532.9,13.44,66.43,32.62,0,1,0,0,0,1,0.16624519050630296,Safe
R04375,District Road,18.52,3,3.19,2,1342.4,20.67,21.37,23.98,1,0,0,0,0,1,0.18552105133616342,Safe
R04376,District Road,16.59,2,8.19,1,2131.1,42.61,76.0,14.69,2,1,0,0,0,1,0.2939533617427657,Moderate
R04377,State Highway,16.96,1,4.35,0,817.2,0.92,27.87,17.23,3,2,0,0,0,1,0.027605286328912765,Safe
R04378,Village Road,13.62,0,3.11,0,2156.9,36.51,105.73,27.2,1,2,0,0,1,1,0.2917306309180713,Moderate
R04379,Highway,6.44,0,3.94,2,1126.7,23.03,169.22,33.05,1,0,1,1,0,1,0.5619254216646736,High
R04380,District Road,1.19,1,5.82,0,55.9,27.85,61.39,12.97,2,1,0,0,0,1,0.13854660604481742,Safe
R04381,Highway,18.75,0,9.02,1,1843.3,30.8,150.17,25.98,4,2,1,0,0,1,0.44311598639792155,Moderate
R04382,Highway,11.93,2,4.82,1,2200.7,20.52,32.82,19.42,0,0,0,1,1,0,0.4276832273980045,Moderate
R04383,District Road,6.31,1,10.99,2,1236.7,8.63,119.55,18.04,1,2,0,0,0,1,0.14496264304842005,Safe
R04384,District Road,3.41,1,5.6,1,1164.1,40.93,92.0,14.5,4,0,0,1,0,1,0.40188723696787937,Moderate
R04385,Village Road,16.68,2,5.98,1,2023.3,33.31,297.02,32.2,5,0,1,0,0,1,0.5483400919111553,High
R04386,District Road,16.81,2,4.96,0,2217.7,25.18,74.06,19.11,2,2,0,0,0,1,0.132729011755777,Safe
R04387,Village Road,16.38,1,5.28,1,2437.3,20.18,56.68,21.08,2,2,0,0,0,1,0.13818743338069306,Safe
R04388,Highway,13.08,3,3.67,1,896.8,22.47,147.56,15.18,3,1,0,0,0,1,0.2924988888943764,Moderate
R04389,Highway,7.64,3,5.65,2,1507.0,37.06,211.66,25.2,0,1,1,0,0,0,0.5243915650161401,High
R04390,Highway,6.43,3,10.74,0,2066.1,0.56,159.86,21.0,1,1,0,1,0,0,0.4221503867815219,Moderate
R04391,State Highway,0.67,2,9.2,2,1353.0,38.94,111.16,14.83,1,0,0,0,0,1,0.2704997084534584,Moderate
R04392,District Road,16.76,2,10.88,0,1181.5,2.1,80.89,17.76,3,0,0,1,0,0,0.36141646898934193,Moderate
R04393,District Road,2.2,1,3.94,0,1451.2,27.72,103.42,19.78,2,0,1,1,0,1,0.5789122598403815,High
R04394,Highway,12.8,0,7.1,1,924.3,14.99,71.03,11.92,1,1,1,1,0,1,0.5457095087508409,High
R04395,Village Road,10.33,0,5.06,0,520.6,30.52,56.72,11.3,4,0,0,0,0,1,0.10649929781975898,Safe
R04396,Village Road,10.77,0,9.49,2,213.2,3.85,14.6,34.81,3,1,0,0,0,1,0.04150157951948733,Safe
R04397,State Highway,18.57,0,11.73,3,1544.5,25.03,65.84,33.19,1,1,1,0,0,1,0.31300920909302954,Moderate
R04398,Highway,1.12,1,10.34,0,978.9,38.49,62.0,24.83,1,0,0,1,0,1,0.4125690101551676,Moderate
R04399,State Highway,15.58,0,3.32,1,2213.2,22.26,80.91,16.12,2,1,0,0,0,1,0.16355582929248566,Safe
R04400,Highway,1.52,3,5.85,3,596.2,3.8,71.95,15.81,1,0,0,0,0,1,0.23060605952403837,Safe
R04401,Highway,1.24,2,3.26,0,811.2,1.68,166.38,21.01,2,1,1,0,0,1,0.34521580569491384,Moderate
R04402,District Road,8.88,0,3.36,1,2427.7,27.95,39.87,19.65,2,5,0,0,0,1,0.10267095195064935,Safe
R04403,State Highway,1.73,0,3.72,0,1412.9,3.13,76.56,28.33,3,2,0,0,0,1,0.1074792867559945,Safe
R04404,State Highway,15.89,2,5.49,1,899.5,3.21,99.32,20.18,2,2,0,0,0,1,0.15094562439902376,Safe
R04405,Village Road,10.83,2,5.74,2,2159.2,19.14,110.17,33.88,0,4,1,0,0,1,0.44380630745657923,Moderate
R04406,District Road,1.07,3,6.6,2,1871.3,9.43,243.89,16.32,3,2,1,1,0,0,0.7734085879062994,Critical
R04407,Village Road,1.29,3,6.64,1,1454.2,9.19,59.46,10.67,0,2,0,0,0,1,0.1846004238288073,Safe
R04408,Highway,12.45,3,9.94,2,2228.3,21.64,186.0,25.08,2,1,1,1,0,0,0.7446755066477254,High
R04409,State Highway,16.22,1,4.27,0,280.2,12.64,117.31,34.7,0,2,1,1,0,1,0.5504585615006435,High
R04410,District Road,9.04,0,4.42,3,1016.5,9.87,47.15,31.29,2,1,0,0,0,1,0.2172165065170466,Safe
R04411,Highway,11.31,2,8.64,0,2035.8,23.15,54.22,10.13,1,0,1,0,0,1,0.35192681647576884,Moderate
R04412,Highway,16.1,0,8.15,0,995.6,13.09,75.13,24.38,2,3,0,0,1,1,0.20498079528634475,Safe
R04413,District Road,12.4,2,4.39,3,2320.5,3.61,66.66,21.34,1,1,1,0,0,1,0.3966692538883283,Moderate
R04414,District Road,4.88,1,10.67,2,423.7,30.72,38.47,29.21,0,3,0,0,0,1,0.09751403911607864,Safe
R04415,District Road,12.45,2,5.96,2,874.8,26.35,8.71,16.32,1,3,0,0,0,1,0.20697784021618654,Safe
R04416,District Road,12.75,0,6.3,0,1093.1,9.55,96.16,16.09,1,1,0,0,0,1,0.09675177073684037,Safe
R04417,District Road,14.82,1,6.78,2,1733.1,26.2,222.5,17.92,0,2,1,0,0,1,0.46795352308604,Moderate
R04418,Highway,12.61,1,5.9,1,528.6,43.0,290.3,16.15,3,3,1,1,0,1,0.7220846473531031,High
R04419,State Highway,19.4,3,8.02,2,74.2,43.04,207.83,10.55,0,1,1,1,0,0,0.7559519523036023,Critical
R04420,State Highway,4.35,0,6.5,3,2442.4,23.94,42.64,25.7,3,3,1,1,0,1,0.5738263522904323,High
R04421,Highway,19.05,3,5.33,0,2252.0,4.41,46.07,25.32,0,0,0,0,0,1,0.06873303194565321,Safe
R04422,Village Road,11.0,2,11.14,1,785.5,20.62,122.11,31.29,0,3,0,0,0,1,0.16577440981790934,Safe
R04423,District Road,13.6,2,5.78,2,1234.5,1.21,31.44,27.44,4,4,0,0,1,1,0.2896016391263785,Moderate
R04424,District Road,2.44,2,9.29,1,1247.9,18.68,99.7,26.02,2,1,0,0,0,1,0.22137605191259419,Safe
R04425,State Highway,7.92,1,6.13,0,2179.6,40.92,61.48,15.8,0,1,1,0,0,1,0.4019539454787501,Moderate
R04426,State Highway,15.5,0,6.92,0,1512.8,21.03,39.93,28.5,1,0,0,0,0,1,0.1042026748160714,Safe
R04427,State Highway,14.28,0,5.12,1,2074.8,24.77,13.4,31.38,3,0,0,0,0,1,0.07942020974929179,Safe
R04428,Highway,1.28,2,9.77,0,2284.4,7.11,68.9,21.1,2,1,0,0,0,1,0.18626223986844131,Safe
R04429,State Highway,11.16,2,9.63,0,1436.6,0.7,64.97,23.51,0,0,0,1,0,0,0.36006057248781065,Moderate
R04430,Village Road,2.22,0,3.2,1,749.4,44.7,176.01,29.61,2,0,1,1,0,1,0.6045708532422087,High
R04431,District Road,19.92,1,3.54,0,1271.8,15.22,128.07,21.64,0,1,0,1,0,1,0.3897639951639985,Moderate
R04432,District Road,18.0,1,11.3,0,2134.6,12.57,91.66,26.66,5,0,0,0,0,1,0.0937498102216541,Safe
R04433,District Road,0.91,0,11.0,0,1479.9,25.71,166.02,15.37,4,2,0,0,1,1,0.3272538396486713,Moderate
R04434,Village Road,17.24,1,7.55,2,2244.5,33.54,29.16,24.61,2,0,0,0,0,1,0.13271701785454385,Safe
R04435,Highway,18.43,0,7.44,0,2243.8,11.31,71.51,10.93,0,1,0,0,0,1,0.034148642720091056,Safe
R04436,State Highway,7.39,0,10.31,2,964.7,23.59,101.65,15.22,1,1,1,0,0,1,0.38365364818873543,Moderate
R04437,State Highway,14.53,1,4.25,2,1147.9,14.97,155.21,33.02,2,1,0,0,0,1,0.1846239974526208,Safe
R04438,Village Road,9.12,1,8.88,1,1710.9,21.64,192.84,24.88,2,2,1,1,0,1,0.71055265099396,High
R04439,Village Road,13.28,0,7.28,0,322.1,7.26,79.7,21.39,1,3,0,0,0,1,0.09105086498452582,Safe
R04440,State Highway,7.14,1,9.69,2,1190.6,22.96,53.72,23.05,3,0,0,0,0,1,0.12412104646133318,Safe
R04441,Village Road,6.79,0,3.27,1,416.0,2.13,351.15,10.0,0,2,1,0,0,1,0.3778826223375993,Moderate
R04442,Village Road,8.78,0,8.33,0,2127.5,37.8,113.04,21.49,2,0,1,0,0,1,0.3433440899602954,Moderate
R04443,State Highway,3.34,0,8.01,1,2359.8,28.24,92.56,13.6,2,0,1,0,0,1,0.3043537165578759,Moderate
R04444,State Highway,16.71,0,10.57,0,396.8,42.37,71.96,31.45,0,1,0,0,0,1,0.10396617179331698,Safe
R04445,District Road,7.3,0,9.09,1,1685.0,26.99,73.48,20.34,3,1,0,0,0,1,0.13452834382851633,Safe
R04446,Village Road,8.3,2,10.92,1,1609.5,8.2,46.67,15.8,4,3,1,0,0,1,0.33279894078246086,Moderate
R04447,State Highway,17.93,1,10.99,1,1912.2,21.78,87.18,22.8,0,1,0,0,0,1,0.13084840305531734,Safe
R04448,Village Road,10.18,0,6.67,2,1754.7,29.91,75.16,19.14,1,0,1,0,0,1,0.4036154402358861,Moderate
R04449,State Highway,11.11,0,4.24,3,582.0,16.84,62.83,21.5,2,5,0,0,0,1,0.11595076205883345,Safe
R04450,District Road,19.15,0,8.67,1,763.5,24.87,33.23,28.14,3,2,0,0,0,1,0.12083360052280365,Safe
R04451,District Road,17.79,2,10.86,1,454.8,7.32,70.31,22.73,1,3,1,0,1,0,0.3679544085352136,Moderate
R04452,District Road,3.8,1,3.67,2,2306.8,34.97,161.88,32.87,1,0,1,0,0,1,0.45044696839920556,Moderate
R04453,Village Road,9.73,0,8.02,1,1328.5,40.93,285.94,16.42,0,1,1,1,0,1,0.6877343395757011,High
R04454,Village Road,19.44,1,4.03,1,2441.6,14.17,81.41,18.15,2,0,0,0,0,1,0.17238315897888978,Safe
R04455,Village Road,7.76,1,3.24,2,1150.8,35.7,49.24,29.44,1,3,0,1,0,1,0.42033970911047386,Moderate
R04456,Highway,7.75,0,9.12,2,1404.2,4.14,25.08,29.58,2,2,0,1,1,1,0.42677520297477184,Moderate
R04457,District Road,4.3,1,9.14,1,1983.8,11.1,97.47,34.41,2,1,0,0,0,1,0.1286621576624436,Safe
R04458,Highway,2.73,1,8.41,0,2003.2,20.78,85.02,25.71,4,1,0,0,0,1,0.07719737815616759,Safe
R04459,District Road,14.94,0,10.73,1,616.3,17.39,48.03,24.35,0,2,0,0,0,1,0.05026577955760439,Safe
R04460,District Road,15.52,1,3.73,1,756.3,27.88,34.21,24.72,2,4,0,0,0,1,0.12732244805450546,Safe
R04461,District Road,19.4,2,3.95,1,289.6,25.33,149.66,19.03,4,2,1,0,1,0,0.5244942964012026,High
R04462,District Road,15.58,1,10.78,0,2023.4,3.93,260.92,19.62,3,3,1,0,0,1,0.506016635212464,High
R04463,Village Road,5.25,0,7.53,1,1995.0,5.93,164.36,17.0,2,2,1,0,1,1,0.451535223834567,Moderate
R04464,Highway,1.28,1,5.46,1,249.1,2.33,29.42,24.92,1,0,0,0,0,1,0.07650530530515412,Safe
R04465,District Road,19.72,1,9.64,0,680.7,42.87,38.86,31.01,1,5,1,0,0,1,0.36661620613355056,Moderate
R04466,State Highway,7.14,2,11.05,3,1152.2,29.04,54.57,25.84,3,0,0,1,0,0,0.41499377517369407,Moderate
R04467,Highway,6.58,1,9.21,2,1377.4,38.5,167.65,21.81,4,0,1,0,0,1,0.41445626862023127,Moderate
R04468,State Highway,18.17,0,10.13,2,1330.2,24.36,48.62,11.59,3,0,0,0,0,1,0.18237472391455614,Safe
R04469,Village Road,11.91,1,5.54,1,2458.5,8.72,33.53,16.19,1,6,0,0,0,1,0.18598360948276954,Safe
R04470,Village Road,4.69,1,5.6,1,1922.1,28.2,27.7,31.13,1,2,0,0,0,1,0.0976846745076598,Safe
R04471,Village Road,17.84,1,10.78,2,327.3,22.74,146.03,19.91,5,2,0,0,0,1,0.2463682789801097,Safe
R04472,Village Road,19.87,2,8.53,1,769.1,18.37,134.56,32.14,3,0,1,1,0,0,0.6100138315898656,High
R04473,State Highway,2.19,2,5.11,1,896.3,16.73,58.12,16.07,3,0,1,0,0,1,0.43287211946808357,Moderate
R04474,State Highway,17.31,0,7.72,0,822.1,29.25,32.68,24.39,1,1,0,0,0,1,0.13673290652817194,Safe
R04475,District Road,8.12,3,9.17,1,1975.6,27.8,22.79,34.09,5,2,0,1,0,0,0.3941030290529105,Moderate
R04476,District Road,10.72,1,4.97,3,933.4,6.82,26.83,23.92,2,7,0,0,0,1,0.18451997605926407,Safe
R04477,District Road,18.34,2,8.89,0,1256.4,36.73,51.85,15.22,2,0,1,0,0,1,0.4135949201449351,Moderate
R04478,State Highway,19.48,2,3.38,1,1357.0,28.62,128.82,15.74,1,1,0,0,1,1,0.3141936508352361,Moderate
R04479,District Road,5.61,1,5.73,1,712.5,24.11,188.97,13.94,2,0,1,1,0,1,0.5956168882141388,High
R04480,District Road,4.65,1,9.07,2,840.6,33.7,54.89,10.53,0,2,0,0,0,1,0.23165011565747753,Safe
R04481,State Highway,2.07,3,4.34,0,1961.0,6.91,181.16,27.31,4,1,1,1,0,0,0.627865627609654,High
R04482,District Road,11.46,0,5.0,2,2173.4,41.39,123.68,29.58,1,0,1,0,0,1,0.42022397394888394,Moderate
R04483,District Road,0.77,0,10.91,0,140.8,12.18,45.15,30.51,1,3,0,1,0,1,0.3120942103346387,Moderate
R04484,District Road,8.53,1,9.07,2,1532.6,11.82,39.58,11.84,1,0,0,0,1,1,0.2292761266233337,Safe
R04485,State Highway,1.93,2,7.49,0,1601.9,36.67,38.12,33.56,5,0,0,0,0,1,0.16503218588826965,Safe
R04486,District Road,8.4,3,4.9,0,1856.4,15.03,51.55,25.46,1,3,0,0,0,1,0.22127687308309546,Safe
R04487,Highway,1.28,0,6.07,2,1749.9,37.38,25.35,12.21,1,2,0,0,0,1,0.17510574876775942,Safe
R04488,State Highway,16.79,2,8.17,2,2199.7,14.76,107.2,12.12,2,3,1,0,0,1,0.49365982497302596,Moderate
R04489,Village Road,4.59,0,4.4,3,242.3,24.78,16.38,22.75,1,2,0,0,1,1,0.2581691876798022,Moderate
R04490,District Road,6.9,3,7.34,0,1001.5,10.39,150.39,16.11,0,1,0,0,0,1,0.21617397471204558,Safe
R04491,State Highway,17.47,1,6.68,1,1966.1,32.92,49.91,15.98,0,1,0,0,0,1,0.17879374396553338,Safe
R04492,District Road,15.05,0,7.29,0,2124.1,7.51,261.44,10.29,3,3,1,0,0,1,0.4478971210580431,Moderate
R04493,District Road,4.77,0,3.95,0,698.7,40.47,22.75,22.06,1,2,0,1,0,1,0.3305885318799156,Moderate
R04494,Village Road,1.9,0,3.96,0,1483.9,16.72,27.64,12.16,3,1,0,1,0,1,0.2458267464747036,Safe
R04495,District Road,14.46,0,11.68,0,492.9,21.22,44.89,11.92,0,4,0,0,0,1,0.06201790703904507,Safe
R04496,District Road,8.12,2,11.81,2,2134.7,1.08,74.04,13.97,0,2,0,0,0,1,0.19422690367137901,Safe
R04497,District Road,15.44,0,6.84,0,1839.6,43.91,74.57,10.27,4,1,0,1,0,1,0.40234612299820727,Moderate
R04498,Highway,9.18,3,10.1,1,594.1,36.59,47.56,12.59,1,2,0,0,0,1,0.26820442718966025,Moderate
R04499,State Highway,7.25,1,8.9,1,1578.2,20.12,58.34,24.86,2,0,1,0,0,1,0.34878626543037944,Moderate
R04500,District Road,9.3,1,4.05,0,1297.8,41.41,107.96,16.42,7,3,0,0,0,1,0.2293129129279268,Safe
R04501,District Road,15.1,0,5.67,3,684.1,41.9,30.26,11.72,4,1,0,0,0,1,0.16193179365766242,Safe
R04502,District Road,18.09,2,5.82,1,2238.2,23.99,83.28,13.39,1,3,0,0,0,1,0.24110069786855504,Safe
R04503,State Highway,1.47,1,8.36,3,412.2,10.52,12.2,11.08,2,1,1,0,0,1,0.30628056534434334,Moderate
R04504,Highway,10.72,2,8.22,3,1195.3,21.92,245.44,29.42,4,3,1,1,0,0,0.744495375175344,High
R04505,District Road,1.14,3,11.31,3,1477.9,14.62,29.04,24.04,1,3,0,0,0,1,0.19798709411497925,Safe
R04506,State Highway,9.63,0,10.11,2,2067.7,20.16,130.75,21.85,2,2,1,0,0,1,0.3864316554664176,Moderate
R04507,District Road,17.76,0,10.71,0,417.9,41.01,58.48,31.83,1,4,0,0,0,1,0.12346824309500418,Safe
R04508,Highway,7.55,2,11.02,0,1542.5,12.68,70.2,11.99,2,3,0,0,0,1,0.18170081148941242,Safe
R04509,District Road,18.68,2,10.21,1,66.1,37.75,97.63,10.93,0,0,0,0,0,1,0.28706869897879855,Moderate
R04510,Village Road,12.8,1,6.0,1,2065.3,42.09,69.65,20.6,1,4,0,1,0,1,0.44502815918415684,Moderate
R04511,State Highway,18.72,1,4.94,2,625.1,36.23,80.28,16.6,3,0,0,0,0,1,0.19457292001150026,Safe
R04512,District Road,15.26,1,8.15,2,1816.2,23.73,109.03,21.9,0,1,0,0,1,1,0.3438738317046079,Moderate
R04513,Highway,2.52,0,9.21,0,1524.6,25.38,128.35,32.59,1,0,1,0,0,1,0.29664845988839,Moderate
R04514,District Road,5.01,0,6.48,0,172.8,36.88,32.62,21.16,2,5,1,0,1,1,0.39382301126297004,Moderate
R04515,District Road,8.19,1,10.64,0,498.9,2.0,95.63,14.28,4,2,0,1,0,1,0.3453400113268635,Moderate
R04516,District Road,3.82,0,11.65,1,706.0,33.12,82.79,29.95,3,1,1,0,0,1,0.34062695088192096,Moderate
R04517,District Road,10.15,1,8.12,0,2222.5,23.8,145.16,19.72,0,2,0,0,0,1,0.16393327564676397,Safe
R04518,Village Road,9.69,3,7.11,2,1228.0,17.87,172.1,28.88,1,1,0,0,0,1,0.2760146182863671,Moderate
R04519,State Highway,19.15,2,10.59,2,2288.1,34.51,152.8,13.53,1,1,0,0,0,1,0.2821475163998641,Moderate
R04520,Highway,8.96,3,3.22,0,166.3,11.98,74.64,18.43,3,3,0,0,0,1,0.15848840387189972,Safe
R04521,Village Road,15.82,2,4.16,1,66.1,40.3,25.37,10.57,1,2,0,0,0,1,0.1888598245455292,Safe
R04522,District Road,18.87,1,10.61,1,2373.2,30.98,36.11,15.89,1,1,0,0,0,1,0.18649884545737433,Safe
R04523,Village Road,17.6,2,9.59,1,1823.6,27.46,78.8,26.18,4,1,1,0,0,1,0.39588898095677016,Moderate
R04524,District Road,4.57,3,6.75,3,1969.1,23.54,85.35,17.33,6,1,0,0,0,1,0.35633420908624663,Moderate
R04525,Village Road,10.17,3,11.0,0,2293.7,9.57,83.61,13.48,2,0,0,0,0,1,0.1466104048765579,Safe
R04526,District Road,7.28,1,6.16,1,2462.1,27.76,78.36,11.41,1,1,0,1,0,1,0.32978056033504216,Moderate
R04527,District Road,8.3,0,8.7,2,289.4,32.62,59.18,25.07,1,1,1,0,0,1,0.35561208989758636,Moderate
R04528,Village Road,7.54,0,8.71,1,437.8,0.53,103.43,11.93,1,0,1,0,1,1,0.39759935683099484,Moderate
R04529,District Road,16.61,0,4.66,1,512.0,16.49,66.21,29.97,2,3,0,0,1,1,0.23546000131557707,Safe
R04530,State Highway,9.32,3,5.56,2,2055.1,37.46,82.36,18.93,1,2,1,0,0,0,0.38302150669904744,Moderate
R04531,State Highway,10.71,1,11.24,2,921.1,28.45,36.83,17.62,2,0,1,0,0,1,0.3934605419789608,Moderate
R04532,State Highway,19.66,2,4.65,0,1503.5,27.69,87.86,25.62,1,0,0,1,0,0,0.3515181884038349,Moderate
R04533,State Highway,1.67,1,4.56,1,2145.3,10.29,92.36,23.92,1,2,1,0,0,1,0.3110116973584091,Moderate
R04534,State Highway,10.02,1,7.32,1,1723.7,28.44,62.63,34.69,5,0,1,0,0,1,0.3644700837203446,Moderate
R04535,District Road,15.59,0,3.83,1,210.3,35.38,78.14,11.28,0,2,1,0,0,1,0.3805674839731844,Moderate
R04536,District Road,3.45,0,11.05,1,1141.9,18.08,45.59,31.28,1,1,0,1,0,1,0.27933846789967925,Moderate
R04537,District Road,12.42,1,3.9,2,215.4,8.19,103.68,24.99,2,3,1,1,0,1,0.5095674286878008,High
R04538,District Road,5.17,1,8.55,2,1223.2,3.48,22.65,32.07,1,3,1,0,0,1,0.36815262122231407,Moderate
R04539,Highway,17.41,0,6.06,0,587.3,22.76,60.88,27.35,3,3,0,0,0,1,0.1468487917689365,Safe
R04540,Highway,6.88,2,10.24,0,53.2,30.77,95.11,29.06,3,6,1,0,1,0,0.5590948485688261,High
R04541,State Highway,6.92,1,8.31,1,2042.2,7.32,169.47,29.67,1,3,1,0,0,1,0.3368528247488272,Moderate
R04542,District Road,12.16,2,6.49,0,2425.0,18.96,175.79,10.38,2,2,1,0,0,1,0.35667671477044505,Moderate
R04543,State Highway,4.08,0,11.85,2,2412.1,25.59,84.94,30.96,2,3,0,1,0,1,0.30861071524090194,Moderate
R04544,State Highway,6.06,1,3.6,1,783.0,7.01,218.82,26.98,1,2,0,1,0,1,0.39519449940854445,Moderate
R04545,District Road,8.62,0,8.2,0,2080.5,12.15,129.99,33.68,1,2,0,1,0,1,0.38921619149702064,Moderate
R04546,Village Road,7.4,2,11.91,2,1713.0,27.38,46.45,13.33,1,1,0,0,0,1,0.163704094687609,Safe
R04547,Highway,10.74,1,9.22,1,2010.2,32.63,95.47,33.04,2,2,0,0,0,1,0.19494416479123786,Safe
R04548,District Road,12.19,1,9.66,0,2123.3,28.62,52.48,31.36,3,1,1,0,0,1,0.41833247243052346,Moderate
R04549,District Road,11.55,3,3.29,0,2451.7,32.11,28.95,15.66,1,2,0,0,0,1,0.19674018967313242,Safe
R04550,Village Road,13.26,0,3.19,1,421.7,26.17,101.85,13.1,1,3,0,0,0,1,0.13063247171840123,Safe
R04551,Village Road,6.5,0,3.32,1,1935.9,37.61,92.36,25.72,3,1,0,0,0,1,0.18486604115651886,Safe
R04552,Highway,2.97,2,11.93,2,1848.7,37.2,91.13,26.9,2,1,0,0,0,1,0.29048126813464803,Moderate
R04553,State Highway,15.34,1,11.82,1,755.0,35.83,76.34,27.77,0,0,0,1,0,1,0.3278820313388865,Moderate
R04554,Village Road,17.09,0,6.01,3,1011.8,25.9,80.71,31.14,2,2,1,0,0,1,0.35650518750257165,Moderate
R04555,District Road,5.51,1,5.62,0,483.1,44.74,105.45,23.92,0,1,0,0,0,1,0.24572534240992616,Safe
R04556,District Road,8.44,0,4.31,2,2287.5,1.76,37.05,17.1,1,2,0,0,0,1,0.09902694719816231,Safe
R04557,District Road,10.22,0,5.96,2,2204.4,8.8,82.66,31.43,4,3,0,0,1,1,0.28618943556823623,Moderate
R04558,District Road,10.9,1,6.33,0,1554.4,36.4,28.27,20.83,1,2,0,0,0,1,0.1004595357398527,Safe
R04559,Village Road,13.36,2,9.73,0,1303.5,37.18,75.56,20.87,1,1,0,0,1,1,0.3150584794173158,Moderate
R04560,Village Road,1.31,1,10.8,1,620.6,36.84,60.9,22.31,0,2,0,0,0,1,0.19278964765619624,Safe
R04561,District Road,14.57,1,9.72,3,1984.5,39.27,211.69,30.89,0,1,1,1,0,1,0.8231580043432135,Critical
R04562,State Highway,1.71,2,8.82,1,70.1,19.02,126.14,34.27,1,1,1,0,0,1,0.3843165081659976,Moderate
R04563,Village Road,9.63,0,9.89,1,1183.8,41.93,36.47,14.28,1,2,0,0,0,1,0.15414419788823686,Safe
R04564,Highway,16.64,2,9.65,2,2158.4,9.41,90.68,13.05,4,1,0,0,1,1,0.2516186071806537,Moderate
R04565,State Highway,9.3,2,7.28,0,1565.3,42.16,107.75,17.2,3,3,0,0,0,1,0.27460015992525233,Moderate
R04566,Village Road,3.41,0,6.02,1,1606.1,25.05,112.06,32.61,0,1,0,0,0,1,0.17293351009168573,Safe
R04567,State Highway,19.71,1,5.55,0,223.2,7.37,27.43,23.2,2,5,0,1,0,1,0.2908892316418246,Moderate
R04568,State Highway,17.84,3,9.11,1,752.4,33.12,94.7,10.14,2,1,1,0,0,0,0.3883125350316515,Moderate
R04569,Highway,15.54,3,11.63,2,1701.0,13.31,89.29,24.55,0,2,0,0,0,1,0.20467747855927837,Safe
R04570,Village Road,8.52,0,8.23,2,171.6,9.92,160.74,23.72,1,1,0,0,0,1,0.15425925324571357,Safe
R04571,District Road,4.08,0,11.21,3,860.8,7.74,12.12,12.0,3,2,0,0,0,1,0.0908568608007246,Safe
R04572,District Road,18.86,0,3.13,0,917.2,1.32,133.88,13.72,2,1,0,1,1,1,0.3875184345875272,Moderate
R04573,State Highway,10.88,1,10.15,1,1271.9,34.41,133.81,12.33,3,3,1,1,0,1,0.6619243916112234,High
R04574,Village Road,17.12,1,10.68,2,937.8,21.89,86.21,23.03,0,1,0,0,0,1,0.23088150265476706,Safe
R04575,Village Road,7.17,1,8.68,0,1162.6,44.04,212.04,23.27,3,1,0,0,1,1,0.4200474841000599,Moderate
R04576,State Highway,7.04,2,11.41,0,1390.1,19.77,125.91,21.5,2,3,0,0,0,1,0.19696134674075835,Safe
R04577,District Road,19.72,0,8.31,1,364.5,37.95,62.21,21.27,0,4,0,0,1,1,0.2700974753628097,Moderate
R04578,State Highway,10.68,2,5.16,1,492.2,43.56,72.44,24.51,3,1,0,1,0,0,0.36544905652685167,Moderate
R04579,Village Road,3.24,0,4.94,3,2089.7,1.01,7.73,26.55,3,0,0,0,0,1,0.05710493156965564,Safe
R04580,District Road,4.78,0,8.0,1,1176.4,4.74,87.05,34.09,0,2,0,0,0,1,0.05975372079389017,Safe
R04581,Village Road,9.9,1,11.16,2,920.1,15.65,138.16,23.63,2,1,1,0,0,1,0.37888627865844215,Moderate
R04582,State Highway,1.33,0,3.65,2,1113.0,39.16,18.24,16.64,1,2,0,0,0,1,0.14933011243257427,Safe
R04583,Village Road,9.52,1,8.44,0,478.3,37.71,63.53,34.37,3,1,0,0,0,1,0.16962488911888118,Safe
R04584,Village Road,8.67,2,9.93,2,637.6,16.5,154.12,12.64,4,2,1,0,0,1,0.42794148316911673,Moderate
R04585,District Road,15.7,0,4.04,0,1313.0,9.0,78.59,17.82,2,0,0,0,0,1,0.002922405888967916,Safe
R04586,Village Road,7.42,2,4.05,0,929.4,36.1,39.85,32.56,2,1,0,0,0,1,0.15824709341609255,Safe
R04587,State Highway,19.66,0,6.3,2,1214.9,26.86,180.45,33.6,2,1,1,1,0,1,0.6840279192531485,High
R04588,Highway,4.03,0,5.46,0,416.8,1.42,110.04,26.13,0,2,0,0,0,1,0.08763694949267235,Safe
R04589,District Road,12.02,1,4.78,1,433.3,36.19,83.64,10.37,3,1,1,0,0,1,0.3925474736434915,Moderate
R04590,District Road,2.25,2,4.79,1,990.7,43.06,49.89,21.06,4,0,0,1,0,0,0.4077542800818306,Moderate
R04591,District Road,14.81,1,4.18,0,978.2,1.89,62.04,33.32,1,1,0,0,0,1,0.10640724592429039,Safe
R04592,State Highway,19.9,1,8.5,1,2214.2,12.86,23.07,32.24,3,1,0,0,0,1,0.1274887416125815,Safe
R04593,District Road,16.47,3,9.19,1,132.0,36.88,190.68,32.34,1,3,1,0,1,0,0.6403069167118312,High
R04594,State Highway,11.34,2,9.33,1,2482.5,26.31,129.65,17.35,2,0,1,0,1,0,0.5225076522099383,High
R04595,District Road,9.95,0,7.79,3,2393.5,44.52,97.71,30.62,2,5,0,0,0,1,0.2177719120996324,Safe
R04596,District Road,16.78,2,11.58,1,1378.5,41.2,100.47,26.81,0,3,1,0,0,1,0.4319664149011899,Moderate
R04597,District Road,18.75,1,10.92,0,1811.0,8.02,103.16,32.34,3,0,1,0,1,1,0.40434438390422095,Moderate
R04598,State Highway,19.79,2,11.62,0,2341.4,30.33,147.74,25.95,1,3,0,0,0,1,0.2544845915148038,Moderate
R04599,District Road,8.23,1,6.5,2,665.4,29.4,47.63,19.38,0,0,0,0,0,1,0.19990967463680873,Safe
R04600,State Highway,19.82,0,10.9,1,823.3,4.99,56.4,25.86,0,1,0,0,0,1,0.10892560280094807,Safe
R04601,State Highway,3.54,1,9.87,3,321.8,4.03,64.2,18.95,1,2,0,0,0,1,0.1763182495596522,Safe
R04602,Village Road,5.44,1,6.06,2,1431.4,25.62,69.09,10.06,1,1,1,0,0,1,0.3818293813552053,Moderate
R04603,Village Road,2.24,1,3.96,0,440.6,18.13,128.92,30.42,3,0,1,0,0,1,0.4225810947872214,Moderate
R04604,State Highway,5.8,2,9.14,0,2330.6,24.55,43.8,31.23,2,2,0,1,0,0,0.32821258864461544,Moderate
R04605,Village Road,15.47,2,4.23,1,1107.3,10.75,57.31,28.7,1,0,0,0,0,1,0.2038069464722112,Safe
R04606,Village Road,17.13,1,5.64,2,2303.2,25.05,55.77,15.69,2,0,0,1,0,1,0.36844465601387255,Moderate
R04607,Village Road,15.69,1,7.5,0,552.5,17.25,71.39,13.4,3,1,0,1,0,1,0.29729096247001136,Moderate
R04608,State Highway,12.81,1,9.12,1,1750.4,39.94,22.52,14.25,3,2,0,0,0,1,0.15949392726118178,Safe
R04609,Village Road,10.52,1,11.34,2,1636.6,13.77,46.17,22.52,1,3,1,0,0,1,0.32568842059101705,Moderate
R04610,State Highway,14.32,3,8.34,2,1029.2,39.19,18.71,16.61,4,3,0,0,0,1,0.2607768467786834,Moderate
R04611,State Highway,8.12,1,9.04,2,2250.9,17.55,46.37,31.96,4,1,0,0,0,1,0.1347081332048482,Safe
R04612,Highway,16.91,0,5.79,2,1115.3,26.02,69.72,23.61,4,1,0,1,0,1,0.32499832696335734,Moderate
R04613,District Road,13.71,1,9.19,0,536.2,12.89,27.56,21.25,3,3,0,0,0,1,0.16141525849772453,Safe
R04614,Highway,14.11,1,6.94,0,2443.6,36.41,29.72,31.79,0,1,0,0,0,1,0.1544431340676637,Safe
R04615,State Highway,10.95,1,10.71,0,1131.6,37.96,29.35,12.03,3,0,1,0,0,1,0.34642240865921514,Moderate
R04616,State Highway,17.76,1,6.53,0,559.8,36.41,84.6,31.77,4,0,1,0,0,1,0.3670309610286535,Moderate
R04617,Village Road,5.41,0,7.21,3,940.9,28.79,58.09,30.05,1,1,0,0,0,1,0.11357367203209379,Safe
R04618,Village Road,7.93,0,6.89,0,1553.1,13.72,10.71,27.18,4,0,0,0,0,1,0.0,Safe
R04619,State Highway,15.66,0,10.3,2,1304.5,28.64,168.67,12.77,2,4,0,0,0,1,0.18459479544233928,Safe
R04620,Village Road,10.11,1,11.58,2,1606.0,43.18,84.56,11.31,8,0,0,0,0,1,0.23030151636544588,Safe
R04621,Village Road,17.84,0,5.95,1,1671.6,29.18,181.31,14.15,1,4,1,1,0,1,0.594819087349469,High
R04622,Village Road,7.25,2,7.28,1,352.3,43.04,108.23,16.76,2,1,1,0,0,1,0.48766287421698196,Moderate
R04623,Highway,7.7,0,9.35,1,821.5,13.71,106.61,25.41,4,3,0,0,0,1,0.039483166605044376,Safe
R04624,District Road,17.83,3,11.06,1,1884.3,38.07,41.63,12.01,2,2,1,1,0,0,0.6426684356729848,High
R04625,Village Road,9.56,0,7.44,3,1643.4,32.33,135.25,14.58,2,1,0,0,0,1,0.2839996853227701,Moderate
R04626,District Road,10.56,0,3.98,0,266.5,36.86,125.21,15.01,4,4,0,1,0,1,0.3482053344753756,Moderate
R04627,State Highway,6.99,1,6.32,0,822.1,31.98,10.13,26.77,2,3,1,1,0,1,0.5099516573777172,High
R04628,District Road,5.9,0,7.95,1,2331.7,21.62,17.02,18.65,2,1,0,0,0,1,0.080489099707602,Safe
R04629,District Road,13.29,3,6.76,1,2161.9,30.9,145.4,16.88,0,2,0,1,0,0,0.5035843626999468,High
R04630,District Road,2.84,0,4.68,1,1693.1,41.94,25.45,10.73,2,1,0,0,0,1,0.10291306562704783,Safe
R04631,Highway,17.65,1,3.33,3,228.5,18.79,49.96,12.36,1,1,1,0,0,1,0.3557681095617143,Moderate
R04632,State Highway,15.69,3,9.19,2,1537.3,42.83,84.56,23.74,1,1,0,0,0,1,0.22299557656676777,Safe
R04633,Village Road,4.22,1,11.93,2,79.9,2.22,17.69,25.83,2,2,0,0,0,1,0.14364654124173715,Safe
R04634,Village Road,14.03,0,11.27,1,1669.8,0.64,48.28,28.56,1,1,0,0,1,1,0.13623959507225855,Safe
R04635,Highway,12.25,0,9.15,0,1841.5,22.22,205.75,22.44,2,1,1,1,1,1,0.7257640510547892,High
R04636,Village Road,4.1,1,10.57,2,1268.2,38.18,22.3,16.73,3,2,0,0,0,1,0.2194384768824045,Safe
R04637,State Highway,5.83,0,5.3,2,59.3,11.15,185.59,17.31,2,3,1,1,0,1,0.5671534983817096,High
R04638,District Road,8.48,1,8.6,1,1683.2,31.2,90.34,26.27,4,1,0,1,0,1,0.38317534456207114,Moderate
R04639,Village Road,14.14,2,3.55,2,2058.4,24.61,39.03,20.66,3,3,0,1,0,0,0.4504103642711295,Moderate
R04640,Village Road,12.96,2,9.36,3,1485.4,13.09,155.85,13.96,3,2,1,0,0,1,0.4257275362664081,Moderate
R04641,Village Road,10.88,0,11.73,1,1787.5,12.86,109.96,10.1,5,0,0,0,0,1,0.09295453008539005,Safe
R04642,State Highway,15.48,0,10.75,0,271.3,3.3,39.54,16.5,2,0,0,0,0,1,0.0,Safe
R04643,Village Road,15.28,0,7.81,1,1802.5,24.13,74.0,28.89,2,3,0,1,0,1,0.2646677017819952,Moderate
R04644,Highway,12.55,1,10.1,3,1554.8,20.26,61.36,26.62,4,1,1,0,0,1,0.32978062852846907,Moderate
R04645,District Road,15.85,1,11.5,0,861.0,13.02,206.47,12.44,2,3,1,0,0,1,0.45602023382151163,Moderate
R04646,District Road,7.02,2,4.94,1,1729.1,43.67,114.14,21.1,3,3,1,1,0,0,0.6617690496574233,High
R04647,District Road,17.68,2,10.14,2,1631.7,36.83,14.35,13.62,2,3,0,0,0,1,0.16403738130487555,Safe
R04648,State Highway,12.49,0,5.43,0,1518.7,23.62,55.76,21.82,1,0,0,0,0,1,0.11801425718695385,Safe
R04649,Village Road,16.54,1,10.89,1,498.2,23.48,85.49,12.77,1,0,1,0,0,1,0.3721157591613449,Moderate
R04650,State Highway,11.15,0,3.89,1,775.7,8.71,41.22,26.99,2,2,0,0,0,1,0.02342631648528838,Safe
R04651,Highway,4.76,0,4.6,2,2478.9,29.21,63.05,24.6,4,1,0,0,0,1,0.11367114587465432,Safe
R04652,District Road,11.08,0,9.49,2,1111.1,42.91,68.97,16.48,1,2,0,0,0,1,0.20474108117061146,Safe
R04653,District Road,7.74,0,4.57,2,195.6,40.42,75.59,34.81,2,2,0,1,0,1,0.3706270178755511,Moderate
R04654,Village Road,14.1,1,4.42,0,2252.6,3.81,124.45,24.72,4,1,0,0,1,1,0.3024967597464751,Moderate
R04655,State Highway,9.78,1,8.0,0,473.7,2.39,59.44,16.72,2,4,0,0,0,1,0.040849151271815994,Safe
R04656,State Highway,16.8,0,10.51,2,1038.6,43.26,77.05,18.94,1,2,1,0,0,1,0.4110466886697558,Moderate
R04657,Village Road,13.72,3,5.42,1,731.1,9.0,124.88,32.9,1,1,0,1,0,0,0.40559862665717683,Moderate
R04658,District Road,13.85,1,10.57,0,2411.5,24.77,76.27,15.08,0,1,0,0,0,1,0.07036837600786394,Safe
R04659,State Highway,4.73,0,10.27,0,976.3,3.36,95.39,15.09,2,3,1,0,0,1,0.2998395760334702,Moderate
R04660,District Road,19.69,0,8.21,1,1786.4,37.95,165.24,24.26,0,1,1,1,0,1,0.7072337002186195,High
R04661,District Road,16.91,1,8.82,0,1516.0,5.3,108.19,18.3,2,2,0,0,0,1,0.15593834236674203,Safe
R04662,District Road,15.89,3,3.36,1,155.3,28.97,30.56,17.6,3,2,0,0,0,1,0.16983389032822882,Safe
R04663,District Road,6.94,1,6.3,2,991.6,2.55,36.05,20.26,0,3,1,0,0,1,0.3519280103035749,Moderate
R04664,Village Road,10.94,3,5.37,1,1005.6,7.05,31.82,30.78,4,3,0,0,0,1,0.15112495539294798,Safe
R04665,Village Road,3.17,1,4.35,3,2475.1,23.05,19.05,31.03,1,0,0,0,0,1,0.17604699041351282,Safe
R04666,District Road,11.0,1,6.51,0,2039.2,2.06,108.2,26.65,1,1,0,1,0,1,0.23627355949652556,Safe
R04667,Highway,3.34,1,6.19,1,2148.8,8.8,138.77,24.43,3,1,0,0,0,1,0.15210238367190226,Safe
R04668,Village Road,11.28,1,9.56,0,818.1,6.13,132.64,10.39,1,1,1,0,0,1,0.2830604575898047,Moderate
R04669,District Road,13.15,1,8.38,2,856.2,1.83,53.12,24.13,2,1,0,0,0,1,0.18489293091756503,Safe
R04670,District Road,8.11,2,11.22,3,1313.2,43.69,27.48,33.85,2,2,0,0,0,1,0.234550862204728,Safe
R04671,State Highway,10.22,0,4.31,1,1596.0,20.26,43.48,30.93,1,2,0,0,1,1,0.23937676497963117,Safe
R04672,Village Road,17.58,1,3.54,1,1834.3,38.65,3.58,13.61,1,4,0,1,0,1,0.39903769208765427,Moderate
R04673,District Road,2.62,1,7.81,0,2061.0,16.12,33.36,34.35,1,0,0,0,0,1,0.1070853396480481,Safe
R04674,Highway,15.94,1,3.01,2,2189.3,1.92,22.59,15.42,2,1,0,0,0,1,0.15314696160746297,Safe
R04675,District Road,3.83,0,10.09,2,110.3,31.3,17.84,13.1,3,2,0,0,0,1,0.18453948835055944,Safe
R04676,Village Road,1.22,1,7.55,2,2000.4,1.74,126.99,17.22,0,0,1,1,1,0,0.6209507703192132,High
R04677,Highway,4.12,1,7.39,0,1546.6,24.88,15.94,13.53,4,2,0,0,0,1,0.17611690713069678,Safe
R04678,Village Road,15.42,1,6.26,1,1353.6,6.26,41.6,15.62,2,0,0,0,0,1,0.08578315168885751,Safe
R04679,District Road,8.4,2,6.37,2,1589.7,30.19,70.54,17.72,1,2,0,1,0,0,0.3686692505580506,Moderate
R04680,District Road,17.51,2,6.88,2,2210.7,40.17,60.74,24.77,2,1,0,1,0,0,0.39681766638891525,Moderate
R04681,State Highway,10.73,0,3.14,1,1386.0,43.01,21.72,25.34,0,0,0,1,0,1,0.3130969652925993,Moderate
R04682,State Highway,0.93,3,3.75,1,447.4,23.75,55.49,23.36,3,0,0,1,0,0,0.3518790434326111,Moderate
R04683,Village Road,14.48,2,7.55,3,1120.1,23.97,53.89,17.45,0,0,0,0,0,1,0.1573396855558607,Safe
R04684,State Highway,2.65,0,4.35,0,2314.9,1.72,41.41,33.84,0,3,0,0,0,1,0.021344400546381755,Safe
R04685,Village Road,15.89,0,10.01,1,2045.5,34.64,103.15,17.42,2,1,1,0,0,1,0.39455386006113674,Moderate
R04686,State Highway,3.78,0,5.47,1,547.5,43.03,69.95,20.03,4,3,0,1,1,1,0.44407769084478116,Moderate
R04687,Highway,7.24,1,3.88,0,1799.7,19.72,137.77,20.56,3,1,0,0,0,1,0.2113807252109166,Safe
R04688,Highway,15.34,2,5.12,1,677.8,35.72,92.64,10.56,2,4,0,0,0,1,0.20069503755692775,Safe
R04689,District Road,19.11,2,6.21,2,903.9,35.89,32.58,20.72,1,0,0,0,0,1,0.203998080593871,Safe
R04690,Village Road,7.74,2,3.32,1,1198.8,35.36,103.8,18.46,0,1,0,0,0,1,0.3136670866658048,Moderate
R04691,State Highway,16.67,0,4.28,1,1130.1,34.14,132.61,11.77,2,0,1,1,0,1,0.6054749905251627,High
R04692,State Highway,4.22,1,5.91,2,121.7,9.68,18.76,30.28,1,0,0,0,0,1,0.12655293236361206,Safe
R04693,State Highway,16.24,0,5.79,3,1946.3,33.81,86.9,27.79,2,0,1,0,0,1,0.2978602297492568,Moderate
R04694,District Road,13.32,0,10.2,2,2123.6,6.5,39.44,17.09,1,5,0,0,0,1,0.15001014577171667,Safe
R04695,District Road,4.26,1,10.59,2,1350.8,32.06,206.2,16.52,1,1,0,0,0,1,0.3307725262961578,Moderate
R04696,Village Road,6.4,0,4.74,3,473.7,0.16,69.09,32.62,2,0,1,1,0,1,0.5548099613625694,High
R04697,District Road,3.07,1,4.12,2,657.4,41.35,164.21,14.73,0,2,1,1,1,0,0.7616222320690988,Critical
R04698,District Road,7.97,1,8.71,3,359.5,37.23,183.94,31.84,2,1,1,0,0,1,0.4383983967806834,Moderate
R04699,Highway,4.47,2,10.24,2,465.3,30.73,125.89,11.95,2,2,1,0,0,1,0.49869111565291335,Moderate
R04700,Village Road,13.06,0,11.67,2,2197.2,4.25,48.42,30.99,2,1,0,0,0,1,0.05671852362630705,Safe
R04701,State Highway,19.89,2,3.06,2,1226.4,37.12,47.41,23.54,2,2,0,0,0,1,0.21903995075727406,Safe
R04702,Highway,0.73,3,6.72,3,322.0,39.38,69.76,29.4,3,3,0,0,0,1,0.25720235843552897,Moderate
R04703,District Road,11.05,2,9.61,2,674.1,30.96,111.13,12.32,1,0,0,0,1,1,0.3624414654242799,Moderate
R04704,District Road,11.69,2,10.46,2,2376.3,43.91,103.02,20.5,4,2,1,0,0,1,0.4283183013907572,Moderate
R04705,District Road,18.33,1,3.56,0,1297.7,4.18,178.05,21.26,2,1,1,1,0,1,0.5743433121405684,High
R04706,District Road,10.37,1,9.13,3,1313.3,31.89,59.79,22.88,3,0,1,0,0,1,0.4271091294912118,Moderate
R04707,Village Road,11.1,2,5.6,1,1337.8,23.62,66.96,25.7,3,4,0,0,0,1,0.2122275336588404,Safe
R04708,State Highway,9.7,2,3.67,0,323.5,6.55,48.28,19.73,2,0,0,0,0,1,0.07733296752122854,Safe
R04709,Village Road,5.74,1,7.4,2,2427.3,29.63,45.01,21.19,3,4,1,0,0,1,0.36616347883790534,Moderate
R04710,District Road,1.59,2,4.42,1,257.0,35.98,66.99,19.26,4,2,1,0,1,0,0.5743214427062673,High
R04711,District Road,8.47,1,9.63,0,1765.1,7.41,86.84,27.47,3,2,1,0,1,1,0.38557379489864313,Moderate
R04712,District Road,1.53,0,9.67,0,191.5,35.71,101.01,32.71,4,5,1,0,0,1,0.4453679149930108,Moderate
R04713,State Highway,11.23,1,10.58,0,1136.8,4.18,163.66,12.86,1,1,1,1,0,1,0.5415217498038936,High
R04714,Village Road,6.49,0,6.4,0,2254.2,26.61,184.38,17.19,1,3,0,0,0,1,0.22610735675771237,Safe
R04715,District Road,10.91,1,3.12,1,1932.7,35.93,165.8,15.49,2,1,0,1,0,1,0.4309204408461013,Moderate
R04716,State Highway,3.12,0,5.34,2,870.0,6.57,226.29,33.48,2,2,1,0,0,1,0.38713416783906385,Moderate
R04717,District Road,18.69,1,7.21,1,1400.8,25.72,69.62,24.86,2,3,0,0,1,1,0.2495582502553752,Safe
R04718,Village Road,17.94,2,9.25,1,454.9,19.12,35.8,13.57,3,2,1,0,0,1,0.4334303296500881,Moderate
R04719,District Road,4.2,1,6.44,2,2392.5,27.33,116.43,19.95,4,3,0,0,0,1,0.2950509202869472,Moderate
R04720,Village Road,7.2,0,7.82,1,1786.3,19.09,66.95,21.84,3,1,0,0,0,1,0.13656866796700068,Safe
R04721,State Highway,12.46,1,7.72,2,967.0,11.29,122.56,25.57,2,0,1,0,1,1,0.45731705835313874,Moderate
R04722,Highway,2.37,0,4.48,1,828.9,11.42,34.05,15.38,1,0,0,0,0,1,0.0260720911893847,Safe
R04723,State Highway,7.41,1,8.61,1,634.7,38.91,36.1,22.55,0,0,0,0,0,1,0.20706109536121275,Safe
R04724,District Road,5.4,1,6.95,0,1977.0,7.04,143.11,30.04,0,1,1,0,0,1,0.3537207919088427,Moderate
R04725,State Highway,18.35,3,10.27,3,1114.8,5.54,178.45,26.5,2,2,0,0,0,1,0.3094534715642666,Moderate
R04726,Highway,17.12,0,9.22,0,859.0,4.37,51.85,12.61,7,3,0,0,0,1,0.14795100604159195,Safe
R04727,Village Road,11.81,1,4.0,1,2267.8,3.34,109.6,32.81,0,1,0,1,1,1,0.4849862466752474,Moderate
R04728,Village Road,10.65,2,7.4,0,418.0,0.65,42.06,18.46,2,1,0,0,0,1,0.15818639652078606,Safe
R04729,District Road,18.65,3,9.32,1,696.4,7.22,159.68,20.61,1,4,1,0,0,0,0.4497512865062228,Moderate
R04730,State Highway,18.68,0,3.78,1,894.7,8.67,97.59,27.31,0,1,0,0,0,1,0.052424040886271235,Safe
R04731,Highway,19.4,1,10.13,1,686.6,12.14,98.34,21.53,4,1,1,0,0,1,0.3044796906930317,Moderate
R04732,Highway,2.94,0,5.0,0,1484.2,5.58,104.64,24.7,5,1,0,0,0,1,0.10560546131195776,Safe
R04733,District Road,3.63,1,7.53,0,1522.5,4.24,131.24,21.94,2,1,0,0,0,1,0.1707901573314765,Safe
R04734,Village Road,13.7,0,11.47,2,184.1,24.37,31.02,17.7,4,1,0,0,0,1,0.08332221095504605,Safe
R04735,District Road,11.06,2,8.14,0,404.1,32.34,48.05,21.02,1,1,1,0,0,1,0.3938408563131192,Moderate
R04736,Highway,0.86,0,6.82,2,536.4,28.36,36.29,17.79,0,4,0,0,0,1,0.15071339525019378,Safe
R04737,District Road,1.71,1,3.06,1,222.3,25.05,23.05,21.22,3,1,0,0,0,1,0.18218919146214022,Safe
R04738,State Highway,17.82,1,4.2,0,355.7,19.83,152.19,15.06,5,2,0,0,0,1,0.20537588686215752,Safe
R04739,State Highway,17.44,3,8.21,0,637.1,28.53,10.33,11.52,1,1,0,0,0,1,0.19818609029074347,Safe
R04740,District Road,7.47,1,7.44,2,896.8,40.58,156.7,27.47,1,1,0,0,1,1,0.32878020150672277,Moderate
R04741,District Road,17.88,0,6.27,1,1988.7,28.23,82.16,13.15,2,1,0,0,0,1,0.17122178892526121,Safe
R04742,Highway,12.08,0,11.31,0,583.9,2.74,37.85,30.56,4,1,0,0,0,1,0.043886925524552554,Safe
R04743,Highway,16.22,0,5.99,2,1691.6,25.67,39.25,19.1,2,1,0,0,0,1,0.13793457977424753,Safe
R04744,Village Road,8.83,2,7.83,2,191.8,23.59,119.03,16.22,2,1,0,0,0,1,0.26546241204462856,Moderate
R04745,State Highway,2.71,1,8.12,1,1662.7,20.34,58.91,20.24,1,1,0,0,0,1,0.07954660520221962,Safe
R04746,Highway,8.96,1,7.75,1,1997.1,25.6,42.99,13.74,0,3,0,0,0,1,0.13177948081580815,Safe
R04747,State Highway,9.42,0,7.3,0,1531.8,30.27,119.73,31.23,2,1,0,0,0,1,0.1291240959131647,Safe
R04748,Highway,11.24,2,6.03,0,543.4,1.68,18.19,14.17,1,2,0,0,0,1,0.11965790974308159,Safe
R04749,State Highway,2.56,1,11.18,1,859.5,21.61,84.49,22.35,0,1,0,0,0,1,0.09120083834227682,Safe
R04750,Village Road,19.83,3,7.06,2,2022.7,36.78,84.06,14.05,1,2,0,0,0,1,0.29049900554532415,Moderate
R04751,State Highway,5.26,1,7.76,1,1108.3,23.88,122.32,11.14,2,4,0,1,0,1,0.4085346657471656,Moderate
R04752,District Road,4.37,0,8.91,1,675.3,3.05,185.48,29.94,3,0,1,0,0,1,0.4073466045459199,Moderate
R04753,District Road,10.77,1,3.61,1,2335.1,34.88,82.4,23.94,0,2,1,0,0,1,0.40594827433348846,Moderate
R04754,District Road,10.98,0,10.03,1,1611.5,42.36,52.61,11.95,2,2,0,0,0,1,0.16157297708908824,Safe
R04755,Village Road,9.08,2,7.61,1,2024.0,38.33,54.08,32.32,2,2,0,1,0,0,0.3833509922717399,Moderate
R04756,Village Road,15.55,2,8.91,1,110.0,16.32,118.66,19.81,5,2,0,0,1,1,0.29390631126038474,Moderate
R04757,Highway,10.57,0,9.95,0,881.4,24.07,91.61,20.65,2,3,0,0,0,1,0.12144001720059054,Safe
R04758,Village Road,12.39,0,10.87,2,1174.3,26.61,82.2,22.37,1,3,1,0,0,1,0.39423193006926366,Moderate
R04759,District Road,14.61,0,6.53,0,1489.2,32.21,150.36,15.62,4,0,1,0,0,1,0.33618955872461803,Moderate
R04760,Village Road,0.99,3,10.3,1,515.4,29.97,39.6,23.77,2,0,0,1,0,0,0.3910902447425877,Moderate
R04761,District Road,11.63,0,5.33,1,1270.0,8.96,54.72,16.25,0,0,0,0,0,1,0.18082719754869242,Safe
R04762,Village Road,17.74,0,8.94,2,1729.8,37.94,99.39,30.9,3,1,1,0,0,1,0.42360363757943087,Moderate
R04763,Village Road,0.84,0,3.92,2,897.4,38.21,87.9,30.65,2,1,1,0,0,1,0.3610460687487738,Moderate
R04764,State Highway,8.4,1,3.18,0,1744.0,18.2,67.68,21.93,5,3,0,0,0,1,0.16789253509276797,Safe
R04765,District Road,18.56,2,3.86,2,1004.7,5.89,64.92,23.3,3,2,0,0,0,1,0.2416902980024147,Safe
R04766,Village Road,7.39,2,5.87,0,1200.2,27.39,139.22,34.82,4,2,0,0,0,1,0.29084427784114053,Moderate
R04767,Village Road,9.45,0,3.28,0,379.0,16.08,291.13,29.88,4,3,1,1,0,1,0.6270534171132627,High
R04768,Highway,19.64,1,8.67,3,1645.6,33.36,12.65,11.57,4,1,0,1,0,1,0.36524846719909515,Moderate
R04769,District Road,4.39,1,5.85,0,599.5,14.2,34.26,14.32,3,2,0,0,0,1,0.12163736160028595,Safe
R04770,State Highway,1.77,3,9.63,0,2080.7,11.83,37.37,24.9,2,2,0,0,0,1,0.20378491158919032,Safe
R04771,Highway,17.26,0,3.41,0,1405.9,39.05,4.71,19.29,3,0,0,1,0,1,0.27120305309615284,Moderate
R04772,District Road,17.44,0,4.95,1,1422.6,27.71,103.45,30.1,0,0,0,0,0,1,0.1591969937773182,Safe
R04773,State Highway,9.71,1,6.67,3,2285.6,3.87,90.0,26.03,0,0,0,0,0,1,0.12282095898361753,Safe
R04774,Village Road,10.53,0,6.44,0,460.1,31.02,132.76,34.77,0,2,1,0,0,1,0.3743390327661194,Moderate
R04775,State Highway,16.8,0,4.18,1,1349.1,33.87,264.4,10.32,1,0,1,0,1,1,0.5622287257155353,High
R04776,Village Road,14.9,1,11.95,1,986.4,10.58,92.74,20.96,2,1,1,1,0,1,0.5351433091497237,High
R04777,Highway,5.67,2,5.56,1,2417.5,43.54,100.76,20.19,4,0,0,0,0,1,0.3001172639434987,Moderate
R04778,State Highway,0.83,1,9.49,1,1992.1,16.78,99.83,20.86,1,0,0,0,0,1,0.20774918670791986,Safe
R04779,State Highway,9.85,1,4.98,1,1905.9,42.33,118.98,32.13,1,3,0,0,0,1,0.2573089718577381,Moderate
R04780,State Highway,17.25,1,10.9,1,550.1,13.21,22.41,20.15,1,1,0,0,0,1,0.02611575652207243,Safe
R04781,Highway,17.97,1,6.49,2,631.4,27.41,106.59,29.91,1,1,0,0,0,1,0.19145628412031873,Safe
R04782,State Highway,19.15,1,11.11,0,121.5,23.29,185.31,25.82,2,3,0,0,0,1,0.1405239280658922,Safe
R04783,District Road,17.65,1,6.08,0,1614.4,44.65,222.99,22.19,4,2,1,1,0,1,0.6895657580537595,High
R04784,State Highway,11.81,0,3.08,3,958.5,18.38,37.9,27.32,1,1,1,0,0,1,0.22090023457460012,Safe
R04785,District Road,9.17,0,7.65,2,814.5,8.07,436.01,15.73,2,2,1,0,0,1,0.40978578769190876,Moderate
R04786,State Highway,15.61,1,7.72,2,1610.7,37.49,89.11,13.56,6,1,0,0,0,1,0.22109756249154766,Safe
R04787,Village Road,14.93,1,4.08,1,2080.3,1.89,23.82,34.18,3,1,0,0,0,1,0.08216624945400704,Safe
R04788,Village Road,10.99,2,5.11,1,375.9,39.82,25.06,19.79,1,1,0,0,0,1,0.2196776572818393,Safe
R04789,District Road,2.2,1,10.05,1,2300.7,4.98,218.59,17.59,2,2,1,0,0,1,0.39765146837804194,Moderate
R04790,State Highway,18.56,0,3.33,0,134.0,25.74,33.47,16.63,4,4,0,0,0,1,0.15127101747380844,Safe
R04791,Highway,9.38,0,7.41,2,283.0,32.1,26.1,25.56,1,2,0,0,0,1,0.10087695706175939,Safe
R04792,Village Road,7.59,0,7.77,1,2103.4,15.13,27.07,34.91,2,2,0,0,0,1,0.11814583708907214,Safe
R04793,Highway,12.78,2,9.2,3,1257.1,38.01,73.09,32.37,1,0,0,1,0,0,0.47234135794345666,Moderate
R04794,State Highway,13.64,1,3.34,1,2351.2,26.72,244.35,20.01,3,0,1,1,0,1,0.654563380081116,High
R04795,State Highway,4.61,2,8.27,0,1181.0,17.78,11.23,32.38,0,4,0,1,1,0,0.43289821114921095,Moderate
R04796,State Highway,16.82,1,3.03,1,2319.0,14.64,99.69,21.43,5,1,1,0,0,1,0.4165737634739016,Moderate
R04797,State Highway,6.15,2,5.39,0,637.1,5.04,82.77,12.73,1,3,0,0,0,1,0.18099394373885105,Safe
R04798,Village Road,4.14,3,7.5,2,1560.3,28.82,137.56,14.7,2,3,0,1,0,0,0.5351730436601202,High
R04799,Highway,8.42,1,11.2,1,2486.4,16.38,77.96,16.07,4,3,0,0,1,1,0.2363785911117447,Safe
R04800,District Road,14.75,2,4.14,1,971.4,14.43,172.5,32.94,2,2,1,0,0,1,0.41735621926499644,Moderate
R04801,Highway,19.33,1,4.52,3,53.6,42.75,191.02,34.47,2,1,0,1,0,1,0.4908314684494605,Moderate
R04802,Highway,16.28,3,9.02,3,206.9,12.28,132.54,15.68,2,0,1,0,0,0,0.4445645206987089,Moderate
R04803,Village Road,18.84,2,6.37,3,2154.7,39.45,167.82,20.08,2,2,0,1,0,0,0.5187716354419593,High
R04804,State Highway,3.24,3,8.61,0,1255.1,43.87,161.57,34.54,0,2,0,1,0,0,0.4535917778397084,Moderate
R04805,Village Road,1.89,1,11.98,2,1365.0,37.02,30.28,31.18,2,1,0,1,0,1,0.29334090379876965,Moderate
R04806,District Road,11.38,2,11.88,3,2008.6,0.88,91.09,21.07,1,2,0,1,0,0,0.38492307828610683,Moderate
R04807,Highway,6.16,1,6.18,1,2038.4,39.09,24.44,21.32,2,1,0,1,0,1,0.41850961732526576,Moderate
R04808,Village Road,16.65,0,7.54,0,1219.7,9.6,110.15,31.97,1,0,0,0,0,1,0.10463469110838415,Safe
R04809,State Highway,13.6,1,11.14,2,2152.2,15.9,64.58,10.73,1,1,0,0,1,1,0.27297362643079276,Moderate
R04810,Village Road,19.43,2,3.83,2,1197.6,44.62,67.9,33.27,2,0,0,0,0,1,0.25670176003278866,Moderate
R04811,State Highway,5.47,0,7.07,2,1703.8,18.22,139.83,12.23,4,1,0,0,0,1,0.1965898191685263,Safe
R04812,Village Road,9.97,1,6.4,0,131.7,29.47,121.35,32.54,4,5,1,0,0,1,0.38942961630461265,Moderate
R04813,Highway,10.27,1,5.65,0,388.1,13.98,114.22,11.6,1,2,1,1,1,0,0.6172828516346448,High
R04814,District Road,5.16,1,11.95,1,2136.0,16.62,43.32,34.23,3,5,0,0,0,1,0.17426968786565217,Safe
R04815,Village Road,12.01,2,9.6,1,817.1,26.89,86.83,10.21,4,1,0,0,0,1,0.21875677561400983,Safe
R04816,Village Road,9.14,2,6.5,2,870.1,42.67,36.65,34.12,2,3,0,0,0,1,0.23088504771802343,Safe
R04817,Village Road,9.21,1,10.46,0,1674.3,12.71,58.41,11.55,3,2,0,1,0,1,0.3660573608481592,Moderate
R04818,Village Road,7.57,0,7.41,0,1501.7,11.13,64.68,13.13,0,1,0,0,0,1,0.06326261778917455,Safe
R04819,Village Road,0.83,1,10.86,1,251.4,1.18,62.62,34.07,4,2,0,0,0,1,0.11836400642744282,Safe
R04820,State Highway,10.68,1,5.4,0,1926.1,9.09,140.85,29.79,1,2,0,0,0,1,0.1080353401058128,Safe
R04821,State Highway,7.04,1,5.01,1,1562.2,11.81,170.58,31.0,1,1,0,0,0,1,0.20364603767503736,Safe
R04822,State Highway,0.53,0,5.23,1,2145.6,2.83,56.37,20.79,0,0,0,0,0,1,0.07827344867019707,Safe
R04823,State Highway,6.5,1,7.85,2,1362.0,25.36,85.22,12.0,2,2,0,0,0,1,0.1969227946130754,Safe
R04824,State Highway,5.93,0,5.62,2,1065.1,5.7,73.49,13.72,2,4,0,1,0,1,0.32794260295314187,Moderate
R04825,District Road,8.17,1,4.32,0,959.8,23.0,24.52,33.09,1,3,0,1,0,1,0.2635802485747756,Moderate
R04826,State Highway,3.07,0,11.95,3,60.8,8.5,82.85,19.61,3,2,0,0,0,1,0.13473425878567455,Safe
R04827,District Road,10.4,1,11.1,2,147.5,42.11,51.64,28.89,2,0,1,0,0,1,0.36972047954061926,Moderate
R04828,State Highway,14.0,0,8.72,1,371.5,13.82,95.12,27.25,0,0,0,0,1,1,0.2649522662652609,Moderate
R04829,State Highway,12.79,3,11.02,3,2327.4,4.18,117.76,21.84,3,1,1,0,0,0,0.405458689014841,Moderate
R04830,District Road,16.17,1,11.42,0,2207.6,37.63,27.85,31.51,1,2,0,0,0,1,0.12590881628708228,Safe
R04831,Village Road,9.31,0,9.08,1,1268.1,18.09,60.53,26.36,0,0,0,0,0,1,0.09289838886678646,Safe
R04832,District Road,10.62,1,7.67,0,491.5,36.91,201.24,28.5,4,1,0,0,0,1,0.28449883225191563,Moderate
R04833,District Road,16.3,2,10.94,1,408.0,14.06,78.04,30.92,1,1,0,0,0,1,0.1317309364862123,Safe
R04834,State Highway,8.84,2,8.11,1,677.5,22.5,98.64,15.57,2,0,0,0,0,1,0.22461634191822732,Safe
R04835,District Road,14.18,2,4.14,1,2276.4,20.04,22.42,17.33,1,0,0,1,0,0,0.3461964442048912,Moderate
R04836,Highway,8.97,0,6.3,0,1327.6,25.11,169.57,28.89,2,2,0,1,0,1,0.31292573560179693,Moderate
R04837,State Highway,8.65,1,7.01,0,2019.9,18.07,64.71,30.73,2,0,0,1,0,1,0.29632030712007673,Moderate
R04838,District Road,15.32,2,11.42,1,1291.5,22.36,40.93,24.94,3,0,0,0,0,1,0.14897379597278856,Safe
R04839,Highway,3.91,1,8.93,0,1543.1,30.57,25.56,34.83,1,2,1,0,0,1,0.3227351171875936,Moderate
R04840,State Highway,7.1,2,10.88,2,1544.8,18.66,157.42,31.95,2,1,1,1,0,0,0.6231288154159061,High
R04841,Village Road,4.87,0,9.82,2,126.8,30.8,113.36,30.01,1,4,1,0,0,1,0.45105901283685085,Moderate
R04842,Village Road,7.5,0,5.79,1,1140.9,32.14,205.76,16.13,3,2,1,1,0,1,0.6114418142292098,High
R04843,State Highway,4.99,2,9.47,0,2166.9,33.7,30.4,18.33,0,2,0,0,0,1,0.23147191333226164,Safe
R04844,Highway,11.8,1,4.76,0,1248.3,21.19,43.23,19.02,1,5,0,0,0,1,0.1681423913561728,Safe
R04845,State Highway,16.06,0,6.67,2,1116.6,0.17,115.33,12.32,3,1,0,0,0,1,0.11754441609686864,Safe
R04846,State Highway,15.84,1,10.25,3,1340.0,33.91,117.19,28.29,2,1,0,0,0,1,0.2105916918149956,Safe
R04847,Village Road,7.61,2,8.51,1,982.9,40.91,61.68,20.3,4,3,1,0,0,1,0.4452683689363922,Moderate
R04848,Highway,19.78,0,10.43,2,1312.7,29.37,36.52,25.53,1,4,0,0,1,1,0.2600800171111573,Moderate
R04849,Village Road,12.08,0,5.29,2,381.6,23.6,131.45,27.74,3,2,0,0,0,1,0.20757992831269012,Safe
R04850,Highway,8.29,0,9.75,0,2421.5,25.18,118.6,10.21,4,2,0,1,0,1,0.328265947863471,Moderate
R04851,Village Road,16.79,3,4.82,3,133.6,28.84,83.77,11.2,3,3,1,1,0,0,0.6931984930590807,High
R04852,State Highway,14.73,3,7.91,1,1233.9,44.93,43.93,18.38,1,1,0,1,0,0,0.5466328685780582,High
R04853,Village Road,15.11,1,6.9,3,564.5,2.79,48.71,26.39,1,1,0,0,1,1,0.24634037138527204,Safe
R04854,State Highway,4.32,1,8.01,1,193.0,0.95,22.04,21.96,3,2,1,0,0,1,0.28022091929176157,Moderate
R04855,District Road,9.63,0,4.22,0,1646.7,43.39,56.17,33.47,1,3,0,0,0,1,0.14382282861626544,Safe
R04856,State Highway,17.31,0,6.25,3,2463.7,19.82,91.89,16.42,2,2,0,0,0,1,0.12165968952447447,Safe
R04857,Highway,10.33,2,9.0,0,1886.5,27.56,206.99,12.6,2,1,0,1,0,0,0.45851107570284544,Moderate
R04858,Village Road,13.83,0,8.03,2,672.4,33.9,113.46,12.86,0,0,0,1,0,1,0.4211506832283915,Moderate
R04859,Village Road,11.96,1,7.94,0,1258.8,33.39,91.15,15.63,3,2,0,0,0,1,0.1143166830311178,Safe
R04860,Village Road,16.93,1,7.6,2,172.0,29.12,73.75,15.91,1,1,0,0,0,1,0.18210489286489753,Safe
R04861,District Road,6.05,0,11.49,1,1352.6,21.24,15.98,19.47,4,1,0,0,0,1,0.0,Safe
R04862,Village Road,11.72,1,11.41,3,293.7,25.92,104.86,24.1,1,1,0,1,0,1,0.4506252347431116,Moderate
R04863,Highway,2.9,1,6.24,0,1996.8,32.83,112.83,16.23,3,2,0,1,0,1,0.4262357889406507,Moderate
R04864,State Highway,13.96,2,6.17,1,188.9,38.29,22.67,22.88,1,0,0,0,0,1,0.2014788410865181,Safe
R04865,State Highway,14.77,0,7.99,1,72.9,5.73,138.18,21.95,1,1,1,1,0,1,0.5654173669862498,High
R04866,District Road,1.34,0,3.86,3,2160.8,12.51,133.42,17.73,0,1,0,0,0,1,0.1376863640694097,Safe
R04867,State Highway,13.68,1,5.73,1,2359.2,17.89,114.46,20.85,1,3,0,1,1,1,0.45364104778585335,Moderate
R04868,Highway,8.59,3,5.08,1,262.1,29.95,35.3,19.58,3,3,0,0,0,1,0.23943605880554633,Safe
R04869,District Road,2.92,0,5.01,1,733.3,17.81,57.27,33.75,3,2,1,0,0,1,0.34966071680210087,Moderate
R04870,Village Road,8.69,3,8.75,0,1867.2,10.75,63.64,11.72,0,1,1,1,0,0,0.514188623459067,High
R04871,State Highway,4.29,2,6.46,2,1372.2,1.49,137.03,29.17,2,2,0,1,0,0,0.38316445358794604,Moderate
R04872,Highway,8.6,2,4.54,0,2375.6,37.91,12.41,17.74,4,3,0,1,0,0,0.3847996125165551,Moderate
R04873,State Highway,7.99,0,10.99,2,1003.5,18.85,91.43,14.63,3,1,1,0,0,1,0.2900264188038519,Moderate
R04874,State Highway,14.9,0,10.87,1,58.1,14.82,36.73,31.77,1,2,0,0,0,1,0.04008009310686448,Safe
R04875,State Highway,15.6,0,10.76,0,98.4,23.89,191.66,21.74,3,6,1,1,0,1,0.5342481468028705,High
R04876,District Road,12.34,1,6.52,1,1433.9,5.53,239.35,22.75,1,2,1,1,1,0,0.7315041820253655,High
R04877,District Road,0.94,3,3.51,2,1892.7,17.88,37.47,20.4,3,0,0,0,0,1,0.216771776286904,Safe
R04878,District Road,18.65,0,3.96,1,1987.0,33.83,44.11,20.11,1,1,0,0,0,1,0.14720739128915777,Safe
R04879,State Highway,13.88,1,5.48,0,2283.2,33.13,92.82,27.32,2,2,0,0,0,1,0.19211355486191392,Safe
R04880,Village Road,1.17,0,4.98,0,611.2,34.74,209.7,28.99,1,0,1,1,0,1,0.635391342318204,High
R04881,State Highway,16.47,2,10.87,2,1859.1,21.03,67.77,29.73,1,1,0,1,0,0,0.3747538980130726,Moderate
R04882,District Road,4.41,0,11.88,1,2076.4,16.6,143.61,23.13,2,2,1,0,0,1,0.3562652753077915,Moderate
R04883,Village Road,11.79,0,10.35,3,2098.9,37.41,38.72,27.55,1,1,1,0,0,1,0.35433308322459134,Moderate
R04884,State Highway,9.6,0,9.57,1,1058.3,7.8,192.18,29.44,3,1,0,0,0,1,0.15510389012257622,Safe
R04885,Highway,8.69,2,8.3,1,1583.7,32.63,109.89,27.08,3,2,0,0,0,1,0.3101642678962035,Moderate
R04886,Village Road,17.85,0,9.93,1,1401.3,39.96,52.12,14.84,1,1,0,0,0,1,0.16309566476591106,Safe
R04887,State Highway,9.03,0,11.52,1,1513.8,12.88,41.43,27.79,1,0,1,0,0,1,0.272757834047598,Moderate
R04888,District Road,1.97,0,8.41,3,741.0,8.9,57.86,26.2,3,0,0,0,0,1,0.06460038343993707,Safe
R04889,Highway,18.96,3,4.39,1,1723.9,23.06,164.38,12.41,1,0,1,0,0,0,0.4382035006650126,Moderate
R04890,District Road,18.45,1,4.47,0,1789.5,9.74,95.31,26.16,0,2,0,1,0,1,0.27734428081327517,Moderate
R04891,State Highway,13.85,2,8.25,1,530.1,39.18,41.77,31.88,1,0,0,0,0,1,0.1861210824980833,Safe
R04892,Highway,9.62,1,6.0,1,1136.9,11.0,59.81,20.33,4,1,0,0,0,1,0.17104499251854977,Safe
R04893,District Road,2.31,0,11.19,2,1084.2,14.13,97.09,13.34,2,1,0,1,0,1,0.3013061686457925,Moderate
R04894,State Highway,15.92,1,8.5,3,1884.9,39.98,19.05,25.27,4,2,0,0,0,1,0.19155930183251443,Safe
R04895,State Highway,1.97,0,9.09,1,1682.9,9.25,91.74,15.97,3,3,1,0,0,1,0.3686835743267916,Moderate
R04896,Highway,1.84,1,3.05,1,1216.7,39.82,49.17,23.63,2,0,1,0,0,1,0.41159086361685504,Moderate
R04897,Highway,10.98,1,7.49,1,1648.7,9.44,27.38,26.73,2,0,0,0,0,1,0.10222771769651147,Safe
R04898,State Highway,3.62,1,6.88,3,694.0,41.03,202.69,22.76,2,2,0,0,0,1,0.3329917472971434,Moderate
R04899,Highway,0.65,0,9.35,3,619.3,14.29,92.41,17.71,2,0,0,0,0,1,0.09515539890901051,Safe
R04900,Village Road,8.75,0,6.44,3,637.8,11.08,60.3,31.43,0,1,1,0,0,1,0.3015681434670844,Moderate
R04901,Highway,3.18,2,11.79,0,122.3,21.47,47.39,13.4,4,2,0,0,0,1,0.1284030250641182,Safe
R04902,District Road,3.63,2,9.03,1,1743.1,16.62,66.49,11.07,1,1,0,0,0,1,0.15706411340517823,Safe
R04903,Highway,2.0,0,8.94,0,2465.3,9.08,65.94,30.72,3,2,0,0,0,1,0.06719736708851823,Safe
R04904,State Highway,4.5,0,11.27,1,807.1,15.23,128.75,10.85,0,0,0,0,0,1,0.11092938203791242,Safe
R04905,Village Road,14.45,2,11.96,0,2328.1,32.1,32.8,22.18,1,1,0,0,0,1,0.11905052752638956,Safe
R04906,State Highway,16.27,2,4.78,0,1536.0,37.44,59.87,23.45,1,5,0,1,0,0,0.35790313904369947,Moderate
R04907,Village Road,9.32,3,10.29,1,601.1,36.93,172.57,18.46,3,2,0,0,0,1,0.2969266848725375,Moderate
R04908,State Highway,10.38,0,4.46,1,79.1,34.06,60.9,16.9,1,1,0,0,0,1,0.08665737448091596,Safe
R04909,District Road,1.14,1,7.11,0,1823.1,0.24,118.04,28.51,4,2,0,0,0,1,0.20045142709699532,Safe
R04910,District Road,1.85,0,3.9,0,1756.6,19.2,95.54,19.16,3,1,1,1,0,1,0.41898066115687044,Moderate
R04911,Village Road,5.52,1,8.61,2,611.7,7.6,148.87,13.09,1,2,0,0,0,1,0.2792042601556263,Moderate
R04912,District Road,11.11,0,7.22,0,865.1,3.31,22.1,21.58,0,1,0,0,0,1,0.07554507899162863,Safe
R04913,District Road,14.92,0,8.66,2,2250.2,33.11,62.77,28.16,0,0,0,1,0,1,0.36256290088878684,Moderate
R04914,State Highway,12.3,0,9.1,1,435.2,35.71,138.82,17.7,1,0,1,0,0,1,0.4073512470519929,Moderate
R04915,State Highway,8.15,1,8.57,2,2096.8,36.66,108.8,13.3,2,1,1,1,0,1,0.6891615450971931,High
R04916,Village Road,2.81,1,5.65,0,464.6,40.06,123.55,18.53,2,0,0,0,0,1,0.22492273961312378,Safe
R04917,State Highway,15.73,1,10.53,0,1230.2,26.55,80.86,23.64,1,2,0,0,0,1,0.14729793890516324,Safe
R04918,State Highway,7.59,2,7.97,2,1272.5,44.92,21.66,12.54,2,2,1,0,0,1,0.42714513227558926,Moderate
R04919,Village Road,14.85,2,7.41,3,1206.6,21.77,46.54,15.86,3,1,0,0,1,1,0.33720666784590253,Moderate
R04920,State Highway,10.5,1,11.88,0,755.4,39.76,133.22,34.27,1,2,0,0,0,1,0.3149134923347139,Moderate
R04921,Village Road,14.9,3,5.55,0,670.7,5.08,54.09,15.1,5,0,0,0,0,1,0.19598864184674206,Safe
R04922,District Road,18.19,1,7.75,3,1846.2,6.7,163.44,11.59,1,1,1,1,0,1,0.590492982579178,High
R04923,District Road,18.46,0,9.14,0,725.4,26.57,99.02,20.8,3,4,1,0,0,1,0.30185332934646264,Moderate
R04924,Village Road,10.93,3,4.13,0,1544.3,5.59,172.79,11.85,3,6,1,0,0,0,0.4851674353247226,Moderate
R04925,Highway,10.47,0,6.19,3,2124.3,3.39,80.23,10.34,1,3,1,0,0,1,0.2956408357027909,Moderate
R04926,State Highway,5.68,1,10.22,2,2100.7,8.82,16.4,10.39,3,0,0,0,0,1,0.12750837098682888,Safe
R04927,District Road,18.75,0,5.13,1,459.5,35.44,113.88,17.41,0,5,0,0,0,1,0.1600853958769789,Safe
R04928,State Highway,9.43,1,7.44,3,1654.1,41.74,87.46,11.84,5,1,0,1,0,1,0.49145811184139193,Moderate
R04929,District Road,2.99,1,8.68,1,1525.6,15.01,12.78,14.82,1,3,1,1,0,1,0.5111935843607537,High
R04930,Village Road,8.94,0,9.04,0,740.9,43.86,131.85,26.21,0,1,0,0,0,1,0.18674192768310038,Safe
R04931,District Road,2.98,1,9.55,2,1009.1,36.43,86.23,17.21,1,1,0,0,0,1,0.16879498815271318,Safe
R04932,State Highway,10.3,2,10.79,1,748.5,10.17,112.52,24.39,0,2,1,1,0,0,0.6687204856954359,High
R04933,Village Road,11.44,0,6.54,1,1365.8,26.38,120.55,20.28,3,2,0,0,0,1,0.13772534350964113,Safe
R04934,District Road,7.09,1,9.36,3,2018.9,44.18,231.84,32.12,3,2,1,1,0,1,0.7621240591105726,Critical
R04935,District Road,1.9,0,9.59,0,2199.9,38.2,31.95,27.41,2,2,0,0,0,1,0.11849253285912952,Safe
R04936,State Highway,18.9,2,5.7,2,1820.9,16.35,33.42,31.31,2,1,0,0,0,1,0.15960064928526096,Safe
R04937,Village Road,15.58,2,11.71,1,1234.5,13.78,152.97,22.97,0,1,0,0,1,1,0.33653801359946744,Moderate
R04938,District Road,16.86,2,10.79,0,2397.3,36.87,34.09,29.53,3,1,0,0,0,1,0.1705547748741811,Safe
R04939,Village Road,7.65,0,5.61,2,1431.5,24.71,8.63,25.39,1,1,0,0,0,1,0.15215186158894756,Safe
R04940,Village Road,15.34,0,9.08,2,1222.4,7.35,101.9,28.6,1,2,1,1,0,1,0.5354015849023074,High
R04941,State Highway,9.96,0,9.46,2,2149.1,14.75,98.2,27.12,1,1,0,0,0,1,0.09255824043602469,Safe
R04942,District Road,4.42,0,6.88,2,502.3,29.78,81.49,17.51,3,2,0,0,1,1,0.2491776905187769,Safe
R04943,Village Road,2.93,1,10.77,1,436.8,6.89,60.23,13.14,3,1,0,0,0,1,0.0815482765289337,Safe
R04944,State Highway,7.23,3,9.21,1,1967.2,31.44,8.05,30.16,1,0,0,0,0,1,0.2097556724679304,Safe
R04945,Village Road,3.18,1,8.92,1,2182.9,31.95,93.01,11.93,0,3,0,0,1,1,0.31569068602778866,Moderate
R04946,Village Road,19.97,3,4.99,1,228.3,12.18,160.91,25.13,1,0,1,1,0,0,0.6248767123797302,High
R04947,District Road,1.46,0,6.67,0,1922.0,17.91,18.83,34.72,0,2,0,0,0,1,0.07965874601428305,Safe
R04948,District Road,9.1,3,6.91,1,1089.9,42.1,45.86,14.57,0,0,0,0,0,1,0.2693929640059628,Moderate
R04949,Village Road,9.32,0,9.6,2,1774.1,33.71,137.74,28.59,1,4,0,1,0,1,0.4258212015680071,Moderate
R04950,Village Road,6.36,3,8.57,1,380.7,35.45,44.39,33.83,4,0,0,0,0,1,0.29456204069717784,Moderate
R04951,State Highway,11.64,0,3.77,3,2433.9,23.23,83.48,22.39,2,2,1,0,0,1,0.3767952141511666,Moderate
R04952,Highway,3.42,3,5.77,0,2209.1,9.59,12.66,24.33,0,1,0,0,0,1,0.18599685351607143,Safe
R04953,District Road,15.79,0,7.26,1,1044.6,26.61,73.12,19.19,2,3,0,0,0,1,0.13958472207263026,Safe
R04954,District Road,6.98,0,9.63,2,2238.7,34.74,21.59,21.04,7,0,0,0,0,1,0.1731202980837795,Safe
R04955,District Road,12.03,1,9.69,1,2242.6,0.17,62.17,25.75,2,2,0,1,0,1,0.3582309660918461,Moderate
R04956,District Road,14.45,1,7.41,0,1180.1,5.12,40.46,31.79,2,3,1,0,0,1,0.20455743767614043,Safe
R04957,State Highway,17.84,1,4.05,1,2369.9,21.34,45.71,33.81,2,0,0,1,0,1,0.26743931568761736,Moderate
R04958,District Road,16.8,3,5.64,0,2443.3,19.67,57.51,23.58,2,2,1,0,0,0,0.46066516820893866,Moderate
R04959,State Highway,12.36,1,5.29,2,582.2,44.2,47.21,29.56,1,1,1,0,0,1,0.3608859992845897,Moderate
R04960,District Road,8.07,2,10.03,2,213.3,4.15,239.34,28.41,1,2,0,1,1,0,0.596760752898256,High
R04961,District Road,10.31,0,4.62,0,861.3,14.57,95.19,16.18,2,0,0,1,0,1,0.34104074383798355,Moderate
R04962,State Highway,15.49,1,7.18,0,1247.6,36.68,142.12,21.55,2,1,0,1,0,1,0.37934281800439373,Moderate
R04963,State Highway,17.61,1,9.04,0,277.1,27.56,157.12,27.09,2,4,1,0,0,1,0.40737512275789045,Moderate
R04964,District Road,2.52,2,11.68,0,394.6,25.27,90.01,13.22,2,2,1,0,0,1,0.4049976016376685,Moderate
R04965,District Road,8.0,1,11.99,0,2430.7,33.35,74.62,32.1,4,0,0,0,0,1,0.16019826734978537,Safe
R04966,State Highway,15.63,1,11.58,0,1856.4,1.8,51.71,20.06,4,1,0,0,0,1,0.07437863708940132,Safe
R04967,Village Road,8.92,0,9.46,1,2193.6,42.64,143.27,21.34,2,1,1,1,0,1,0.6864440657282692,High
R04968,District Road,6.98,0,9.72,1,2429.3,8.61,66.33,31.74,4,1,1,0,1,1,0.39258128177328266,Moderate
R04969,Village Road,8.52,1,9.83,1,976.5,3.68,34.66,14.31,4,0,0,0,0,1,0.09665058079151045,Safe
R04970,District Road,12.26,0,10.76,1,1735.3,15.25,22.84,10.89,2,2,0,0,0,1,0.08039523870839535,Safe
R04971,District Road,20.0,0,11.57,2,500.9,31.61,62.81,17.15,1,0,0,0,0,1,0.2629512562734424,Moderate
R04972,Village Road,10.11,0,7.01,3,1401.6,10.42,80.66,13.76,1,0,1,0,0,1,0.2613207140177837,Moderate
R04973,District Road,4.57,2,6.75,1,564.2,2.24,187.2,34.64,3,1,0,1,0,0,0.3871815859546474,Moderate
R04974,District Road,3.68,0,7.14,0,443.1,2.58,72.71,24.15,2,1,0,1,0,1,0.2571043826963574,Moderate
R04975,State Highway,1.33,2,8.94,0,291.2,11.55,64.91,24.11,5,0,0,1,1,0,0.4038554360244469,Moderate
R04976,District Road,11.4,0,9.98,0,1470.4,6.09,75.26,29.85,2,4,0,0,0,1,0.06541693734176623,Safe
R04977,Highway,11.12,0,10.83,1,2377.1,16.76,19.17,16.46,1,3,0,0,0,1,0.09215637850868694,Safe
R04978,State Highway,4.5,1,7.11,1,349.4,7.79,80.8,23.07,3,4,0,1,0,1,0.3326849447635597,Moderate
R04979,Highway,14.06,1,6.27,1,1280.7,15.49,93.6,13.55,2,4,1,0,0,1,0.31139473801252476,Moderate
R04980,Highway,14.95,1,11.85,0,1733.3,20.0,62.92,12.34,4,2,1,0,0,1,0.31793067713574674,Moderate
R04981,Village Road,5.55,1,5.09,2,1264.9,33.41,47.83,20.99,2,0,0,0,0,1,0.12286498374076803,Safe
R04982,State Highway,7.21,0,5.0,0,2283.9,10.23,43.3,32.82,4,1,0,1,0,1,0.24485490892027484,Safe
R04983,District Road,19.81,1,9.44,0,457.4,21.38,84.01,21.03,2,3,0,0,0,1,0.24121969833309143,Safe
R04984,Village Road,7.8,1,4.62,2,109.2,36.69,42.31,21.29,1,2,0,0,0,1,0.21122118848832255,Safe
R04985,District Road,15.34,0,6.59,0,988.6,44.39,60.23,31.63,3,0,0,0,0,1,0.14631695735535705,Safe
R04986,State Highway,9.33,2,5.63,2,1410.9,25.08,124.24,17.15,3,1,1,0,0,1,0.3973192366021562,Moderate
R04987,District Road,15.97,2,4.52,3,673.5,19.45,143.75,22.25,2,1,1,0,0,1,0.37320357642656826,Moderate
R04988,District Road,15.5,1,8.22,2,462.7,28.42,31.89,14.11,1,2,0,0,0,1,0.12915847243170114,Safe
R04989,District Road,13.52,2,6.36,0,2021.9,21.88,47.01,31.15,1,0,0,0,0,1,0.12303120058328801,Safe
R04990,Village Road,17.17,3,7.16,1,512.0,7.41,30.23,10.93,1,1,0,0,0,1,0.17207294501088813,Safe
R04991,Village Road,18.81,1,4.76,1,1134.6,20.68,59.11,20.33,1,3,1,0,0,1,0.34587959497818066,Moderate
R04992,District Road,11.81,0,9.91,3,2388.5,44.06,107.67,16.91,2,3,0,0,1,1,0.338470261925435,Moderate
R04993,State Highway,5.13,3,5.83,3,1551.1,28.82,53.15,16.43,0,2,0,1,0,0,0.4596185451930021,Moderate
R04994,District Road,8.27,0,6.08,0,1269.4,12.75,79.46,16.1,2,1,1,0,0,1,0.24094460873369217,Safe
R04995,Highway,15.29,0,5.27,3,932.6,42.62,71.08,19.24,1,2,1,1,1,1,0.6526607379077544,High
R04996,Village Road,13.19,0,6.91,0,1324.9,17.49,82.12,32.54,0,0,0,0,1,1,0.22957990183574972,Safe
R04997,Highway,3.97,2,7.17,1,1849.1,17.56,110.31,27.72,0,0,0,0,0,1,0.19852555456272494,Safe
R04998,State Highway,1.5,3,7.77,1,2065.2,27.75,198.38,32.24,0,2,0,0,0,1,0.32667600219022525,Moderate
R04999,Village Road,13.82,1,11.71,0,1642.1,25.6,82.65,14.91,2,2,1,1,0,1,0.5072419689400506,High
R05000,District Road,5.4,3,11.14,2,1986.3,13.07,36.79,31.23,3,0,1,0,1,0,0.4131977804377924,Moderate
R05001,State Highway,10.24,0,8.48,1,266.6,21.02,55.77,20.75,1,4,0,0,0,1,0.10672281881149341,Safe
R05002,District Road,15.06,0,3.35,2,85.2,14.96,56.9,34.53,1,1,0,0,0,1,0.05312997854988671,Safe
R05003,Village Road,11.47,1,8.51,3,1849.3,33.2,37.63,24.84,2,1,1,0,0,1,0.44563855727035134,Moderate
R05004,State Highway,2.12,3,3.81,2,691.2,5.51,77.58,22.18,1,1,1,0,0,0,0.42382658926906863,Moderate
R05005,Village Road,4.12,1,9.39,1,2200.3,33.76,223.34,33.13,3,0,1,0,0,1,0.4306625543844564,Moderate
R05006,Highway,4.78,0,6.51,2,1362.8,7.25,108.67,19.53,2,1,0,1,1,1,0.5133236297530744,High
R05007,Village Road,5.53,0,10.54,1,1222.4,13.77,40.62,28.72,1,2,0,0,0,1,0.07431213317675422,Safe
R05008,Village Road,11.53,0,11.48,2,1943.4,15.0,83.59,21.83,1,1,1,0,0,1,0.32925294738133465,Moderate
R05009,State Highway,10.33,0,6.75,0,1865.7,44.57,42.72,28.34,0,0,0,0,0,1,0.13836187689698043,Safe
R05010,District Road,4.46,0,7.14,1,1775.5,26.54,99.54,16.89,3,1,0,1,0,1,0.3518841352264547,Moderate
R05011,State Highway,1.82,3,8.31,2,1740.3,34.99,24.9,20.17,4,0,0,0,0,1,0.27484518827422527,Moderate
R05012,District Road,3.84,1,4.77,2,1312.7,24.99,364.35,18.63,2,1,1,1,0,1,0.7764427816943218,Critical
R05013,District Road,19.7,1,11.35,3,2319.9,44.24,177.48,31.72,0,0,0,1,0,1,0.46172070987820135,Moderate
R05014,District Road,9.64,0,6.9,0,2232.1,7.98,19.23,33.21,2,0,1,0,0,1,0.20509662920276717,Safe
R05015,State Highway,17.41,0,4.5,1,857.0,27.22,90.89,28.39,3,3,1,0,0,1,0.33104939144475665,Moderate
R05016,State Highway,17.05,1,9.86,1,2021.5,35.88,112.99,30.54,2,3,0,0,0,1,0.16917604439449502,Safe
R05017,Highway,10.47,2,4.97,1,2233.2,28.29,73.73,18.85,6,2,1,1,0,0,0.6236290918329787,High
R05018,State Highway,14.28,1,4.29,1,1564.7,40.36,88.25,13.77,0,2,0,0,0,1,0.19099638625764295,Safe
R05019,District Road,4.26,2,8.07,0,1411.2,27.03,143.19,27.16,2,4,1,1,0,0,0.6509299770581088,High
R05020,Village Road,13.92,2,9.04,2,1696.1,37.19,108.89,25.93,2,1,0,1,0,0,0.44665737550595636,Moderate
R05021,District Road,5.81,0,8.13,3,449.5,7.91,37.6,16.59,4,1,0,0,1,1,0.2136566882837182,Safe
R05022,District Road,16.73,0,8.91,0,264.0,11.79,228.05,32.81,4,1,1,1,0,1,0.6087762576212701,High
R05023,Village Road,2.13,1,4.04,0,2059.4,19.98,54.62,18.94,2,1,0,0,0,1,0.0879015098834612,Safe
R05024,District Road,15.58,1,7.28,0,1454.6,38.32,34.01,30.38,4,1,0,0,1,1,0.28093327150919906,Moderate
R05025,Village Road,2.45,0,6.21,1,350.1,19.2,86.37,13.23,1,0,0,0,0,1,0.1321053423890469,Safe
R05026,District Road,17.68,1,11.76,2,1070.0,28.24,89.38,17.17,2,1,1,0,0,1,0.39207631461028536,Moderate
R05027,State Highway,6.43,1,3.45,0,780.7,17.81,190.39,25.36,4,3,0,0,0,1,0.16296383981284296,Safe
R05028,Highway,13.26,3,5.68,1,2194.9,36.26,145.12,16.05,0,2,1,0,0,0,0.503903475704408,High
R05029,District Road,10.01,0,11.48,0,1292.7,9.01,49.67,33.91,2,2,0,0,0,1,0.044549633621677937,Safe
R05030,Highway,7.64,0,11.85,3,1464.9,26.72,105.43,23.79,3,2,0,0,0,1,0.15260972695235098,Safe
R05031,State Highway,13.09,1,10.42,2,626.5,26.01,72.89,28.29,1,1,1,0,0,1,0.3898086181131733,Moderate
R05032,District Road,18.98,1,3.68,3,2007.7,18.15,328.98,24.04,1,2,0,1,0,1,0.5243223101122632,High
R05033,District Road,1.3,1,8.05,0,2328.7,31.73,146.05,20.17,3,1,1,1,0,1,0.6014746952420419,High
R05034,District Road,18.42,3,6.6,1,1991.6,1.28,22.08,30.55,1,1,0,0,1,0,0.2273841771991717,Safe
R05035,State Highway,12.38,2,10.26,0,1257.5,37.87,146.47,10.57,0,6,0,0,0,1,0.21767362333436693,Safe
R05036,State Highway,16.24,1,3.5,1,2096.0,15.66,65.26,20.67,3,3,0,0,0,1,0.22947650751375998,Safe
R05037,District Road,7.99,0,4.77,0,510.5,35.69,22.1,32.03,4,1,0,1,0,1,0.3065313856712388,Moderate
R05038,Village Road,9.7,1,7.4,2,327.9,13.73,135.22,12.13,5,0,1,0,0,1,0.32643721299313155,Moderate
R05039,District Road,17.44,1,4.42,1,1123.6,8.46,9.02,15.19,5,0,1,0,1,1,0.4719478625360731,Moderate
R05040,Village Road,8.59,2,9.23,1,494.8,17.53,132.32,34.02,3,1,0,0,0,1,0.2292432269064201,Safe
R05041,Village Road,10.93,3,10.39,2,684.9,35.88,37.39,33.97,3,1,1,1,0,0,0.6463412781394913,High
R05042,District Road,0.89,1,9.34,1,1483.5,31.66,123.65,19.61,0,1,0,1,0,1,0.3960420600815514,Moderate
R05043,State Highway,3.59,1,6.96,0,1039.6,18.05,95.22,28.81,1,2,0,0,0,1,0.10483476339092551,Safe
R05044,District Road,13.01,0,10.91,1,2171.4,42.2,76.1,25.65,6,1,0,1,0,1,0.38414097054770124,Moderate
R05045,District Road,14.48,0,4.24,3,602.8,18.39,89.07,22.33,1,2,0,1,0,1,0.3097875179756566,Moderate
R05046,District Road,11.86,0,5.34,1,2492.1,15.78,165.83,30.35,1,0,1,0,0,1,0.3836284496006341,Moderate
R05047,District Road,3.29,0,7.41,1,930.5,6.51,226.5,26.27,3,2,1,1,0,1,0.6589496465854007,High
R05048,District Road,9.19,1,3.55,3,1312.7,3.16,86.14,12.28,3,0,1,0,0,1,0.3397764020027475,Moderate
R05049,State Highway,7.42,0,3.86,1,374.2,15.75,212.77,30.99,4,1,1,1,0,1,0.5673488885468843,High
R05050,District Road,10.17,1,6.58,3,1469.3,4.14,30.34,16.86,0,3,0,0,0,1,0.1525656647140754,Safe
R05051,State Highway,17.47,1,11.49,0,2405.1,20.82,90.25,25.82,3,0,0,0,0,1,0.09201098405198038,Safe
R05052,Village Road,15.63,1,11.18,1,1886.0,38.7,78.97,29.39,4,3,0,0,0,1,0.20224642510437094,Safe
R05053,State Highway,2.14,1,7.19,0,647.9,21.43,68.61,32.44,4,1,0,0,0,1,0.11339523063757107,Safe
R05054,Highway,17.86,0,4.28,1,1134.4,21.63,31.33,33.13,3,0,0,0,0,1,0.1328167877383889,Safe
R05055,District Road,9.7,3,4.6,0,1092.3,11.4,64.0,33.15,1,1,1,1,0,0,0.5843552409540773,High
R05056,District Road,15.01,0,6.4,0,290.0,7.48,25.69,26.43,1,1,0,0,0,1,0.06636002615193826,Safe
R05057,District Road,3.23,3,4.89,0,2220.3,10.0,70.68,25.6,2,1,0,0,0,1,0.21053780053005897,Safe
R05058,State Highway,13.58,0,3.75,1,984.6,25.56,153.75,10.37,2,4,0,0,0,1,0.2059981363225316,Safe
R05059,District Road,5.11,1,9.06,0,1260.9,26.63,41.79,12.11,1,0,0,0,0,1,0.14983001313608502,Safe
R05060,State Highway,9.05,0,8.23,2,763.6,9.91,103.68,19.81,2,2,0,0,0,1,0.1712720972228208,Safe
R05061,Village Road,0.83,0,5.62,0,423.4,17.95,26.46,29.82,0,1,0,0,0,1,0.09836680673355788,Safe
R05062,Village Road,3.46,1,10.01,1,2260.2,25.59,156.58,24.8,1,2,0,0,0,1,0.2034870679285982,Safe
R05063,District Road,2.3,2,9.98,0,141.6,34.22,86.59,15.88,0,3,0,1,1,0,0.5171974236307403,High
R05064,State Highway,5.18,0,7.42,0,1029.7,14.39,75.18,13.07,4,3,0,0,0,1,0.11720605225811999,Safe
R05065,District Road,2.45,1,3.87,2,1840.2,12.21,97.82,21.71,0,2,0,0,0,1,0.13695440969142336,Safe
R05066,Highway,13.99,0,11.27,2,806.7,32.87,70.04,32.82,2,4,0,1,0,1,0.37202242118672696,Moderate
R05067,District Road,1.07,1,9.02,2,1142.8,23.12,79.39,11.33,3,1,0,0,0,1,0.20178462417773338,Safe
R05068,State Highway,12.55,3,5.22,1,1433.0,38.55,163.71,21.57,7,2,1,0,0,0,0.5725283610001193,High
R05069,Village Road,3.24,2,8.49,0,2487.9,9.5,89.57,11.48,1,1,0,1,0,0,0.38901921602633566,Moderate
R05070,Highway,18.93,1,6.65,0,1907.8,34.69,60.67,16.25,1,0,0,0,0,1,0.1424637920827247,Safe
R05071,District Road,18.7,0,8.72,1,2419.4,7.29,209.87,33.85,3,2,1,0,0,1,0.36718125728234674,Moderate
R05072,District Road,4.9,0,7.26,2,1748.2,26.31,118.72,12.62,3,3,0,0,0,1,0.05724879506785682,Safe
R05073,District Road,12.48,3,7.37,3,709.2,12.76,69.7,11.27,5,0,1,0,0,0,0.455911350636501,Moderate
R05074,Highway,1.05,0,9.62,0,754.3,4.55,135.93,12.18,4,2,0,0,0,1,0.07175296092685335,Safe
R05075,Village Road,18.67,2,8.52,1,2065.0,27.75,66.41,27.29,3,1,0,0,0,1,0.12347037361324492,Safe
R05076,District Road,10.7,1,3.72,0,1097.9,22.81,24.62,10.3,1,0,0,0,0,1,0.1210522028171332,Safe
R05077,District Road,1.34,3,3.59,2,957.0,21.87,17.47,19.84,1,1,0,0,0,1,0.2258825693290465,Safe
R05078,State Highway,7.18,1,5.75,0,2365.5,26.66,56.38,33.83,2,1,0,0,0,1,0.16213797527939272,Safe
R05079,District Road,2.0,1,6.87,1,82.4,16.76,128.96,11.72,2,1,0,1,1,1,0.4913223595834951,Moderate
R05080,District Road,8.16,1,5.48,3,1336.2,30.16,62.36,33.3,2,1,1,0,0,1,0.3891659874163388,Moderate
R05081,Highway,13.56,3,8.86,2,1948.9,5.89,48.82,12.94,3,0,0,0,0,1,0.18430856235389756,Safe
R05082,Highway,9.66,3,4.76,0,1853.6,32.17,88.34,13.19,5,1,1,0,0,0,0.4683940298306385,Moderate
R05083,Village Road,7.98,2,9.34,0,950.6,26.09,67.15,25.12,5,1,0,0,0,1,0.20764185907145655,Safe
R05084,State Highway,2.82,2,9.96,2,1362.3,21.89,48.75,16.1,3,3,0,0,0,1,0.18520026922406244,Safe
R05085,State Highway,5.28,1,4.12,1,63.7,5.74,164.59,10.08,1,0,0,0,0,1,0.15537075389094102,Safe
R05086,District Road,2.45,2,8.86,2,1360.3,12.52,105.7,28.74,4,1,1,1,0,0,0.609983546277722,High
R05087,Village Road,16.25,2,11.65,0,1496.5,13.29,112.78,19.27,3,1,0,0,0,1,0.132123017012646,Safe
R05088,Highway,3.14,1,4.74,2,2193.2,10.52,12.64,32.7,0,3,0,0,0,1,0.055301835959919686,Safe
R05089,District Road,12.11,1,11.18,2,566.3,42.94,127.39,16.95,1,2,1,0,0,1,0.42964185643661734,Moderate
R05090,Highway,7.18,1,8.45,2,2071.6,41.2,138.46,26.73,4,2,1,1,0,1,0.6499950558331956,High
R05091,Highway,4.91,1,8.32,1,1809.3,24.58,14.65,18.16,2,1,0,1,0,1,0.33637682852290546,Moderate
R05092,Highway,12.97,2,3.47,0,1681.8,9.26,94.36,13.71,3,4,0,0,1,1,0.16463262010001795,Safe
R05093,Village Road,9.41,1,9.73,0,1016.3,41.0,127.41,34.37,3,1,1,0,0,1,0.44179716625654086,Moderate
R05094,Highway,8.3,0,7.3,3,950.2,33.72,151.72,24.7,2,0,0,1,0,1,0.4549767225900418,Moderate
R05095,Highway,12.06,1,9.49,0,1773.0,1.74,87.91,30.99,2,2,0,0,0,1,0.03708199887773257,Safe
R05096,District Road,10.08,0,10.28,0,2476.0,22.08,125.83,16.25,0,1,1,1,0,1,0.5183425412113842,High
R05097,Village Road,6.42,1,7.71,0,1043.1,27.22,111.65,19.83,1,1,1,1,0,1,0.4724784173435566,Moderate
R05098,State Highway,11.4,3,5.37,2,2300.6,2.99,92.74,21.92,1,0,0,0,0,1,0.2294960909073721,Safe
R05099,District Road,13.56,1,4.27,2,1487.0,2.24,37.52,25.74,2,1,1,0,0,1,0.3349010748031029,Moderate
R05100,Highway,1.02,2,4.44,2,2177.0,20.86,75.81,19.87,1,4,0,1,0,0,0.4025912248856863,Moderate
R05101,District Road,9.58,0,10.8,1,582.1,0.09,111.89,16.18,4,4,0,0,1,1,0.1944587294841552,Safe
R05102,District Road,1.62,3,4.11,3,1917.5,2.11,118.34,14.75,2,2,1,0,0,0,0.5029357549601399,High
R05103,District Road,4.13,1,6.46,0,2095.6,7.43,202.76,24.98,3,2,0,0,0,1,0.21286670768998245,Safe
R05104,State Highway,11.43,0,6.01,2,2088.8,40.95,108.28,16.19,3,4,0,1,0,1,0.5727412388745386,High
R05105,State Highway,17.39,1,10.79,1,1972.5,34.48,50.59,19.92,1,5,0,0,0,1,0.24516841993361854,Safe
R05106,Highway,17.71,3,7.3,1,795.3,20.27,56.82,10.87,2,0,0,0,0,1,0.20343897896784843,Safe
R05107,State Highway,1.86,0,11.97,0,1328.8,21.56,32.82,16.41,2,2,0,0,0,1,0.020685668517213457,Safe
R05108,Highway,8.67,1,9.63,0,784.3,30.87,196.88,22.08,0,2,1,0,0,1,0.46511735325723313,Moderate
R05109,Village Road,11.87,3,10.66,1,890.3,21.35,72.92,29.9,2,1,0,0,0,1,0.22842725858089644,Safe
R05110,Village Road,3.37,0,3.89,0,788.0,2.88,87.92,19.33,1,1,1,0,0,1,0.2584585453910303,Moderate
R05111,Village Road,15.43,1,5.28,1,746.4,33.24,77.26,17.38,2,4,0,1,0,1,0.35428553184093975,Moderate
R05112,Village Road,15.01,1,4.22,0,1748.9,2.6,76.65,22.9,4,1,0,0,0,1,0.06748017333281497,Safe
R05113,District Road,18.12,0,7.17,0,1643.1,21.87,182.87,11.24,1,3,1,1,0,1,0.5861328554984706,High
R05114,District Road,0.67,1,9.46,2,550.4,38.78,38.09,18.85,1,1,0,0,1,1,0.26874892938678535,Moderate
R05115,State Highway,4.73,0,4.52,3,1744.2,5.28,30.47,13.38,1,4,0,1,0,1,0.3715942999163979,Moderate
R05116,District Road,16.63,2,4.17,3,763.1,31.8,55.12,16.34,3,1,0,1,0,0,0.5013250605388548,High
R05117,District Road,13.58,0,8.53,2,544.2,2.08,96.78,19.77,2,0,0,1,1,1,0.4340009851989014,Moderate
R05118,District Road,17.94,0,5.07,2,1880.8,44.69,125.1,11.45,2,3,1,1,0,1,0.6879255131756661,High
R05119,Village Road,1.62,1,7.31,2,939.0,30.69,34.02,29.93,3,2,0,0,0,1,0.189426673288748,Safe
R05120,State Highway,12.14,1,3.46,2,1444.9,43.6,41.62,16.87,1,5,0,0,0,1,0.1762056788295113,Safe
R05121,State Highway,11.6,0,9.13,1,540.3,30.07,103.38,15.82,4,0,0,0,0,1,0.14272765921249086,Safe
R05122,Village Road,1.2,2,7.87,0,1553.5,10.9,33.83,18.59,1,1,0,0,0,1,0.12236789848266642,Safe
R05123,Highway,10.51,3,8.83,0,559.6,41.69,63.37,19.2,0,1,0,0,0,1,0.19697275852846466,Safe
R05124,District Road,12.39,2,5.48,2,458.8,28.2,94.14,30.32,2,2,0,0,0,1,0.2996789132168769,Moderate
R05125,Village Road,4.23,1,5.51,2,997.0,25.92,80.61,17.12,3,1,0,0,0,1,0.22411662926731432,Safe
R05126,District Road,5.83,2,10.21,1,1985.7,19.31,25.03,21.51,2,3,0,0,0,1,0.12766131286575505,Safe
R05127,District Road,12.99,3,9.47,0,482.5,12.81,86.99,22.45,3,1,0,0,0,1,0.21692557715291802,Safe
R05128,State Highway,9.63,1,8.22,0,336.7,23.85,126.88,17.64,2,0,0,0,0,1,0.1347984120682047,Safe
R05129,State Highway,17.23,0,8.65,2,127.5,16.47,11.24,29.58,3,1,1,1,0,1,0.3991172964396684,Moderate
R05130,Village Road,7.18,0,3.85,1,1069.1,38.43,63.44,25.6,1,1,0,0,0,1,0.10624628725962088,Safe
R05131,District Road,5.7,1,10.71,1,741.0,1.3,120.73,28.02,2,2,1,0,0,1,0.3596520146840004,Moderate
R05132,District Road,19.7,3,9.93,1,765.7,23.85,105.27,11.36,2,3,1,1,0,0,0.6586042447971288,High
R05133,Highway,18.27,1,8.31,1,2455.8,37.65,87.61,30.49,3,7,1,1,0,1,0.5623730965531146,High
R05134,Highway,1.07,1,11.27,3,525.6,1.24,84.43,16.01,0,1,0,0,1,1,0.23363581027190183,Safe
R05135,Village Road,15.53,0,4.52,3,1173.1,12.7,98.02,12.3,0,3,0,0,0,1,0.18444575149493705,Safe
R05136,State Highway,2.65,0,9.18,0,2466.6,2.32,72.58,26.53,2,1,0,1,0,1,0.3094689757196052,Moderate
R05137,District Road,1.04,1,11.67,1,125.0,26.78,35.94,15.45,2,1,0,1,0,1,0.35222505840268653,Moderate
R05138,Highway,5.84,3,5.79,1,1756.8,14.25,30.01,20.16,0,4,0,0,0,1,0.1941660440141713,Safe
R05139,District Road,5.75,1,3.14,1,959.2,43.19,70.28,27.7,3,2,0,1,0,1,0.3876819722698023,Moderate
R05140,Village Road,16.48,2,9.61,1,2269.9,27.73,95.47,12.57,1,4,1,0,0,1,0.4303833993436054,Moderate
R05141,District Road,14.36,0,3.06,0,2284.3,25.28,110.44,13.19,3,2,0,0,0,1,0.12341843736772573,Safe
R05142,Highway,19.64,1,10.85,2,998.7,41.28,132.98,26.62,6,2,0,0,0,1,0.2716834573454706,Moderate
R05143,District Road,14.37,1,3.51,1,592.6,10.06,34.78,21.24,1,2,0,0,0,1,0.06705769810797982,Safe
R05144,Village Road,8.66,2,8.87,3,1098.6,25.3,106.35,15.53,0,0,0,0,0,1,0.2822078355390323,Moderate
R05145,District Road,14.13,0,6.39,0,2415.0,24.43,54.65,22.89,2,4,0,0,0,1,0.11041489302301676,Safe
R05146,Village Road,19.99,0,4.83,0,739.4,3.7,29.83,25.47,1,2,0,0,0,1,0.0,Safe
R05147,District Road,14.35,0,11.08,2,2454.2,41.94,67.38,20.13,0,0,0,0,0,1,0.18526984880912217,Safe
R05148,Village Road,15.35,3,9.72,2,2057.5,31.51,99.43,14.32,1,4,0,0,0,1,0.21096483884468914,Safe
R05149,District Road,18.8,0,6.06,1,705.3,39.96,46.36,26.19,0,1,1,1,1,1,0.6820417332641328,High
R05150,Highway,2.72,0,5.56,3,1988.1,44.21,98.77,13.03,0,1,1,0,0,1,0.3603581076763641,Moderate
R05151,State Highway,14.24,1,9.62,1,172.0,21.58,170.63,26.34,2,2,0,0,0,1,0.21205248356477172,Safe
R05152,State Highway,17.09,1,10.53,1,1392.8,36.16,83.39,16.77,1,0,0,1,0,1,0.3521082021329244,Moderate
R05153,Village Road,19.11,2,9.44,3,925.5,25.99,135.63,10.03,4,3,1,0,0,1,0.5066021971084053,High
R05154,Village Road,4.61,3,8.76,1,1096.0,43.97,127.5,21.65,1,2,0,1,0,0,0.5567214060067347,High
R05155,District Road,10.33,1,5.05,1,1208.5,11.13,48.98,17.75,0,2,0,0,0,1,0.09878837481726357,Safe
R05156,State Highway,13.77,3,10.68,2,1281.6,0.62,26.99,15.74,0,5,0,0,0,1,0.21315834416264307,Safe
R05157,State Highway,5.33,2,9.75,1,1658.2,8.37,64.43,22.46,3,0,0,0,0,1,0.1516591002241931,Safe
R05158,Village Road,12.21,0,7.66,1,1757.1,5.76,89.33,18.42,2,4,0,0,0,1,0.10868750645860009,Safe
R05159,District Road,5.52,3,7.6,0,2440.5,19.66,124.22,17.38,2,0,1,1,1,0,0.656673683976691,High
R05160,State Highway,7.0,1,8.12,1,1918.8,3.48,59.09,29.06,1,0,0,0,0,1,0.061033844771638174,Safe
R05161,District Road,9.11,1,10.45,0,1735.1,9.91,51.89,12.08,4,0,0,1,0,1,0.3078694945164236,Moderate
R05162,Highway,10.82,1,9.68,3,1011.5,4.33,51.27,19.95,0,1,1,0,0,1,0.3759447838723059,Moderate
R05163,State Highway,9.26,1,10.71,0,338.6,21.9,99.05,16.17,3,1,0,0,0,1,0.18426868131083785,Safe
R05164,District Road,10.12,0,7.57,0,194.0,12.0,51.71,17.13,4,0,1,0,0,1,0.31427568411900064,Moderate
R05165,Highway,6.32,2,8.62,1,1220.3,21.2,46.23,21.05,5,1,0,1,0,0,0.3772906541597641,Moderate
R05166,Village Road,3.6,2,10.69,2,1687.2,4.0,85.31,33.07,2,0,1,0,0,1,0.3454082726165809,Moderate
R05167,State Highway,1.42,2,5.09,2,1642.9,23.26,91.96,26.48,1,2,0,0,0,1,0.24421479165423549,Safe
R05168,Highway,4.32,0,7.0,1,2384.5,5.85,67.0,14.83,2,1,1,0,0,1,0.2982446700106852,Moderate
R05169,State Highway,11.85,3,8.59,2,987.0,4.47,108.27,24.31,4,2,0,0,1,0,0.2439147860330786,Safe
R05170,Village Road,15.83,0,11.24,1,1588.1,13.95,143.15,13.85,5,2,0,0,0,1,0.18570074055474414,Safe
R05171,District Road,3.8,0,3.14,1,2225.3,39.35,105.94,32.13,3,3,1,0,0,1,0.34263220492988805,Moderate
R05172,District Road,2.62,0,4.91,2,1040.0,35.48,114.33,20.6,4,1,0,0,0,1,0.21723342331583181,Safe
R05173,Highway,15.11,0,5.11,0,1220.5,43.16,100.36,33.74,4,4,1,0,0,1,0.3351940413642078,Moderate
R05174,Highway,6.45,1,5.94,2,2311.3,20.71,59.44,26.56,3,1,0,0,0,1,0.12732837937629687,Safe
R05175,District Road,19.05,1,5.54,1,1398.1,14.06,78.03,30.84,1,3,0,1,0,1,0.32912667638195925,Moderate
R05176,Village Road,14.43,2,8.31,3,2009.0,43.69,37.52,14.48,2,0,0,0,0,1,0.23678862199232978,Safe
R05177,Village Road,6.87,3,10.97,0,2342.3,17.18,127.39,31.37,1,2,0,0,0,1,0.16797527339603263,Safe
R05178,Highway,6.15,2,8.73,3,1449.1,0.41,21.54,14.74,0,1,0,0,0,1,0.14824938507764493,Safe
R05179,District Road,10.71,1,5.17,2,317.5,36.9,43.12,34.4,0,2,0,0,0,1,0.1622989377594175,Safe
R05180,Village Road,2.04,2,10.77,1,2063.2,7.61,28.56,17.0,2,0,0,0,0,1,0.1069563519683914,Safe
R05181,State Highway,2.79,2,8.69,1,2053.6,32.31,122.12,27.1,0,1,0,0,0,1,0.21639445990188466,Safe
R05182,Village Road,3.93,1,4.97,3,331.7,0.68,123.04,23.66,3,1,0,1,0,1,0.3835307403626512,Moderate
R05183,Highway,15.61,2,6.25,1,1392.9,4.99,33.02,21.96,1,0,0,0,0,1,0.18579251682350423,Safe
R05184,Village Road,10.52,1,10.11,1,1243.4,21.76,115.83,20.72,1,1,0,0,0,1,0.11915388496154827,Safe
R05185,Village Road,0.71,1,9.65,2,2125.5,3.06,205.74,19.59,0,1,1,0,0,1,0.38384971606213397,Moderate
R05186,Village Road,13.63,1,8.19,0,722.8,39.99,77.53,17.58,0,1,0,0,0,1,0.23922475861405856,Safe
R05187,District Road,8.76,1,4.3,0,1094.4,33.74,70.64,24.93,3,1,0,0,0,1,0.17842188453418326,Safe
R05188,State Highway,10.46,2,10.23,2,1531.7,14.77,149.0,34.61,2,0,1,0,0,1,0.3987759166844075,Moderate
R05189,Village Road,4.68,1,5.77,0,1317.3,26.89,37.37,26.8,1,0,1,0,0,1,0.38216906072155366,Moderate
R05190,State Highway,11.26,1,9.94,2,2389.8,32.2,106.44,28.92,3,1,1,0,0,1,0.39507966629631747,Moderate
R05191,State Highway,19.59,3,8.83,1,2403.6,33.99,72.09,26.36,3,1,1,0,0,0,0.4442719321446414,Moderate
R05192,District Road,1.93,3,5.38,1,249.9,17.81,16.91,22.89,1,0,0,0,0,1,0.186433787799122,Safe
R05193,Village Road,6.04,0,4.91,0,779.7,40.45,211.53,30.43,0,2,1,1,0,1,0.6499561102141338,High
R05194,Village Road,5.24,0,4.18,2,68.5,42.38,219.52,18.08,0,0,1,0,1,1,0.512471127923342,High
R05195,State Highway,5.35,1,5.18,2,1073.8,8.81,134.33,16.83,5,2,0,0,0,1,0.2328506261791144,Safe
R05196,Village Road,7.88,1,4.42,1,1672.2,41.01,12.36,19.6,4,0,0,0,0,1,0.2210225091230455,Safe
R05197,District Road,16.45,0,8.55,1,1204.6,32.07,56.9,24.47,1,0,0,1,0,1,0.30045306026860963,Moderate
R05198,Highway,18.3,0,8.39,0,214.6,39.97,43.45,10.0,0,2,0,1,0,1,0.2450115743878536,Safe
R05199,State Highway,4.44,2,8.28,2,530.1,19.11,5.38,30.88,1,2,0,0,0,1,0.17998520638466495,Safe
R05200,State Highway,11.09,2,8.78,1,474.6,29.75,92.97,17.58,2,0,0,0,0,1,0.2535419600447514,Moderate
R05201,State Highway,12.92,1,10.33,0,1302.3,10.59,91.86,25.02,2,1,0,0,0,1,0.11797976440998965,Safe
R05202,Village Road,10.68,1,11.22,2,1710.3,33.8,105.53,11.31,3,1,0,0,1,1,0.3639303257339378,Moderate
R05203,District Road,8.96,1,5.07,2,825.0,26.18,38.63,20.79,1,3,0,0,0,1,0.16157551491634642,Safe
R05204,District Road,4.24,0,8.29,0,369.6,21.64,191.51,11.7,3,0,1,1,0,1,0.6303107766192291,High
R05205,Village Road,10.02,1,3.71,2,2006.6,31.17,44.41,10.28,6,1,1,0,0,1,0.47599674522904367,Moderate
R05206,State Highway,8.32,0,4.08,2,2153.0,24.86,110.79,29.71,2,3,1,0,0,1,0.33471837227504597,Moderate
R05207,Village Road,16.01,1,8.89,3,727.4,34.44,97.33,20.12,4,0,1,1,0,1,0.6307528802251422,High
R05208,District Road,15.39,0,7.38,0,1080.8,38.63,57.47,30.37,1,1,0,0,0,1,0.14955150020042285,Safe
R05209,Village Road,3.11,1,9.82,1,250.7,36.03,29.12,18.43,1,1,1,0,0,1,0.4131584077160004,Moderate
R05210,State Highway,2.23,1,6.83,3,607.9,13.84,28.91,26.19,4,4,1,0,1,1,0.39925469477269604,Moderate
R05211,Village Road,18.21,1,4.15,0,1929.2,43.93,6.54,12.36,1,2,0,0,0,1,0.07764027798170296,Safe
R05212,State Highway,10.94,0,10.85,1,944.7,29.24,21.69,14.76,0,2,0,0,0,1,0.0828517631693988,Safe
R05213,State Highway,17.23,0,3.75,1,1531.5,14.56,101.67,21.78,0,1,1,0,0,1,0.29256984027778427,Moderate
R05214,Village Road,1.63,1,4.7,1,2368.2,1.92,73.45,21.01,1,1,0,0,0,1,0.1340699187113922,Safe
R05215,State Highway,10.77,0,5.49,1,1822.9,44.46,130.58,14.85,0,1,0,1,0,1,0.42593711202432977,Moderate
R05216,District Road,11.02,0,11.96,3,1161.0,26.96,141.29,31.77,1,1,0,1,0,1,0.3962279441913599,Moderate
R05217,District Road,17.28,1,6.75,0,948.9,10.24,114.01,17.11,1,0,0,1,0,1,0.2834845335708437,Moderate
R05218,District Road,2.4,2,7.52,1,516.8,22.1,59.56,20.68,3,1,0,0,0,1,0.1157990974710514,Safe
R05219,State Highway,5.19,0,9.93,1,1902.5,17.89,38.95,18.43,2,0,0,0,1,1,0.17238002908084388,Safe
R05220,Highway,8.43,1,8.73,0,325.4,42.81,24.63,34.89,3,1,0,0,0,1,0.16610484381128307,Safe
R05221,State Highway,17.38,3,10.57,0,200.4,22.17,77.18,18.67,2,1,0,0,0,1,0.18837161277227113,Safe
R05222,District Road,18.81,3,7.38,3,306.8,21.81,22.57,16.61,2,0,0,0,1,0,0.29976314966716194,Moderate
R05223,State Highway,19.86,0,11.75,1,645.1,35.76,68.05,32.67,0,2,1,0,1,1,0.4538441119830189,Moderate
R05224,State Highway,19.2,2,10.17,1,1586.5,17.59,260.59,13.93,3,0,0,0,0,1,0.30193449588487664,Moderate
R05225,State Highway,0.62,1,6.61,2,2160.3,8.84,221.66,32.95,2,0,0,1,1,1,0.5318544328728221,High
R05226,Highway,1.43,3,6.43,0,2481.9,34.58,95.64,24.21,2,3,0,1,0,0,0.5268492694282728,High
R05227,District Road,3.38,1,11.37,2,1842.1,40.95,50.57,15.58,3,4,0,1,0,1,0.49074701931505826,Moderate
R05228,Village Road,7.3,2,9.16,0,407.6,2.06,142.83,16.3,1,2,0,0,0,1,0.23788452788045159,Safe
R05229,State Highway,16.68,2,8.59,2,730.4,38.7,140.44,27.77,5,1,0,0,0,1,0.30467814328122994,Moderate
R05230,District Road,17.91,1,9.82,0,373.4,19.7,90.59,10.98,3,1,1,0,0,1,0.3249122372675404,Moderate
R05231,District Road,4.14,2,8.05,2,333.1,13.01,237.34,27.89,2,2,1,0,0,1,0.5216680410795329,High
R05232,District Road,12.58,0,4.43,2,1440.9,1.76,92.38,17.75,2,1,0,0,0,1,0.11413464362489807,Safe
R05233,District Road,18.39,0,5.87,1,2271.5,9.25,153.09,30.21,1,1,0,0,0,1,0.19173893131760458,Safe
R05234,District Road,9.54,1,8.02,1,1726.6,14.98,46.4,13.12,1,2,1,0,0,1,0.3781289092934303,Moderate
R05235,District Road,2.52,3,3.16,0,2011.6,3.18,225.36,16.23,2,2,0,1,0,0,0.4372069228342786,Moderate
R05236,Highway,9.43,1,6.94,3,1294.8,8.5,46.04,20.98,1,3,0,0,0,1,0.1584996895829368,Safe
R05237,District Road,7.83,1,9.8,0,1214.5,33.16,54.27,31.98,1,0,0,0,1,1,0.2800275161071809,Moderate
R05238,District Road,11.76,1,4.48,1,2346.8,30.91,21.41,17.1,2,3,0,0,0,1,0.07424220071336515,Safe
R05239,Highway,9.05,0,3.58,0,1818.8,34.64,41.68,31.09,2,0,0,0,0,1,0.02732847420767541,Safe
R05240,State Highway,0.84,1,10.52,3,1175.4,7.44,119.69,12.55,1,2,1,0,0,1,0.4335251320727183,Moderate
R05241,Village Road,19.88,2,8.56,1,864.8,1.94,48.83,14.34,4,5,1,0,0,1,0.34147267533140485,Moderate
R05242,District Road,11.1,3,4.59,0,278.2,21.09,43.37,13.95,0,3,0,0,0,1,0.23331993638478424,Safe
R05243,District Road,9.74,0,10.26,2,2061.4,15.43,73.45,25.32,2,2,1,0,0,1,0.3177838661732291,Moderate
R05244,Village Road,19.12,1,8.92,3,464.8,34.95,29.73,19.72,5,3,0,0,0,1,0.19272427135917494,Safe
R05245,District Road,3.54,0,6.01,1,1311.8,24.25,145.03,31.59,1,2,0,1,0,1,0.40028310976824855,Moderate
R05246,District Road,4.19,0,6.39,1,1611.3,41.9,66.06,22.15,0,2,0,0,0,1,0.2289206396532629,Safe
R05247,Village Road,16.26,1,4.4,0,1873.0,2.75,38.71,30.95,2,2,0,0,0,1,0.07289705660446272,Safe
R05248,Village Road,5.59,1,10.52,0,254.2,16.37,248.41,16.01,0,0,1,1,0,1,0.664910699059041,High
R05249,District Road,16.08,0,7.58,0,76.2,18.24,19.86,33.28,3,1,0,0,0,1,0.0,Safe
R05250,District Road,5.79,0,8.01,1,1779.7,5.67,80.77,25.87,1,2,0,0,0,1,0.07785569656661367,Safe
R05251,State Highway,1.15,2,10.95,2,1163.3,26.24,81.11,22.64,0,0,0,0,0,1,0.23062413039510055,Safe
R05252,Village Road,10.58,3,3.14,2,493.8,1.81,133.62,25.22,2,2,0,0,0,1,0.10701182266586173,Safe
R05253,District Road,4.34,0,3.6,2,2456.0,32.07,100.99,32.93,2,0,0,0,0,1,0.16620610896883073,Safe
R05254,Highway,15.28,1,4.45,0,1988.8,1.68,113.02,18.56,1,2,0,1,0,1,0.40119948571696595,Moderate
R05255,Village Road,13.0,0,3.27,2,1467.4,39.31,172.07,16.15,0,2,0,0,0,1,0.23372645295425404,Safe
R05256,District Road,18.51,3,8.92,1,1770.2,2.93,78.51,16.14,1,2,0,0,0,1,0.1653460541964257,Safe
R05257,Highway,15.77,1,8.7,1,429.8,20.54,147.0,34.32,2,5,1,0,0,1,0.3367519473836744,Moderate
R05258,District Road,4.03,2,4.9,1,2407.5,6.99,37.86,18.44,2,3,1,0,0,1,0.35255037840049364,Moderate
R05259,District Road,16.1,0,4.34,0,2491.1,5.99,118.05,32.1,0,1,1,1,0,1,0.48781494525669566,Moderate
R05260,Village Road,13.01,1,4.31,0,1638.7,32.45,124.06,13.44,2,3,1,0,0,1,0.3578632719230146,Moderate
R05261,State Highway,13.54,1,11.58,1,1687.4,34.84,48.65,20.77,2,1,0,0,0,1,0.13394935261262123,Safe
R05262,Village Road,16.73,0,9.24,0,1775.9,33.26,81.99,25.48,1,0,0,0,0,1,0.11728197408287752,Safe
R05263,District Road,11.69,0,8.27,1,1681.2,18.18,121.38,34.09,3,1,1,0,0,1,0.2995351948012434,Moderate
R05264,Highway,9.59,1,5.9,1,1124.4,44.59,110.84,26.93,3,4,0,1,0,1,0.4270787809692256,Moderate
R05265,Village Road,12.91,2,6.9,3,1374.7,15.3,145.59,10.05,2,2,1,0,0,1,0.3892449030916647,Moderate
R05266,District Road,6.31,0,3.8,3,742.7,11.04,37.25,29.0,3,0,0,0,1,1,0.2674462857948145,Moderate
R05267,State Highway,4.06,1,11.98,3,1144.8,44.84,149.97,26.25,1,3,1,0,0,1,0.5406713902244921,High
R05268,District Road,12.52,0,9.8,2,1118.5,43.98,26.24,14.63,2,1,0,0,0,1,0.10677269777243895,Safe
R05269,Village Road,5.06,0,8.59,3,755.9,26.63,89.15,25.51,2,2,0,0,0,1,0.2144172780600258,Safe
R05270,State Highway,2.06,1,8.29,2,1977.4,9.41,69.27,33.14,2,2,0,1,0,1,0.3167750210258735,Moderate
R05271,State Highway,0.51,0,7.54,3,1053.7,10.73,192.26,10.11,2,1,0,1,0,1,0.44291249698577695,Moderate
R05272,Highway,12.36,1,5.32,1,1401.7,23.44,98.54,34.36,1,1,0,0,0,1,0.17345065924497183,Safe
R05273,State Highway,7.56,1,5.04,2,432.4,34.92,36.8,17.41,5,1,1,0,0,1,0.3410795159209656,Moderate
R05274,Village Road,15.17,1,7.95,0,1213.7,3.49,22.21,25.19,1,1,0,1,0,1,0.330126458435673,Moderate
R05275,District Road,7.82,1,3.63,2,1915.6,30.95,110.78,16.94,3,1,0,0,0,1,0.25493742226197014,Moderate
R05276,State Highway,9.98,3,3.67,3,1139.1,4.64,25.91,28.27,0,2,0,0,0,1,0.19146732623474125,Safe
R05277,State Highway,8.44,1,8.05,1,1416.5,37.98,41.72,22.9,5,2,0,0,1,1,0.2908977193844774,Moderate
R05278,State Highway,13.19,2,11.28,0,1769.2,23.95,80.21,16.57,2,3,1,0,0,1,0.3229852542963986,Moderate
R05279,Village Road,7.44,0,11.23,1,1003.0,44.54,48.43,22.59,2,1,1,0,0,1,0.32185199691145205,Moderate
R05280,State Highway,19.29,1,3.1,2,915.5,33.88,69.07,18.79,3,4,0,1,0,1,0.38537807043172045,Moderate
R05281,Village Road,18.75,1,3.97,2,260.1,22.38,65.64,16.24,2,0,0,0,1,1,0.25305886597012794,Moderate
R05282,District Road,17.04,0,8.25,1,1476.6,6.35,89.42,24.82,1,0,1,1,0,1,0.5136277367258995,High
R05283,State Highway,18.45,1,10.64,0,1782.0,24.41,95.51,25.96,2,1,1,1,0,1,0.5319407652204727,High
R05284,Village Road,9.26,0,11.59,3,1474.1,5.15,76.66,13.51,1,1,1,1,0,1,0.4998495555866193,Moderate
R05285,District Road,10.96,0,10.75,2,744.6,40.73,82.47,33.23,3,1,0,0,0,1,0.12031666317316109,Safe
R05286,District Road,14.97,0,9.1,0,692.7,10.35,110.65,10.17,2,3,0,1,0,1,0.29223674452964793,Moderate
R05287,Village Road,14.07,2,4.8,2,440.7,38.94,49.17,16.92,1,4,0,0,1,1,0.3710932660071566,Moderate
R05288,Highway,17.87,2,3.65,1,165.1,13.68,54.52,18.58,4,1,0,0,0,1,0.09942416689026787,Safe
R05289,Highway,14.47,0,3.43,1,1095.9,9.99,161.18,11.66,1,1,0,1,0,1,0.3287407068968818,Moderate
R05290,District Road,19.96,1,8.51,2,443.3,13.69,53.5,12.25,1,2,0,0,0,1,0.16310696971651362,Safe
R05291,State Highway,7.3,0,3.33,2,1742.5,31.84,180.53,31.19,3,2,1,1,0,1,0.6241692074752414,High
R05292,State Highway,16.74,0,9.65,1,2406.2,23.63,130.03,19.05,1,1,0,1,0,1,0.31249207141686913,Moderate
R05293,Highway,14.1,2,9.41,0,230.0,4.84,38.79,19.13,1,1,0,0,0,1,0.09589067099036232,Safe
R05294,Highway,13.98,1,3.72,0,2237.7,6.17,142.26,27.22,2,2,0,0,0,1,0.18776642242782152,Safe
R05295,Village Road,6.85,0,11.16,3,1661.4,17.03,271.02,28.11,0,2,1,1,0,1,0.6678530932356623,High
R05296,Highway,15.82,0,7.7,2,2157.7,15.23,101.92,27.69,2,1,0,0,0,1,0.14910322611430377,Safe
R05297,District Road,18.06,2,11.14,1,429.6,38.33,93.35,21.72,3,1,1,1,0,0,0.6139048312429846,High
R05298,District Road,4.76,0,11.11,1,2270.9,25.75,133.26,27.67,3,5,0,1,0,1,0.3401601716198846,Moderate
R05299,District Road,12.7,0,4.77,1,2396.8,8.4,144.1,33.1,1,1,1,1,0,1,0.5537840880747008,High
R05300,Highway,8.15,1,6.43,2,2271.4,1.28,72.73,13.37,4,0,0,0,0,1,0.14858765184264167,Safe
R05301,Village Road,19.8,1,4.21,1,1974.5,4.61,50.31,24.37,2,0,0,0,0,1,0.05605107402623449,Safe
R05302,Highway,9.84,1,9.97,1,271.2,31.52,18.19,31.97,2,0,1,1,0,1,0.5778962018140229,High
R05303,Village Road,4.95,2,7.54,2,590.8,38.12,51.0,34.14,1,0,1,0,0,1,0.5228305308463996,High
R05304,Village Road,7.95,0,11.36,0,2287.2,35.21,55.24,12.2,4,1,0,1,0,1,0.33528498334679974,Moderate
R05305,District Road,13.25,2,4.87,0,612.1,35.54,130.59,33.75,1,3,0,0,0,1,0.2795856840764226,Moderate
R05306,District Road,1.98,0,9.2,1,901.9,11.74,93.96,28.16,1,2,0,0,0,1,0.08752053186571769,Safe
R05307,District Road,12.27,1,11.9,2,173.7,44.51,158.21,28.12,3,4,1,0,0,1,0.47090476558782585,Moderate
R05308,State Highway,18.66,2,8.99,2,1588.8,3.89,56.52,13.69,3,2,0,0,0,1,0.14761069093888704,Safe
R05309,Village Road,17.08,1,3.62,1,1430.1,36.95,105.43,24.4,0,2,1,0,0,1,0.40805021257698854,Moderate
R05310,Village Road,1.82,2,8.3,0,2406.3,4.36,17.5,18.96,0,1,0,0,0,1,0.12147174871049246,Safe
R05311,State Highway,19.87,2,4.62,1,2236.2,12.04,111.88,24.64,2,4,0,0,0,1,0.18013928723480988,Safe
R05312,District Road,14.13,0,3.27,0,1289.6,22.29,83.54,28.43,1,4,0,1,0,1,0.27512843932640085,Moderate
R05313,Village Road,3.66,2,6.01,0,1542.9,2.4,67.75,14.58,2,2,0,0,0,1,0.10682723188363948,Safe
R05314,Village Road,0.74,3,5.39,1,1062.3,17.74,51.1,13.82,2,3,0,1,0,0,0.41132273567781713,Moderate
R05315,District Road,3.84,1,10.1,3,374.5,15.76,197.12,18.92,3,0,0,0,0,1,0.22188149454882494,Safe
R05316,District Road,16.84,0,6.36,2,2176.1,29.12,26.17,26.06,1,0,0,1,0,1,0.3097390646643757,Moderate
R05317,State Highway,0.92,0,9.6,2,1396.4,32.31,61.36,26.85,5,5,0,0,0,1,0.1284373949891109,Safe
R05318,Village Road,5.05,0,3.15,2,1092.2,4.07,59.14,25.22,2,1,0,0,0,1,0.12073226744181972,Safe
R05319,Highway,15.27,0,3.13,2,217.7,1.71,53.7,31.24,2,2,0,0,0,1,0.05945751369554858,Safe
R05320,District Road,11.93,1,3.26,2,1680.2,34.92,71.62,28.37,3,1,0,0,0,1,0.14022641142005404,Safe
R05321,State Highway,15.76,0,4.97,1,1029.2,23.76,134.32,22.62,1,0,0,0,0,1,0.1871428735589141,Safe
R05322,State Highway,15.05,0,6.37,1,671.6,24.06,139.14,22.06,1,0,1,1,0,1,0.5622728837433195,High
R05323,District Road,1.49,1,8.47,0,2198.0,44.13,175.77,29.94,1,2,0,0,1,1,0.3340894654879027,Moderate
R05324,Village Road,17.9,1,11.87,1,499.9,19.7,72.08,32.1,1,1,0,0,0,1,0.08998941048261375,Safe
R05325,Highway,4.93,1,6.19,3,1311.8,8.83,236.49,31.23,2,1,1,0,0,1,0.4264924482740704,Moderate
R05326,District Road,11.29,2,3.5,1,1999.6,30.63,106.21,22.41,3,2,0,1,0,0,0.4127863188367204,Moderate
R05327,Highway,13.06,0,4.75,0,2130.2,36.71,30.6,24.48,1,2,0,0,0,1,0.04245661653650254,Safe
R05328,State Highway,3.79,0,11.08,1,2055.8,22.61,26.85,29.66,1,2,0,0,0,1,0.08376540399204001,Safe
R05329,District Road,19.54,0,9.29,1,2246.7,31.13,121.05,24.48,7,2,1,1,0,1,0.5557101143501056,High
R05330,District Road,10.02,1,10.11,3,398.8,23.13,35.91,15.62,4,3,0,1,0,1,0.381602636971436,Moderate
R05331,State Highway,1.62,0,4.12,0,2354.1,18.33,140.7,32.17,2,2,0,0,0,1,0.13211564862666453,Safe
R05332,State Highway,18.78,2,4.21,2,76.5,1.54,54.51,22.33,3,3,0,0,0,1,0.1540762365092589,Safe
R05333,Highway,11.93,0,4.01,2,677.0,7.82,115.23,34.55,0,2,0,0,1,1,0.12189033928655661,Safe
R05334,State Highway,14.13,3,10.71,3,255.9,21.59,155.87,23.83,4,2,0,0,0,1,0.30223602782846704,Moderate
R05335,Village Road,10.74,1,4.89,1,2366.6,17.84,184.18,19.67,2,4,0,0,0,1,0.24998114214539266,Safe
R05336,Village Road,16.78,1,8.79,2,1088.6,37.93,44.92,15.33,2,1,0,0,1,1,0.29171160275673863,Moderate
R05337,State Highway,1.15,2,7.65,0,822.4,4.88,126.15,18.62,0,1,1,0,0,1,0.3644238564212416,Moderate
R05338,District Road,5.73,2,7.9,0,459.4,2.26,43.64,15.52,4,0,0,0,0,1,0.14200401233405374,Safe
R05339,Village Road,9.66,1,4.76,1,431.8,3.92,50.59,33.04,2,2,1,0,0,1,0.31358989140713656,Moderate
R05340,Highway,1.99,3,8.72,1,1554.1,30.51,20.01,25.01,2,3,0,0,0,1,0.21047909631754236,Safe
R05341,Village Road,14.27,1,3.39,1,165.4,26.75,91.19,30.5,1,3,0,0,0,1,0.11138200931351354,Safe
R05342,Village Road,8.18,2,11.94,0,1506.1,28.45,95.7,15.21,6,2,0,0,0,1,0.25470069680853835,Moderate
R05343,Highway,5.82,1,3.24,1,1947.9,7.06,66.94,11.55,2,2,1,0,0,1,0.33422335870011555,Moderate
R05344,State Highway,0.57,2,3.45,1,1522.5,23.24,33.81,20.47,2,2,0,0,0,1,0.10710332739828274,Safe
R05345,Village Road,14.54,0,5.92,1,2075.1,34.55,47.39,33.41,3,1,0,0,0,1,0.1394561937567127,Safe
R05346,District Road,16.76,0,10.48,0,699.9,30.77,129.29,12.83,1,1,0,1,0,1,0.4044377140490607,Moderate
R05347,Highway,8.2,1,5.31,3,239.1,19.74,68.03,29.71,2,0,0,0,0,1,0.17240571953839132,Safe
R05348,State Highway,11.5,0,7.25,1,1816.4,4.66,108.51,11.48,4,2,0,1,0,1,0.3089354445855568,Moderate
R05349,District Road,4.94,0,3.16,0,2078.9,39.18,28.47,14.13,3,2,0,0,0,1,0.13153732628828982,Safe
R05350,District Road,12.63,0,3.71,2,1279.1,23.68,150.68,28.25,0,0,0,0,0,1,0.174488660584161,Safe
R05351,District Road,0.74,1,8.47,1,2060.5,40.03,184.27,15.27,1,1,1,0,0,1,0.43739130141625193,Moderate
R05352,Village Road,10.03,2,4.75,1,1171.9,19.74,233.86,10.55,1,2,1,1,0,0,0.6921500816539875,High
R05353,State Highway,13.06,1,9.25,1,536.4,10.67,107.13,15.48,2,1,1,0,0,1,0.355234121370524,Moderate
R05354,District Road,18.4,2,10.07,2,1212.3,13.83,191.99,28.32,2,1,1,1,0,0,0.676202490136518,High
R05355,District Road,7.94,1,10.65,3,579.1,18.82,23.23,23.3,1,5,0,0,0,1,0.10337810019656382,Safe
R05356,District Road,15.42,0,4.2,0,1206.5,27.64,52.71,23.68,1,3,0,0,0,1,0.09320187050818536,Safe
R05357,State Highway,12.15,0,7.1,0,411.5,34.6,110.18,20.26,2,2,1,0,0,1,0.36771574034448173,Moderate
R05358,Village Road,18.58,1,11.52,0,504.6,10.92,132.88,13.65,5,2,0,0,0,1,0.17760620526141727,Safe
R05359,Village Road,8.27,0,9.95,1,2213.1,8.45,56.84,15.39,2,1,0,0,0,1,0.08311955513721735,Safe
R05360,District Road,6.72,0,4.05,0,333.9,9.12,7.96,14.63,1,2,0,0,0,1,0.018319107169542395,Safe
R05361,District Road,17.8,1,7.52,2,599.5,42.05,31.36,27.68,1,1,0,0,0,1,0.21938174446751735,Safe
R05362,State Highway,1.46,1,11.3,1,2489.0,7.38,49.26,31.18,3,1,0,1,1,1,0.3490967650199363,Moderate
R05363,District Road,3.16,1,6.96,1,1461.2,15.56,73.42,15.94,1,0,0,1,0,1,0.3336676372968055,Moderate
R05364,District Road,2.11,2,10.54,1,1485.3,21.86,53.03,14.31,3,0,1,1,0,0,0.5654590454301811,High
R05365,District Road,16.94,2,7.46,3,2120.2,25.03,75.06,16.29,0,2,1,0,0,1,0.49410353961287135,Moderate
R05366,Village Road,0.71,2,3.96,0,1334.6,38.61,107.25,33.47,2,0,0,1,0,0,0.462102707924984,Moderate
R05367,District Road,17.3,3,4.33,2,593.4,5.08,15.93,15.34,5,1,0,0,0,1,0.09497994881400348,Safe
R05368,State Highway,9.3,0,3.42,2,1085.0,4.86,89.61,27.25,2,2,0,0,0,1,0.0853743620578088,Safe
R05369,Village Road,0.58,1,4.76,1,1899.8,14.24,170.19,12.92,0,1,0,1,0,1,0.4126087151846275,Moderate
R05370,State Highway,8.33,2,11.04,1,2187.5,18.59,63.32,26.51,2,1,0,0,0,1,0.1756206551743381,Safe
R05371,State Highway,4.14,1,8.85,0,719.3,16.82,41.19,16.11,1,4,0,0,0,1,0.10001684724234108,Safe
R05372,State Highway,12.68,2,9.65,2,691.8,17.64,76.31,30.93,2,2,1,0,0,1,0.42522284928553006,Moderate
R05373,District Road,13.75,1,8.59,2,852.6,38.32,200.09,10.58,1,0,1,0,0,1,0.43083237255439244,Moderate
R05374,Village Road,10.01,1,6.48,0,1510.7,37.65,81.1,22.51,2,2,1,1,1,0,0.6789648233603384,High
R05375,District Road,1.29,0,4.95,1,732.3,36.25,27.29,26.58,2,3,0,0,0,1,0.09562207848913032,Safe
R05376,Village Road,13.29,3,11.33,0,2238.2,33.99,55.52,28.59,1,0,0,0,0,1,0.2041320857090983,Safe
R05377,District Road,16.92,2,7.63,1,2446.1,1.82,87.7,32.51,1,4,0,0,1,1,0.3449606537827515,Moderate
R05378,State Highway,14.55,2,7.33,2,1713.8,6.72,100.46,25.65,4,1,0,1,0,0,0.4273203050162632,Moderate
R05379,Village Road,16.68,1,11.96,2,2427.2,32.95,97.77,13.22,0,1,0,0,0,1,0.13802349948998538,Safe
R05380,State Highway,4.41,0,6.46,1,755.2,26.77,53.12,28.09,1,2,0,0,0,1,0.15200391752515363,Safe
R05381,State Highway,17.83,0,10.69,0,2047.2,30.33,57.75,23.2,1,1,0,0,0,1,0.05852880622690486,Safe
R05382,District Road,6.78,2,10.76,2,1712.2,32.26,105.24,12.49,5,1,1,1,0,0,0.6450250639144802,High
R05383,State Highway,0.76,1,5.09,1,694.8,41.01,92.91,13.51,0,1,1,0,0,1,0.4349305392609397,Moderate
R05384,Highway,16.95,0,3.85,0,830.1,28.58,111.07,30.71,1,3,0,0,0,1,0.19125925214039335,Safe
R05385,District Road,18.87,1,11.78,1,1247.1,12.4,127.26,24.14,5,1,1,1,0,1,0.5890177777129033,High
R05386,District Road,13.28,1,6.83,0,1989.5,3.74,111.84,13.95,2,0,1,0,0,1,0.25037162700966664,Moderate
R05387,District Road,5.01,1,3.02,2,2186.9,19.44,90.28,29.71,3,3,1,0,0,1,0.3815238972448158,Moderate
R05388,Village Road,5.41,1,7.49,0,1603.2,31.94,24.37,24.66,3,4,0,0,0,1,0.09709740846820938,Safe
R05389,District Road,9.6,1,8.57,1,1817.9,12.69,63.58,14.18,1,0,1,0,0,1,0.238740024042153,Safe
R05390,Village Road,18.01,2,9.98,0,696.4,5.4,30.48,21.24,0,0,0,0,0,1,0.06045224547499507,Safe
R05391,Highway,3.42,0,11.49,2,1865.6,44.94,92.77,33.22,1,1,0,0,0,1,0.19365584053523696,Safe
R05392,District Road,16.61,0,11.24,1,1532.2,18.85,31.9,28.79,5,1,0,0,0,1,0.140039358574016,Safe
R05393,Village Road,6.18,1,11.46,2,596.2,9.73,125.54,19.67,2,2,0,1,0,1,0.46923429769867986,Moderate
R05394,District Road,16.27,3,3.29,1,2378.0,7.41,113.22,10.13,1,1,0,0,0,1,0.23405866391016455,Safe
R05395,District Road,18.45,1,9.41,0,1306.5,38.83,66.99,15.65,2,0,1,0,0,1,0.34058801119991405,Moderate
R05396,State Highway,8.84,1,5.03,0,1996.4,36.88,82.57,14.52,2,1,0,1,0,1,0.3236108193672749,Moderate
R05397,Highway,7.62,1,4.69,3,1337.8,27.6,189.23,19.44,2,2,1,0,0,1,0.48085997562684596,Moderate
R05398,District Road,16.14,1,10.2,1,2335.7,24.62,87.2,32.06,2,1,0,1,0,1,0.3591741991622736,Moderate
R05399,State Highway,10.82,3,6.75,1,396.1,42.81,85.26,14.5,2,1,0,1,1,0,0.5468699524209637,High
R05400,Village Road,13.85,2,11.25,3,1388.1,10.27,46.67,11.24,1,0,0,0,0,1,0.14387664427523256,Safe
R05401,State Highway,12.65,1,3.38,0,111.6,18.69,188.27,13.28,1,1,1,0,0,1,0.4728238849514378,Moderate
R05402,Village Road,3.48,1,10.22,2,533.6,1.11,87.39,21.16,2,2,0,0,0,1,0.13024950951770503,Safe
R05403,Village Road,16.97,0,4.23,0,738.5,18.84,23.39,11.69,4,0,0,1,0,1,0.29888443417783483,Moderate
R05404,State Highway,4.32,1,4.59,0,1207.9,17.29,145.75,23.91,2,0,0,1,0,1,0.38765719727503606,Moderate
R05405,State Highway,18.68,2,7.3,0,2059.4,42.73,13.46,16.85,4,3,0,1,0,0,0.3867271836294718,Moderate
R05406,Village Road,5.39,1,6.56,2,1193.3,16.12,169.77,19.37,4,0,0,1,0,1,0.45473854419554,Moderate
R05407,Village Road,14.81,0,7.38,1,1424.9,37.57,145.3,13.9,3,3,1,0,0,1,0.4167942055446531,Moderate
R05408,District Road,6.05,3,11.46,0,2313.9,34.5,73.74,28.64,1,0,1,0,0,0,0.43606747507654287,Moderate
R05409,State Highway,6.7,1,8.92,0,1903.5,6.63,157.82,19.53,1,3,1,0,0,1,0.35967019844266923,Moderate
R05410,District Road,6.55,1,5.61,0,173.0,43.32,16.63,12.88,3,6,0,1,0,1,0.3177859339038341,Moderate
R05411,District Road,15.08,0,4.56,2,482.3,28.39,187.65,19.04,6,1,1,0,0,1,0.4510694163448172,Moderate
R05412,State Highway,11.36,1,6.78,1,143.6,26.84,23.91,34.59,1,1,0,0,0,1,0.15911408616198167,Safe
R05413,District Road,17.72,2,7.06,3,219.2,0.53,60.4,27.85,3,2,0,0,0,1,0.198658288402132,Safe
R05414,Highway,6.49,1,8.41,2,880.2,31.46,157.84,31.73,1,2,0,0,0,1,0.2830066592156071,Moderate
R05415,Highway,13.99,1,5.39,2,1833.3,2.5,139.83,32.3,3,2,0,1,0,1,0.38300655444585674,Moderate
R05416,State Highway,15.18,0,9.91,0,648.7,8.34,126.44,23.72,3,2,1,0,0,1,0.3293067230442668,Moderate
R05417,State Highway,3.45,1,3.89,0,1011.1,4.44,51.31,23.92,3,2,0,0,0,1,0.07062837234759295,Safe
R05418,State Highway,8.31,3,8.04,1,1015.0,17.02,116.4,32.67,3,0,0,0,0,1,0.23161873546108058,Safe
R05419,District Road,9.91,1,8.61,1,1496.3,35.81,225.76,31.83,0,2,0,1,0,1,0.5409967092428928,High
R05420,State Highway,7.44,3,4.86,1,2237.7,31.83,104.19,27.91,4,1,1,0,0,0,0.4373271921460224,Moderate
R05421,State Highway,6.78,3,10.43,0,2458.9,4.8,89.31,30.55,1,4,0,0,0,1,0.21273688031832177,Safe
R05422,State Highway,13.89,3,8.54,3,1531.3,35.93,133.0,28.53,1,1,1,0,0,0,0.46480329429841044,Moderate
R05423,Village Road,4.71,2,8.81,0,1287.4,20.74,205.65,17.7,2,3,1,0,0,1,0.4604429080935732,Moderate
R05424,District Road,14.33,0,7.48,0,1720.6,1.47,61.98,13.02,4,3,0,0,1,1,0.24296738708349352,Safe
R05425,District Road,18.73,3,11.19,2,1686.7,10.07,74.15,27.93,5,1,0,0,0,1,0.22416440538023538,Safe
R05426,District Road,11.52,0,9.25,0,1333.7,35.33,119.88,32.64,2,3,0,0,0,1,0.13310262999591674,Safe
R05427,Village Road,12.42,0,6.44,0,1855.5,33.0,72.42,34.46,2,2,0,0,0,1,0.1300889372906941,Safe
R05428,State Highway,1.84,0,5.15,0,1253.6,8.48,29.97,11.22,1,0,0,0,0,1,0.07604730770687762,Safe
R05429,District Road,17.36,0,3.64,0,2491.3,1.71,70.45,25.92,0,1,0,0,1,1,0.13914796571992827,Safe
R05430,District Road,6.07,1,4.49,0,170.0,13.28,108.72,25.43,0,0,1,0,0,1,0.28268770516107006,Moderate
R05431,District Road,12.49,1,11.93,0,1135.9,35.77,32.57,19.23,1,3,0,0,0,1,0.17353507244132219,Safe
R05432,Highway,19.59,0,6.66,1,1022.7,42.23,30.04,23.81,2,0,1,0,0,1,0.33301796588267446,Moderate
R05433,District Road,12.11,1,11.09,1,1937.2,25.78,85.4,21.39,2,1,0,0,0,1,0.18304208490416599,Safe
R05434,Highway,14.63,1,4.54,1,517.5,4.1,46.16,33.11,2,0,0,0,0,1,0.08510468098358683,Safe
R05435,District Road,9.18,2,6.83,1,1113.5,22.59,265.71,17.48,2,4,1,1,0,0,0.6710533227283755,High
R05436,District Road,1.68,0,11.64,0,1760.0,44.95,81.25,14.48,4,5,0,0,0,1,0.20173122575908747,Safe
R05437,State Highway,16.05,0,3.82,0,1527.8,42.24,65.56,26.83,3,1,0,1,0,1,0.3657490951176471,Moderate
R05438,Village Road,1.18,0,8.35,2,1385.5,44.69,106.27,17.15,2,2,1,0,0,1,0.404173884607725,Moderate
R05439,Highway,14.16,0,11.27,1,1115.6,31.47,65.88,11.39,1,2,1,0,0,1,0.3140435972381643,Moderate
R05440,Village Road,0.95,1,11.55,0,1892.4,19.17,84.63,30.04,1,0,0,0,0,1,0.12086923683912251,Safe
R05441,District Road,17.31,1,10.61,3,1633.7,40.19,133.16,18.11,3,0,1,1,0,1,0.7086591645405117,High
R05442,State Highway,3.57,0,10.7,2,2193.0,40.28,198.72,34.81,4,2,1,1,0,1,0.7127753046881474,High
R05443,Highway,10.53,1,8.87,0,1845.8,6.5,55.85,17.8,2,3,1,0,0,1,0.28366386471269706,Moderate
R05444,Village Road,12.14,1,4.98,3,394.0,34.89,13.18,23.89,1,0,0,0,0,1,0.12792627225884287,Safe
R05445,Highway,9.42,3,9.58,1,1567.9,41.37,56.08,14.03,1,2,0,0,0,1,0.24801402624829372,Safe
R05446,State Highway,7.14,0,11.81,3,159.1,40.43,88.17,23.32,4,1,0,0,0,1,0.2522716290806794,Moderate
R05447,State Highway,9.62,2,7.73,0,999.1,31.81,95.37,16.63,1,1,0,0,0,1,0.15484023574928174,Safe
R05448,District Road,6.57,2,5.35,0,1059.2,24.18,132.58,27.05,6,0,1,0,0,1,0.4550281261106448,Moderate
R05449,District Road,9.04,0,8.16,2,2144.5,34.95,79.31,10.71,1,1,0,0,0,1,0.09111939644435672,Safe
R05450,Highway,7.5,3,9.22,0,491.9,23.23,80.23,27.48,3,3,1,0,0,0,0.4478906639517433,Moderate
R05451,State Highway,11.54,2,4.87,0,1626.7,14.46,41.4,22.94,2,3,1,0,0,1,0.32464617027127746,Moderate
R05452,State Highway,5.14,1,9.47,2,521.3,11.65,52.44,19.5,1,0,0,0,0,1,0.10514616053762826,Safe
R05453,State Highway,19.78,1,8.29,0,2374.2,24.33,157.73,11.61,1,2,0,0,0,1,0.22361957029479318,Safe
R05454,District Road,10.27,1,8.51,3,1347.3,20.52,150.12,11.56,1,2,1,0,0,1,0.40840199053886345,Moderate
R05455,District Road,4.29,0,5.75,1,1785.1,23.6,168.78,29.8,1,2,0,0,0,1,0.1984079107434806,Safe
R05456,State Highway,9.8,0,4.4,2,1634.0,11.73,105.59,28.52,1,2,0,0,0,1,0.17325586847949925,Safe
R05457,State Highway,17.4,2,8.61,1,793.9,26.58,65.64,21.64,1,2,0,1,1,0,0.4133896048567247,Moderate
R05458,State Highway,0.93,2,8.28,1,2257.9,29.79,63.19,10.17,3,1,0,1,0,0,0.42591437226909284,Moderate
R05459,Village Road,13.75,0,6.04,1,1586.8,36.31,223.8,30.33,1,2,0,0,0,1,0.2458838201746243,Safe
R05460,Village Road,11.19,2,5.66,2,1300.3,26.55,259.64,26.64,1,1,0,1,0,0,0.5584458092838709,High
R05461,Village Road,3.81,2,6.13,1,1344.5,34.02,92.93,11.92,0,5,0,1,0,0,0.4123131940069385,Moderate
R05462,State Highway,16.44,0,7.41,0,2232.2,7.62,54.44,16.91,2,1,0,0,0,1,0.08910485161901427,Safe
R05463,Highway,7.69,1,11.77,0,194.8,5.45,88.65,11.69,2,1,0,0,0,1,0.11326519491976243,Safe
R05464,State Highway,6.23,1,9.87,0,1003.2,8.08,76.0,31.75,3,2,0,0,0,1,0.1023999761130156,Safe
R05465,State Highway,16.65,2,10.67,1,2112.0,38.08,162.63,22.59,3,0,1,0,0,1,0.4843772772894139,Moderate
R05466,District Road,12.95,2,7.55,2,141.9,25.03,21.65,19.36,0,1,0,0,0,1,0.12376748293898139,Safe
R05467,Village Road,18.02,0,7.74,0,1616.0,20.49,64.75,25.79,2,2,0,1,0,1,0.2634042732819504,Moderate
R05468,Village Road,12.78,1,4.84,0,1038.0,34.3,39.88,28.65,2,1,0,0,0,1,0.1682036330848153,Safe
R05469,Village Road,14.95,2,9.49,3,551.2,5.58,99.35,26.33,3,5,0,0,0,1,0.21089524578179894,Safe
R05470,State Highway,16.81,2,6.79,1,1547.9,0.28,102.71,30.72,2,0,0,0,0,1,0.17635468248427166,Safe
R05471,District Road,1.57,0,9.68,3,2086.1,13.99,93.32,24.86,2,3,0,1,0,1,0.3950894490693505,Moderate
R05472,State Highway,15.63,1,6.68,3,1195.0,11.2,27.97,10.08,2,0,0,1,0,1,0.32751345037396873,Moderate
R05473,Highway,12.47,2,3.98,0,409.5,13.83,21.93,13.4,3,0,0,0,0,1,0.1516194035380912,Safe
R05474,District Road,1.86,0,4.56,3,800.1,43.81,64.04,31.68,5,1,0,0,0,1,0.21632920019103755,Safe
R05475,Highway,10.42,1,10.3,0,2454.3,25.55,99.19,13.2,1,0,1,0,1,1,0.5062353407897845,High
R05476,District Road,2.11,2,5.33,3,322.2,26.51,100.01,25.49,2,2,1,0,0,1,0.42670164242436137,Moderate
R05477,State Highway,14.85,0,5.38,1,443.8,29.51,62.82,15.15,1,0,0,1,0,1,0.2957978887778067,Moderate
R05478,District Road,11.16,2,11.36,1,2475.9,17.9,139.91,34.01,0,0,1,1,0,0,0.6163841038319813,High
R05479,Village Road,19.09,0,8.92,2,2211.1,44.05,52.68,15.63,2,2,0,0,0,1,0.19136157032999582,Safe
R05480,State Highway,4.07,0,4.03,2,1782.5,43.8,112.85,19.05,3,5,1,0,0,1,0.44508231327030345,Moderate
R05481,Village Road,12.32,0,4.29,1,419.9,34.62,50.73,29.34,2,0,0,0,0,1,0.09341585670932603,Safe
R05482,State Highway,4.63,0,5.45,1,639.3,9.53,17.34,26.45,2,1,0,1,0,1,0.26241859693513353,Moderate
R05483,District Road,12.47,0,8.35,0,491.4,39.61,57.74,18.04,0,1,0,0,0,1,0.12025339251049279,Safe
R05484,District Road,14.59,1,9.78,2,1595.8,4.54,34.08,27.45,3,0,0,0,0,1,0.10084453617499001,Safe
R05485,District Road,14.58,0,5.47,0,1027.2,28.35,254.32,34.5,0,2,1,1,0,1,0.6458034344396477,High
R05486,Village Road,16.39,3,10.84,2,167.1,20.57,22.29,13.62,1,2,1,0,1,0,0.5397900654745273,High
R05487,State Highway,17.14,1,3.98,1,763.7,1.76,76.33,16.01,3,1,1,0,0,1,0.3122897956030631,Moderate
R05488,District Road,2.01,1,4.87,1,2158.6,40.68,98.79,21.23,2,1,0,0,0,1,0.22165618873549975,Safe
R05489,District Road,7.19,1,11.73,1,2000.3,43.25,138.56,17.84,2,3,1,1,0,1,0.5830414853408513,High
R05490,Village Road,13.9,1,4.21,2,1625.4,40.83,128.99,17.92,3,0,0,0,0,1,0.19566111853882723,Safe
R05491,State Highway,10.22,1,10.99,3,259.6,8.66,32.28,20.73,4,4,0,0,1,1,0.22920781084886233,Safe
R05492,Village Road,4.22,0,9.34,0,2212.8,14.98,72.03,29.74,2,1,0,0,0,1,0.1128030289071306,Safe
R05493,District Road,11.28,2,3.66,3,1359.6,43.01,31.91,18.92,2,3,0,1,0,0,0.4506164893472756,Moderate
R05494,State Highway,8.44,1,7.35,3,1261.7,4.79,113.8,16.42,2,2,1,0,0,1,0.40822614655387746,Moderate
R05495,District Road,8.11,0,7.67,2,2338.5,26.25,15.01,23.77,4,1,0,0,0,1,0.17855304463909616,Safe
R05496,State Highway,16.29,1,11.39,2,71.7,21.85,24.05,31.79,1,2,0,0,1,1,0.1820358017000959,Safe
R05497,District Road,8.45,1,6.79,2,1411.9,6.84,61.54,27.49,1,4,0,0,0,1,0.15262031986082314,Safe
R05498,Village Road,1.02,0,7.02,0,1988.5,39.9,43.95,18.5,0,2,0,0,0,1,0.1618334955341684,Safe
R05499,District Road,1.63,2,4.01,1,206.0,6.04,80.4,34.3,0,1,1,0,0,1,0.3915507810965131,Moderate
R05500,District Road,17.2,1,8.75,2,925.1,26.67,105.06,27.27,2,0,0,0,0,1,0.25673243964489856,Moderate
R05501,District Road,19.23,1,4.9,3,2444.8,14.32,37.6,13.46,5,0,0,1,0,1,0.4107237988294718,Moderate
R05502,Highway,13.92,1,3.7,1,568.9,18.81,105.85,27.36,5,1,0,0,1,1,0.15181716980698245,Safe
R05503,State Highway,7.61,3,11.97,2,1351.4,9.51,90.2,32.65,1,1,0,0,0,1,0.1990916763994523,Safe
R05504,District Road,18.8,0,5.43,2,1877.9,28.11,82.73,21.82,2,3,0,0,0,1,0.22718750227739892,Safe
R05505,State Highway,13.42,1,4.27,0,1006.4,44.49,68.08,28.24,2,1,0,1,0,1,0.43516015991323026,Moderate
R05506,State Highway,16.96,0,9.3,0,1049.3,37.51,71.02,13.77,4,2,1,0,1,1,0.36767355416476966,Moderate
R05507,District Road,15.43,2,10.4,2,205.0,30.74,106.88,12.76,2,2,1,1,0,0,0.696378464023872,High
R05508,State Highway,7.89,0,3.58,0,515.7,34.04,60.57,25.7,1,0,0,0,0,1,0.13252631024979783,Safe
R05509,State Highway,9.83,0,3.95,0,2207.5,37.77,73.14,20.01,6,2,1,0,1,1,0.44748181462827397,Moderate
R05510,District Road,4.13,2,3.81,1,2054.9,21.26,85.42,21.48,1,2,1,0,0,1,0.4190596409583285,Moderate
R05511,Highway,6.19,1,3.42,2,796.4,25.52,78.02,17.69,3,0,0,0,0,1,0.23228472690249233,Safe
R05512,Village Road,15.67,0,8.94,1,985.2,40.3,95.18,21.39,0,1,1,0,0,1,0.3283653370374166,Moderate
R05513,Village Road,17.93,1,8.29,2,1129.0,31.32,70.2,12.48,0,3,0,1,0,1,0.465165319129212,Moderate
R05514,District Road,14.63,2,8.97,0,897.6,6.12,57.48,12.7,3,1,0,0,0,1,0.1326411174038352,Safe
R05515,Highway,9.57,0,7.55,0,1652.1,35.08,91.18,21.1,1,1,0,1,0,1,0.3324204617737452,Moderate
R05516,Village Road,2.19,0,10.36,1,81.4,1.02,35.39,21.33,4,1,0,0,0,1,0.027333878020144434,Safe
R05517,Village Road,1.61,3,7.92,2,2206.4,38.14,164.85,31.79,0,0,1,1,0,0,0.7017660582632212,High
R05518,Village Road,7.8,1,11.27,1,786.6,35.47,96.56,18.26,4,1,0,1,1,1,0.4703106241253402,Moderate
R05519,Highway,9.54,1,7.37,0,2187.3,37.38,47.42,26.92,0,1,0,0,1,1,0.1986206221053003,Safe
R05520,District Road,12.38,2,10.12,2,1163.2,1.06,51.89,17.58,3,0,0,1,0,0,0.29691998272918907,Moderate
R05521,Village Road,0.63,1,6.67,2,1952.0,43.76,141.81,17.7,3,3,1,1,0,1,0.7409838065851461,High
R05522,District Road,19.8,0,6.92,0,2073.2,27.64,194.39,27.72,1,2,1,1,0,1,0.6522272967722884,High
R05523,District Road,7.6,0,10.64,0,788.2,36.0,57.24,24.05,3,2,0,0,1,1,0.17338726796731885,Safe
R05524,District Road,17.04,1,3.97,1,1618.8,25.5,40.94,19.32,3,2,0,0,1,1,0.27248591360339536,Moderate
R05525,District Road,10.93,2,8.08,0,1538.2,15.29,75.86,22.08,4,1,0,0,0,1,0.2167776739338303,Safe
R05526,Highway,3.04,0,9.54,1,1216.2,13.33,93.71,31.11,4,2,0,1,0,1,0.3092879838958906,Moderate
R05527,District Road,16.05,0,9.75,0,1200.4,3.15,54.64,28.65,2,1,0,0,0,1,0.12345247991195824,Safe
R05528,Highway,14.34,2,8.32,0,797.7,24.41,156.38,33.37,2,1,0,1,0,0,0.46573413246389994,Moderate
R05529,District Road,10.79,0,7.03,1,810.0,6.46,37.53,31.92,1,1,1,0,0,1,0.3091828697691791,Moderate
R05530,State Highway,10.53,1,5.35,0,1393.0,25.54,161.76,26.74,0,2,1,0,0,1,0.4455003495294973,Moderate
R05531,District Road,2.21,0,11.18,0,129.1,28.12,55.57,14.75,0,2,0,0,0,1,0.10800525393662685,Safe
R05532,Highway,13.29,1,6.33,2,2337.5,19.89,200.42,19.05,2,1,1,0,0,1,0.4293140110822533,Moderate
R05533,District Road,18.27,1,10.19,0,1642.4,7.03,54.33,23.87,0,0,1,0,0,1,0.3236585568458214,Moderate
R05534,Village Road,2.32,0,3.28,2,1136.4,19.47,49.66,10.85,1,3,0,1,0,1,0.2566564075637447,Moderate
R05535,State Highway,5.64,1,5.09,2,201.4,39.54,75.56,27.03,0,4,0,1,0,1,0.38971894319627776,Moderate
R05536,Highway,18.1,1,6.11,0,1593.5,20.61,30.57,34.5,3,3,0,1,0,1,0.3456443329913592,Moderate
R05537,Highway,6.04,1,9.04,0,93.5,15.42,185.51,30.69,2,1,1,0,0,1,0.35295207733553496,Moderate
R05538,Village Road,13.25,1,5.87,1,1715.7,28.34,193.66,27.2,3,2,1,0,0,1,0.3771930994506725,Moderate
R05539,District Road,10.93,1,3.37,1,227.7,27.85,72.44,26.95,1,0,1,0,0,1,0.33954861515640006,Moderate
R05540,District Road,12.13,1,4.56,1,1657.5,4.08,27.25,32.43,3,2,0,0,0,1,0.11447369528402374,Safe
R05541,Highway,8.61,1,5.33,2,1044.4,10.64,35.77,17.76,3,2,0,0,1,1,0.18334559949143459,Safe
R05542,District Road,6.35,1,4.58,0,1673.4,22.25,19.72,21.17,0,1,0,0,0,1,0.11677387124622443,Safe
R05543,Village Road,1.45,1,4.83,1,389.3,16.48,127.63,26.51,2,1,0,1,0,1,0.26189261613608955,Moderate
R05544,Village Road,15.01,1,9.92,3,337.6,14.4,54.44,24.32,1,0,1,0,0,1,0.3871734737586998,Moderate
R05545,District Road,15.05,0,6.71,0,656.2,20.06,76.03,31.1,2,3,0,0,0,1,0.060391191647467306,Safe
R05546,Highway,13.58,0,6.65,0,1058.2,13.06,67.35,19.16,3,2,0,1,0,1,0.2486911812395226,Safe
R05547,Highway,13.05,0,11.7,1,669.9,15.64,86.07,20.41,2,3,1,0,0,1,0.41125189778733484,Moderate
R05548,Highway,5.25,3,7.02,3,250.9,34.81,67.52,16.23,5,0,0,0,0,1,0.29601548752999324,Moderate
R05549,State Highway,0.94,2,11.35,0,846.3,22.96,96.17,25.96,2,3,0,0,0,1,0.14406000544819822,Safe
R05550,Highway,16.27,1,5.69,1,1779.1,39.28,81.62,19.76,3,1,0,0,0,1,0.2347869472703587,Safe
R05551,State Highway,10.08,0,6.61,0,1478.6,42.69,34.68,23.72,1,0,0,1,1,1,0.40043233881123635,Moderate
R05552,State Highway,6.48,0,6.57,1,2410.1,41.49,125.6,11.51,3,0,1,0,0,1,0.3961891206626065,Moderate
R05553,Village Road,2.49,2,7.91,0,1118.0,11.42,119.93,27.61,5,1,1,1,1,0,0.6891649022989196,High
R05554,District Road,1.72,2,8.26,1,865.4,21.28,21.86,23.31,0,1,0,0,0,1,0.18520869266910875,Safe
R05555,Village Road,7.3,0,5.23,1,1749.5,24.08,66.95,28.56,2,3,0,0,0,1,0.11830445600709522,Safe
R05556,District Road,16.19,2,10.14,3,1059.3,38.35,69.43,16.25,1,4,0,0,0,1,0.21712140900776514,Safe
R05557,Highway,18.42,1,7.47,2,1564.9,25.16,87.57,31.39,3,0,1,0,0,1,0.3645870428294411,Moderate
R05558,District Road,17.99,0,3.06,2,2368.4,11.37,78.05,31.77,2,0,0,0,0,1,0.10905647277755288,Safe
R05559,State Highway,18.44,2,8.32,0,1273.0,24.64,66.13,20.93,1,0,0,0,0,1,0.1473385800298014,Safe
R05560,District Road,18.2,1,10.18,0,1270.5,1.99,7.12,12.38,0,5,0,0,0,1,0.04270287619023171,Safe
R05561,State Highway,10.78,2,5.25,1,1949.2,37.54,90.16,22.68,0,2,1,0,0,1,0.4511022209593302,Moderate
R05562,Village Road,4.78,0,3.34,1,1902.4,25.47,24.41,26.18,1,4,0,1,1,1,0.3854717496876825,Moderate
R05563,State Highway,16.06,0,10.26,1,1314.8,29.33,99.49,24.99,1,1,1,0,0,1,0.30026361227978704,Moderate
R05564,State Highway,4.67,0,11.79,0,208.6,9.04,15.1,32.44,1,1,0,0,0,1,0.06549735207333565,Safe
R05565,Village Road,5.71,0,3.69,1,2452.9,25.12,103.13,32.96,2,2,0,0,0,1,0.14992824032235272,Safe
R05566,Highway,5.05,1,11.44,0,974.4,23.88,38.38,25.55,0,4,0,0,0,1,0.1489108996288286,Safe
R05567,District Road,10.54,0,6.23,1,825.9,27.88,100.47,26.06,1,2,0,0,0,1,0.147715742756616,Safe
R05568,District Road,6.78,1,11.47,0,2454.8,38.13,76.91,13.25,0,4,0,0,0,1,0.16150130422113493,Safe
R05569,Village Road,3.51,1,8.84,2,2186.7,34.4,7.77,19.83,4,0,0,1,0,1,0.30754259860519956,Moderate
R05570,Village Road,9.34,2,11.01,0,859.0,24.61,44.81,18.25,3,1,0,0,0,1,0.180740192881229,Safe
R05571,Village Road,17.54,1,10.07,3,805.4,40.2,104.12,18.65,2,1,1,0,0,1,0.43701944374164853,Moderate
R05572,Highway,11.63,1,3.25,2,1816.3,16.13,46.58,28.18,1,3,0,0,0,1,0.07923896708471063,Safe
R05573,Village Road,17.63,0,3.59,2,869.1,22.16,239.46,22.2,4,2,1,1,0,1,0.6155692417922942,High
R05574,District Road,4.32,0,7.73,3,666.0,29.22,66.56,22.56,3,0,0,0,0,1,0.20167721932406793,Safe
R05575,District Road,3.76,0,4.17,0,2450.2,19.83,56.26,16.19,1,1,0,0,0,1,0.1474056619987953,Safe
R05576,Highway,11.72,0,7.15,1,1436.0,16.26,104.23,14.18,3,2,0,1,0,1,0.3134329587151602,Moderate
R05577,District Road,9.53,0,11.59,2,1918.1,5.06,104.56,20.23,4,2,0,0,0,1,0.12253758448600269,Safe
R05578,Village Road,13.37,0,5.65,0,1797.0,28.62,111.74,11.44,2,2,0,0,0,1,0.16970306528474136,Safe
R05579,Village Road,16.0,1,7.4,1,1901.0,8.67,85.53,13.99,1,0,0,1,0,1,0.37475102061904053,Moderate
R05580,District Road,15.15,3,6.46,1,2263.3,6.22,278.31,30.46,2,2,1,0,0,0,0.5261898320907457,High
R05581,Highway,18.87,0,8.67,1,1276.9,8.2,87.95,20.94,2,2,0,0,0,1,0.10628998786640105,Safe
R05582,State Highway,8.27,2,4.74,3,1895.8,30.98,149.47,34.41,0,1,1,0,0,1,0.48799262979546676,Moderate
R05583,Village Road,4.52,0,5.34,1,2002.2,6.23,24.7,10.11,2,1,0,0,0,1,0.0434581406308315,Safe
R05584,District Road,11.24,1,10.73,0,2368.6,43.93,62.73,33.01,3,1,1,0,0,1,0.33824353100978405,Moderate
R05585,District Road,2.66,1,10.3,3,1797.1,34.13,64.24,26.31,3,1,0,0,0,1,0.24202308684893328,Safe
R05586,Highway,6.13,3,10.1,0,2236.9,17.67,123.59,25.58,3,3,1,0,0,0,0.3768491450557633,Moderate
R05587,District Road,4.55,0,9.94,2,282.8,26.7,35.98,31.01,1,3,0,0,0,1,0.17124944698475908,Safe
R05588,District Road,8.23,0,7.13,3,358.9,0.34,62.84,25.67,1,2,0,0,0,1,0.10950324724482817,Safe
R05589,Village Road,2.67,0,9.56,2,437.9,38.0,93.1,10.87,4,1,0,0,0,1,0.20182017705111324,Safe
R05590,District Road,1.12,1,6.48,2,404.8,12.2,50.28,32.63,3,1,0,0,0,1,0.14031354707787802,Safe
R05591,State Highway,13.31,3,3.91,2,264.4,3.23,13.34,31.83,3,2,0,0,0,1,0.1938067040398246,Safe
R05592,District Road,12.4,2,6.54,2,350.3,34.12,127.71,23.0,0,2,0,0,0,1,0.2842347258530473,Moderate
R05593,Highway,14.31,2,4.43,1,2490.0,14.83,155.18,13.15,2,1,1,0,0,1,0.42208972017966756,Moderate
R05594,Village Road,13.38,1,6.52,0,716.9,25.54,65.79,30.54,2,2,0,1,0,1,0.2866487614475398,Moderate
R05595,State Highway,2.73,2,5.68,0,1221.2,37.98,79.08,23.24,4,2,1,0,0,1,0.44935275466123836,Moderate
R05596,District Road,6.18,1,8.39,2,2063.0,34.92,101.29,18.16,2,3,1,0,0,1,0.45117634324921135,Moderate
R05597,State Highway,3.03,0,6.25,1,339.8,15.16,131.5,34.83,1,2,0,0,0,1,0.10438165820880602,Safe
R05598,District Road,16.94,2,9.35,1,827.5,39.09,33.75,14.11,3,3,0,0,0,1,0.14523940788074374,Safe
R05599,District Road,15.06,0,7.61,2,440.3,17.5,47.36,14.11,1,3,0,0,0,1,0.08197200038159916,Safe
R05600,District Road,4.43,0,11.28,2,203.3,22.5,27.69,24.99,1,1,0,0,0,1,0.08491479945998569,Safe
R05601,State Highway,7.16,0,3.82,2,2403.8,27.56,166.25,16.67,5,2,0,1,0,1,0.40766780183657253,Moderate
R05602,State Highway,19.35,1,9.19,0,2153.0,3.19,102.86,20.3,0,1,1,0,0,1,0.22601477109322962,Safe
R05603,Highway,12.09,1,9.05,1,2204.3,26.87,39.06,16.01,0,0,0,0,1,1,0.2234565738772909,Safe
R05604,District Road,16.12,0,11.56,0,2178.3,25.98,27.38,29.57,2,3,0,0,0,1,0.022368771339884908,Safe
R05605,Highway,5.66,2,6.34,1,428.7,39.31,98.09,16.87,4,1,0,1,0,0,0.4416667822876382,Moderate
R05606,District Road,4.6,2,5.75,0,1973.2,15.91,9.59,31.06,2,1,0,0,0,1,0.1125874824248301,Safe
R05607,Village Road,15.79,3,4.55,2,1833.3,10.9,162.44,28.4,4,2,1,0,0,0,0.5073523352909687,High
R05608,Village Road,13.87,1,5.39,0,2317.3,21.44,98.94,17.44,1,2,0,0,0,1,0.1010527433745401,Safe
R05609,District Road,13.78,2,7.52,0,587.3,30.93,55.53,29.98,4,1,0,0,0,1,0.18452096436406784,Safe
R05610,District Road,11.28,2,10.54,2,1064.4,25.29,70.6,17.97,1,2,1,0,0,1,0.3717514816548506,Moderate
R05611,Highway,11.49,0,5.56,0,772.6,6.22,90.64,20.17,4,0,1,1,1,1,0.5805856591332009,High
R05612,District Road,14.85,0,4.42,2,681.9,15.66,132.98,11.96,2,3,1,0,0,1,0.36482913325891525,Moderate
R05613,Village Road,5.77,1,5.45,3,1648.3,2.87,56.96,24.22,1,1,1,0,0,1,0.34698376656000424,Moderate
R05614,State Highway,7.38,0,3.91,1,451.7,33.27,35.69,30.41,2,3,0,1,0,1,0.3541129448596716,Moderate
R05615,District Road,17.5,0,11.34,2,1188.8,39.73,110.69,25.57,2,1,0,0,0,1,0.17129321771284245,Safe
R05616,Village Road,6.52,1,10.85,2,1634.3,2.06,122.7,23.79,1,2,0,1,0,1,0.40069461803914114,Moderate
R05617,Village Road,11.15,0,5.78,0,369.2,23.64,106.4,32.45,1,0,1,0,0,1,0.2617246038283376,Moderate
R05618,State Highway,14.2,0,5.22,1,679.6,25.47,42.22,21.03,1,2,1,0,0,1,0.30291125756805815,Moderate
R05619,District Road,20.0,1,11.15,1,2420.0,19.75,128.37,34.89,0,1,1,0,0,1,0.3383341462440811,Moderate
R05620,State Highway,8.99,2,3.02,0,1998.8,22.62,133.78,21.52,1,3,0,0,0,1,0.25152178619750976,Moderate
R05621,Highway,8.85,2,8.41,0,1708.5,31.97,47.0,26.08,5,1,0,1,0,0,0.35780691591448144,Moderate
R05622,Village Road,16.93,1,11.24,1,2147.1,21.77,45.12,11.16,3,2,0,0,0,1,0.15546089796847865,Safe
R05623,Village Road,16.21,1,7.58,2,84.2,41.38,57.18,27.46,3,1,0,0,0,1,0.16998604877653384,Safe
R05624,Village Road,14.76,1,3.03,2,64.9,24.34,25.65,17.99,1,1,0,0,0,1,0.18429709492490834,Safe
R05625,Highway,9.53,0,4.97,1,427.2,3.23,143.44,13.19,1,0,0,0,0,1,0.13239676617991739,Safe
R05626,Village Road,6.82,0,11.3,1,1263.4,42.9,102.61,13.7,4,1,0,0,0,1,0.0995506432323394,Safe
R05627,District Road,12.37,2,3.15,2,1446.4,6.61,36.34,22.71,0,1,0,0,0,1,0.09543432445788591,Safe
R05628,State Highway,17.59,1,6.55,2,328.5,35.3,42.75,24.74,0,2,0,1,0,1,0.31344227228278343,Moderate
R05629,District Road,17.73,2,10.11,0,227.1,23.71,107.3,27.58,1,2,0,1,1,0,0.49328249584861067,Moderate
R05630,Highway,2.62,2,10.54,0,2079.4,33.34,94.91,21.15,0,3,0,1,0,0,0.4001643746109882,Moderate
R05631,Village Road,8.85,0,7.3,1,1187.9,23.1,47.03,31.62,1,0,0,0,0,1,0.15848836925870613,Safe
R05632,District Road,9.56,1,5.09,1,2481.6,2.65,136.55,11.71,3,1,0,1,0,1,0.3617276434362315,Moderate
R05633,State Highway,19.56,1,8.4,2,611.9,16.87,118.28,13.04,1,1,0,0,0,1,0.20049174263763067,Safe
R05634,State Highway,13.72,1,5.37,1,1635.6,27.93,25.82,15.7,4,1,0,0,0,1,0.1447454650665836,Safe
R05635,State Highway,8.44,1,5.3,0,2020.8,28.3,104.08,12.54,1,2,1,0,0,1,0.3072114882077929,Moderate
R05636,Highway,1.01,3,10.27,0,2188.0,43.79,117.17,28.9,2,1,0,0,0,1,0.2970707562554542,Moderate
R05637,District Road,11.53,2,4.39,3,800.5,27.28,94.64,19.07,2,2,0,0,0,1,0.25996281738023835,Moderate
R05638,Village Road,2.37,3,3.05,0,523.5,12.89,98.9,25.11,3,3,1,0,1,0,0.5424049784646329,High
R05639,Highway,16.77,0,6.03,0,603.9,1.95,10.49,29.12,0,0,0,0,0,1,0.018788582284627955,Safe
R05640,Highway,15.17,0,7.42,2,1683.5,35.48,52.39,23.68,1,4,0,0,0,1,0.20275732499977983,Safe
R05641,District Road,9.48,0,9.35,2,1329.7,40.02,61.29,23.34,2,0,0,0,0,1,0.1618427115968417,Safe
R05642,Village Road,8.87,0,10.03,1,1517.5,27.61,133.27,21.26,5,2,0,1,0,1,0.3868378335596823,Moderate
R05643,State Highway,18.0,1,8.97,1,100.3,21.71,38.13,27.39,2,1,0,0,0,1,0.1290984663657436,Safe
R05644,State Highway,6.12,1,8.64,3,1007.9,38.74,35.29,23.24,2,0,0,0,0,1,0.2586984004843367,Moderate
R05645,District Road,5.36,1,8.99,0,809.9,10.82,37.46,20.09,0,2,0,0,0,1,0.05887836547199921,Safe
R05646,State Highway,18.81,3,5.44,1,2166.3,17.94,48.4,25.44,2,3,0,1,1,0,0.5187614824506169,High
R05647,Highway,16.28,3,6.44,1,1951.8,22.84,237.26,34.04,1,2,1,1,0,0,0.803911718784271,Critical
R05648,District Road,16.5,0,8.55,0,1102.5,2.22,51.9,30.2,2,2,0,0,0,1,0.06002941151121737,Safe
R05649,District Road,4.31,2,3.59,1,1594.8,30.99,141.19,21.18,1,1,1,0,0,1,0.4629073893587336,Moderate
R05650,District Road,3.29,1,5.66,2,166.8,8.49,142.21,25.19,4,0,1,0,1,1,0.5657058554036999,High
R05651,District Road,1.01,1,6.66,1,1611.3,14.99,66.26,19.78,1,0,0,0,0,1,0.14234690512123352,Safe
R05652,District Road,5.12,2,7.8,2,288.2,18.65,86.18,23.01,3,1,0,0,0,1,0.35412266542371434,Moderate
R05653,State Highway,15.6,0,7.38,1,1799.3,28.73,99.28,28.34,2,1,1,1,0,1,0.48765616186180283,Moderate
R05654,State Highway,5.18,2,9.46,2,1455.9,2.95,167.94,30.95,1,0,0,0,0,1,0.22775811466892806,Safe
R05655,Highway,14.72,1,7.26,2,786.2,15.34,95.74,11.53,0,2,1,0,0,1,0.36297785831629326,Moderate
R05656,Highway,5.41,2,11.14,2,958.6,12.35,126.36,14.12,3,3,1,0,1,0,0.5680124535724994,High
R05657,District Road,8.21,3,6.42,2,270.7,0.07,45.64,24.51,1,0,0,0,0,1,0.1260890582036327,Safe
R05658,Village Road,19.67,1,7.73,2,840.8,31.12,92.65,27.59,2,1,0,0,0,1,0.14720497612917144,Safe
R05659,Village Road,5.27,0,3.03,1,2418.8,10.62,34.86,26.52,2,2,0,0,0,1,0.10660820153298799,Safe
R05660,District Road,7.84,0,5.79,1,1241.2,7.49,79.15,16.24,0,6,0,0,0,1,0.09688613545038441,Safe
R05661,State Highway,6.37,0,10.8,0,1211.9,35.91,26.65,26.36,1,1,0,0,0,1,0.1356208460920022,Safe
R05662,Highway,2.64,0,6.0,2,1591.6,1.76,55.93,21.55,1,0,0,0,0,1,0.0669008224241648,Safe
R05663,Village Road,10.05,2,5.28,1,1236.9,40.51,148.88,16.12,4,0,1,1,0,0,0.7011049534427415,High
R05664,District Road,7.88,0,7.89,1,921.0,30.91,32.69,32.12,0,4,0,0,1,1,0.22984757305577166,Safe
R05665,District Road,14.05,3,3.71,0,391.8,7.73,41.88,23.25,1,3,0,0,0,1,0.10529312531451229,Safe
R05666,Village Road,16.44,2,7.78,2,1594.3,15.75,85.55,31.56,0,3,1,0,0,1,0.3002013736359682,Moderate
R05667,District Road,11.11,0,5.73,3,1884.9,42.75,116.66,20.45,0,1,0,0,0,1,0.20924078271571692,Safe
R05668,Village Road,1.13,1,6.45,2,2311.6,27.85,51.86,25.82,0,4,0,0,1,1,0.31394213374447394,Moderate
R05669,Highway,12.57,1,10.12,1,57.4,27.39,29.73,30.42,2,2,0,0,0,1,0.08088076792468099,Safe
R05670,District Road,1.58,1,8.96,1,213.3,29.39,36.84,18.22,1,1,0,1,0,1,0.31762617249333863,Moderate
R05671,Village Road,12.52,1,7.01,1,2253.5,20.82,21.13,31.44,1,0,0,0,0,1,0.15094108742770002,Safe
R05672,State Highway,13.86,0,8.2,0,1596.3,7.53,119.62,18.79,2,1,1,0,0,1,0.32283821380593847,Moderate
R05673,District Road,4.36,1,9.9,1,2396.9,6.79,109.29,15.05,2,0,1,0,0,1,0.33525931538148934,Moderate
R05674,State Highway,16.48,1,9.71,1,1105.6,30.93,35.86,28.5,3,2,0,0,0,1,0.14072450779761528,Safe
R05675,Village Road,18.27,2,4.67,3,1070.9,39.78,24.72,18.37,3,0,0,0,0,1,0.19975421567541118,Safe
R05676,Highway,16.36,2,5.71,1,893.4,13.51,63.33,33.84,2,1,0,0,0,1,0.16851689989698534,Safe
R05677,District Road,6.45,0,6.13,1,399.9,22.65,46.1,30.11,1,1,1,0,0,1,0.42512178488325,Moderate
R05678,State Highway,11.94,0,4.69,3,977.7,44.65,91.95,15.76,0,2,1,1,1,1,0.6845437904526345,High
R05679,District Road,18.34,2,3.11,1,85.9,11.57,29.23,34.66,2,1,0,0,0,1,0.1486511502083312,Safe
R05680,State Highway,6.75,3,4.57,0,1297.8,17.56,34.64,19.09,3,1,0,1,0,0,0.36764262082980365,Moderate
R05681,State Highway,16.49,1,10.27,1,2125.7,16.36,212.21,23.95,0,0,1,1,0,1,0.6518788124185402,High
R05682,District Road,0.68,0,7.91,1,836.9,1.47,70.79,11.84,2,1,0,0,0,1,0.12760097996288866,Safe
R05683,Village Road,0.57,0,6.07,2,281.9,22.93,46.8,11.04,2,1,0,0,0,1,0.15592064998711214,Safe
R05684,State Highway,15.31,0,8.48,0,2435.7,9.39,215.39,17.39,1,0,1,0,0,1,0.4137127047571513,Moderate
R05685,Highway,15.35,0,9.66,2,366.0,5.79,15.4,10.31,2,2,0,1,1,1,0.40316754279188594,Moderate
R05686,Village Road,15.89,1,6.19,2,1345.3,31.97,51.05,16.94,1,3,0,0,0,1,0.20683787246883237,Safe
R05687,District Road,18.64,1,7.19,1,2032.5,34.46,77.06,23.06,2,1,0,0,0,1,0.18876469557575076,Safe
R05688,Village Road,2.8,0,3.58,0,668.2,40.0,113.58,27.27,1,1,0,0,0,1,0.21669648897558952,Safe
R05689,Highway,5.02,0,8.37,1,2111.6,42.04,20.76,16.28,0,3,0,0,1,1,0.22457529554279454,Safe
R05690,District Road,18.12,1,6.21,1,1414.7,39.11,36.13,20.18,2,1,0,0,1,1,0.297664244812385,Moderate
R05691,State Highway,3.96,2,6.9,1,863.2,5.51,85.45,19.57,8,1,1,0,0,1,0.3532586399840985,Moderate
R05692,State Highway,13.8,1,6.8,1,2170.9,10.06,29.89,18.19,1,2,0,0,0,1,0.13321227317611864,Safe
R05693,District Road,10.84,3,8.69,1,1573.9,5.51,91.23,19.71,2,1,0,0,0,1,0.20908137957765993,Safe
R05694,District Road,2.12,1,8.15,3,1557.7,15.91,125.93,22.2,1,1,0,0,0,1,0.15441506413993442,Safe
R05695,Village Road,6.06,0,6.8,1,1284.8,5.58,48.88,14.96,2,3,0,0,0,1,0.10119715457787382,Safe
R05696,State Highway,10.65,0,3.15,1,723.1,29.4,58.83,21.61,2,3,0,0,0,1,0.1394083531666864,Safe
R05697,District Road,17.12,1,8.59,2,796.9,32.25,51.1,16.51,0,2,1,0,0,1,0.36237246619981145,Moderate
R05698,District Road,14.3,1,10.92,0,265.8,7.18,100.06,11.59,1,0,1,0,0,1,0.3310931210836047,Moderate
R05699,Village Road,12.63,1,9.93,0,647.1,27.97,181.46,15.34,2,2,1,1,0,1,0.6190688738808238,High
R05700,State Highway,10.17,2,11.83,3,730.7,1.03,59.12,33.35,0,0,0,0,0,1,0.1670263455092696,Safe
R05701,State Highway,6.32,2,4.25,0,193.8,19.55,128.02,22.63,2,0,1,1,0,0,0.5440917062470986,High
R05702,State Highway,2.83,0,5.0,0,320.3,12.84,53.63,34.56,0,0,0,0,0,1,0.07016525930449298,Safe
R05703,District Road,8.48,2,7.85,1,712.1,44.93,46.14,15.63,4,2,0,0,0,1,0.18512719681397768,Safe
R05704,State Highway,1.06,1,5.12,0,1709.3,41.53,92.78,17.3,3,1,1,0,0,1,0.34806454437638673,Moderate
R05705,Village Road,4.62,1,3.31,1,501.4,6.64,28.2,26.01,4,2,0,0,0,1,0.08821104258450418,Safe
R05706,State Highway,8.93,1,6.62,1,1328.5,41.28,202.76,18.88,4,1,0,1,0,1,0.45212272403346876,Moderate
R05707,Village Road,8.66,1,5.59,1,1294.4,18.85,63.37,19.03,0,1,0,0,0,1,0.12811554791823732,Safe
R05708,Highway,1.36,0,5.37,0,2093.4,25.95,73.2,31.1,0,1,0,0,0,1,0.08931854229606428,Safe
R05709,District Road,11.99,1,11.58,3,1542.5,24.02,119.13,10.73,2,2,1,0,0,1,0.41714372911166253,Moderate
R05710,Village Road,11.22,0,5.15,0,2296.6,32.68,61.45,26.65,3,2,0,0,0,1,0.1461158177630056,Safe
R05711,State Highway,2.02,1,4.16,1,1588.8,15.07,118.85,32.01,1,1,1,0,0,1,0.3645778351935484,Moderate
R05712,Village Road,18.89,0,4.13,3,112.5,3.14,71.96,14.36,2,2,0,0,0,1,0.07319412284846638,Safe
R05713,District Road,2.44,0,10.26,1,984.7,18.79,129.83,20.09,3,4,1,0,0,1,0.41233978518871495,Moderate
R05714,Village Road,17.17,0,9.43,0,1762.7,24.5,95.8,30.23,3,1,1,0,0,1,0.3182086500341157,Moderate
R05715,District Road,0.51,1,4.17,0,1214.0,24.97,214.54,23.38,2,1,0,1,0,1,0.4291531091403211,Moderate
R05716,State Highway,17.7,2,4.98,3,1077.5,35.67,112.32,18.94,3,3,0,0,1,1,0.3463004716033076,Moderate
R05717,State Highway,0.88,0,9.73,2,1695.3,1.99,283.6,25.65,0,3,0,0,0,1,0.23874286169304929,Safe
R05718,State Highway,15.28,1,5.47,3,750.0,44.46,37.36,18.12,3,3,0,0,1,1,0.31981403702369415,Moderate
R05719,Highway,7.55,0,11.83,2,2277.0,44.58,89.91,25.66,1,1,1,0,0,1,0.4026570850811372,Moderate
R05720,Highway,14.9,2,7.87,1,1062.2,4.46,103.83,13.63,0,0,1,0,0,1,0.36155587839143527,Moderate
R05721,Highway,8.33,0,4.73,0,1596.5,15.48,51.8,15.64,3,2,0,0,0,1,0.10408478454669859,Safe
R05722,District Road,1.88,0,10.73,3,2456.7,26.56,149.58,10.37,4,1,0,1,0,1,0.39899626618262407,Moderate
R05723,Village Road,15.47,0,5.88,1,1974.4,16.8,108.36,14.61,4,3,1,0,1,1,0.4510459750133365,Moderate
R05724,Highway,1.89,3,5.6,1,1352.5,21.94,113.01,13.27,1,2,0,0,0,1,0.3040632325485124,Moderate
R05725,Highway,18.48,1,5.95,1,2155.5,14.67,177.05,24.95,1,2,1,0,0,1,0.4385204474761342,Moderate
R05726,District Road,1.49,0,9.91,0,1423.1,32.05,58.32,33.61,3,5,1,0,0,1,0.3822837734596748,Moderate
R05727,State Highway,9.85,0,4.56,1,1132.1,16.38,33.38,15.38,0,3,0,0,0,1,0.1094826699822545,Safe
R05728,Highway,14.6,0,6.44,1,2190.0,19.34,61.44,13.23,2,1,1,0,0,1,0.3543981854569605,Moderate
R05729,State Highway,8.17,0,3.28,0,116.5,25.92,77.25,23.38,1,0,0,0,1,1,0.22971200484069818,Safe
R05730,Village Road,4.74,2,10.44,0,1048.3,43.61,122.91,14.53,1,2,1,1,0,0,0.6748121835158433,High
R05731,Village Road,15.3,1,6.07,1,890.3,28.88,48.28,23.54,1,1,0,1,0,1,0.3656980809171723,Moderate
R05732,State Highway,15.79,1,5.23,1,1799.5,4.36,148.01,22.61,3,2,1,0,0,1,0.39810916873397284,Moderate
R05733,District Road,18.49,0,8.22,0,80.8,14.35,112.66,10.49,1,2,0,0,0,1,0.15045705016471356,Safe
R05734,District Road,7.84,1,9.34,0,1669.1,18.89,174.47,34.11,1,0,1,0,0,1,0.43136467260921835,Moderate
R05735,District Road,10.37,0,10.32,3,898.6,33.31,101.86,15.04,1,2,0,0,1,1,0.3442396705443963,Moderate
R05736,District Road,7.58,0,6.13,0,289.8,20.11,36.71,32.37,2,1,0,0,0,1,0.03278012996788348,Safe
R05737,District Road,5.51,1,10.31,0,2451.8,29.66,162.64,19.58,1,3,0,1,0,1,0.38421044752674827,Moderate
R05738,State Highway,15.15,0,7.18,1,570.0,37.78,54.36,13.96,1,2,1,0,0,1,0.3533417661584374,Moderate
R05739,Highway,7.12,1,3.91,0,905.4,4.7,164.53,12.67,3,0,0,0,0,1,0.1746456208553184,Safe
R05740,District Road,8.85,2,10.62,1,557.3,34.46,30.26,22.77,2,1,0,0,0,1,0.12559528749934692,Safe
R05741,Village Road,8.37,0,7.93,2,1671.9,33.55,14.22,19.05,2,3,0,1,1,1,0.3610077785888422,Moderate
R05742,District Road,14.4,2,8.42,1,1967.2,36.89,180.08,32.94,1,1,0,0,0,1,0.2905703329447624,Moderate
R05743,Village Road,18.4,0,11.44,2,2158.6,43.02,55.42,15.04,3,2,0,0,0,1,0.2384598457622202,Safe
R05744,Village Road,13.5,0,8.03,3,811.9,13.93,35.03,28.09,1,2,0,0,0,1,0.06324454951780376,Safe
R05745,State Highway,9.7,1,3.05,0,1335.2,19.31,115.8,14.64,0,1,0,0,0,1,0.1899489859947423,Safe
R05746,District Road,15.69,1,10.84,1,1675.0,11.82,84.73,31.79,1,4,0,0,0,1,0.2083463374100273,Safe
R05747,District Road,13.0,0,5.56,1,1592.3,14.72,55.17,22.76,5,1,0,0,0,1,0.1596076062005802,Safe
R05748,Village Road,1.68,2,7.52,1,1804.3,14.84,76.14,30.78,4,1,0,0,1,1,0.3112338074040622,Moderate
R05749,Village Road,2.37,3,4.84,2,1935.8,39.14,19.3,20.94,1,2,0,1,0,0,0.47263245610477544,Moderate
R05750,District Road,1.24,0,5.67,2,288.8,2.83,130.9,14.38,3,3,1,0,0,1,0.29692138091752157,Moderate
R05751,State Highway,9.41,2,9.18,1,462.4,9.12,32.92,23.48,0,0,0,0,0,1,0.11847844212991229,Safe
R05752,Village Road,16.6,1,6.87,0,1849.1,27.48,10.82,16.81,2,1,0,0,0,1,0.10727398157326785,Safe
R05753,Highway,6.61,3,8.64,0,1217.9,34.43,234.51,14.62,2,1,1,0,0,0,0.5021205822077945,High
R05754,Village Road,7.99,0,10.41,1,1096.2,31.38,53.33,32.59,2,1,0,0,1,1,0.20855542953736708,Safe
R05755,Village Road,18.23,2,6.07,0,1165.8,2.1,21.5,23.79,1,0,0,0,0,1,0.07791010957181675,Safe
R05756,State Highway,16.82,0,8.12,2,961.5,20.42,70.54,30.01,0,2,0,0,0,1,0.16440124374171158,Safe
R05757,District Road,13.47,2,10.0,1,1498.1,8.3,99.78,29.4,1,3,0,0,0,1,0.17947802367838545,Safe
R05758,District Road,5.7,1,9.44,2,842.1,44.47,128.65,10.03,1,0,1,1,0,1,0.6180016810965746,High
R05759,District Road,2.78,1,7.86,1,1610.2,44.95,39.71,32.15,3,0,0,0,0,1,0.20195402575453597,Safe
R05760,State Highway,0.81,0,6.45,2,546.5,2.29,103.55,29.33,1,1,0,0,0,1,0.0863485947899355,Safe
R05761,Village Road,2.59,2,6.67,2,1906.3,30.05,206.7,16.72,2,1,0,1,0,0,0.5374980246961782,High
R05762,Village Road,6.21,1,6.9,2,1964.9,36.59,15.53,15.73,1,3,0,0,1,1,0.29402372966632817,Moderate
R05763,Village Road,11.26,1,6.14,1,1467.4,14.62,48.95,11.42,2,1,0,0,0,1,0.12401455975668926,Safe
R05764,State Highway,1.75,1,9.29,0,954.8,31.21,83.85,12.31,2,3,0,1,0,1,0.39907250906367425,Moderate
R05765,Village Road,3.16,2,4.13,1,85.3,8.45,25.56,14.86,2,4,0,0,0,1,0.15548778219758685,Safe
R05766,District Road,4.03,0,11.71,1,347.8,5.76,14.96,10.09,0,2,0,0,0,1,0.04586563306199466,Safe
R05767,State Highway,12.82,0,10.01,3,245.2,41.64,67.33,17.9,4,3,0,0,1,1,0.3054097657529775,Moderate
R05768,Highway,12.51,3,5.68,1,75.0,28.91,113.56,33.06,2,2,0,0,0,1,0.296537822031094,Moderate
R05769,State Highway,11.24,1,3.38,1,1819.4,36.76,72.19,23.88,1,1,0,1,0,1,0.343767078223178,Moderate
R05770,Village Road,5.38,0,9.4,2,2392.4,23.97,36.07,24.52,2,5,0,0,0,1,0.13628463885512038,Safe
R05771,District Road,7.74,0,9.61,1,77.4,6.96,83.17,15.92,1,0,1,0,0,1,0.3256611781110933,Moderate
R05772,District Road,2.39,2,11.67,1,326.1,16.95,62.25,15.63,3,1,0,0,0,1,0.1886853526226815,Safe
R05773,State Highway,4.92,0,5.28,0,2158.7,39.67,14.82,19.18,1,0,0,0,0,1,0.12971755276834496,Safe
R05774,District Road,18.01,1,3.74,0,1736.8,0.7,179.81,16.55,3,3,0,1,0,1,0.3619795231711346,Moderate
R05775,Highway,19.6,2,11.24,2,1041.5,9.32,72.04,31.46,1,1,0,1,0,0,0.3844741245941895,Moderate
R05776,State Highway,13.13,0,5.33,2,2482.4,11.4,92.13,14.44,2,2,0,0,0,1,0.07687289098513411,Safe
R05777,District Road,18.38,2,9.49,1,1455.4,11.83,71.68,26.87,1,0,0,0,0,1,0.1935685397451436,Safe
R05778,Highway,13.03,1,3.55,1,1690.5,4.44,106.37,22.24,2,1,0,0,1,1,0.25042685560938044,Moderate
R05779,Village Road,1.15,1,9.85,1,1650.3,38.17,39.41,26.93,2,1,0,0,1,1,0.24910721096753002,Safe
R05780,State Highway,19.94,1,4.14,1,595.6,7.18,166.2,30.87,1,4,0,0,0,1,0.16524830700911233,Safe
R05781,District Road,2.43,1,9.26,0,1245.9,37.34,190.88,18.53,2,1,1,0,0,1,0.43586936860641695,Moderate
R05782,District Road,13.81,0,7.79,2,580.2,15.98,124.06,23.52,2,2,0,0,0,1,0.12139583714924047,Safe
R05783,District Road,5.43,0,11.6,1,1298.2,20.58,35.98,22.47,3,2,0,0,0,1,0.10522102332390544,Safe
R05784,Highway,8.14,3,3.33,1,125.4,20.83,62.97,19.33,0,1,0,0,0,1,0.2765004236402641,Moderate
R05785,Highway,13.1,0,5.63,0,985.8,32.09,41.75,30.3,2,2,0,1,0,1,0.328530965577737,Moderate
R05786,Village Road,9.01,2,3.63,1,961.9,32.91,124.22,10.26,2,0,1,1,1,0,0.7535074519890963,Critical
R05787,State Highway,5.39,0,10.91,0,764.5,28.83,13.75,17.75,2,0,0,0,0,1,0.05923835583373799,Safe
R05788,Village Road,7.02,1,8.35,1,244.1,34.82,40.23,30.8,1,0,0,0,0,1,0.11193990651525298,Safe
R05789,Village Road,7.16,2,7.81,1,1938.9,0.37,126.76,31.8,0,0,0,0,0,1,0.18661099586028373,Safe
R05790,State Highway,19.21,0,4.18,1,1080.1,22.72,91.63,27.34,3,1,0,0,0,1,0.1823085526689583,Safe
R05791,State Highway,16.07,2,7.4,0,2044.2,23.58,121.33,18.52,2,3,0,0,0,1,0.255796916834871,Moderate
R05792,District Road,9.44,1,6.59,2,2097.5,10.77,96.02,30.56,3,1,1,0,0,1,0.2779433979912308,Moderate
R05793,Village Road,4.4,1,5.84,1,573.3,25.04,107.0,12.1,3,1,0,1,0,1,0.3237312662651143,Moderate
R05794,Village Road,16.31,1,9.95,1,1082.3,21.02,17.09,16.63,1,2,0,0,0,1,0.06986011073787658,Safe
R05795,District Road,3.57,0,3.55,1,1816.4,21.25,175.82,12.31,2,0,1,0,0,1,0.3768441568961169,Moderate
R05796,Village Road,4.6,0,8.82,1,1273.8,5.33,81.94,12.76,0,0,1,0,0,1,0.26681228936131435,Moderate
R05797,Highway,7.64,2,10.41,1,2144.9,19.59,123.81,24.83,3,3,0,0,0,1,0.2614563288045659,Moderate
R05798,Village Road,17.67,0,11.17,2,1450.3,34.49,145.32,11.8,4,0,0,0,0,1,0.23256350793063316,Safe
R05799,Village Road,3.07,0,9.71,2,1592.5,18.45,160.77,27.0,1,2,0,0,0,1,0.19625308120271046,Safe
R05800,State Highway,2.88,2,5.54,1,1978.2,21.94,70.67,18.72,2,1,0,1,0,0,0.3329914645930883,Moderate
R05801,State Highway,10.13,2,8.4,1,349.4,43.54,81.75,11.39,0,4,0,0,0,1,0.2310767235014489,Safe
R05802,Highway,5.89,1,4.27,0,1481.4,39.23,171.16,17.14,3,0,0,1,0,1,0.4095687682113311,Moderate
R05803,State Highway,11.59,1,4.05,0,259.3,41.79,33.01,19.98,2,0,0,0,0,1,0.08889926512788443,Safe
R05804,Village Road,9.31,1,8.75,1,688.4,3.5,33.38,19.16,3,1,0,0,0,1,0.11504199871042897,Safe
R05805,State Highway,8.98,1,10.66,3,570.8,27.84,87.51,22.75,5,3,0,0,0,1,0.15896271468356923,Safe
R05806,Highway,2.68,1,3.61,1,1439.3,10.05,71.14,22.57,1,2,0,0,0,1,0.137994181044989,Safe
R05807,State Highway,3.25,3,3.95,2,2117.6,18.19,39.02,18.99,1,0,0,0,0,1,0.24609557466375878,Safe
R05808,Village Road,16.51,0,8.09,0,375.4,30.59,54.47,32.48,1,0,0,0,0,1,0.09341024729175589,Safe
R05809,District Road,17.77,1,4.96,1,1932.6,26.05,282.99,15.5,1,1,0,0,0,1,0.31276453075335486,Moderate
R05810,District Road,5.08,2,8.51,1,400.5,22.76,117.86,18.51,1,2,0,0,0,1,0.18155432930953916,Safe
R05811,State Highway,2.71,1,4.93,2,514.7,36.65,35.4,23.84,2,1,0,0,0,1,0.190581092207108,Safe
R05812,Village Road,1.54,2,4.05,0,2296.5,30.72,73.68,16.13,3,2,0,0,0,1,0.22375323699651162,Safe
R05813,Village Road,12.36,0,7.91,1,73.8,36.95,169.66,13.76,1,3,0,0,0,1,0.17357118385635473,Safe
R05814,State Highway,14.45,0,10.76,3,533.0,41.94,88.26,10.16,1,1,1,0,0,1,0.42863522498074536,Moderate
R05815,Highway,7.77,2,9.17,2,578.1,32.04,35.99,33.63,6,5,0,0,0,1,0.1781584236264948,Safe
R05816,Highway,13.75,1,10.37,2,740.6,17.79,173.8,29.61,4,1,1,0,0,1,0.46901010156779965,Moderate
R05817,Highway,14.4,2,5.4,1,940.4,9.58,198.52,32.22,4,4,1,1,0,0,0.6378158114475408,High
R05818,District Road,18.74,0,10.97,3,302.8,12.19,38.04,11.01,5,3,0,1,0,1,0.28162663211619343,Moderate
R05819,Village Road,1.77,2,6.39,2,1197.7,17.85,62.0,11.83,0,1,0,0,0,1,0.19196869409822118,Safe
R05820,District Road,4.25,1,10.67,2,1028.4,33.3,63.27,23.8,3,3,0,0,1,1,0.3104625733607144,Moderate
R05821,Village Road,1.84,0,7.24,3,1581.1,1.81,144.4,10.58,0,1,1,0,0,1,0.25051636414988776,Moderate
R05822,District Road,17.43,1,5.41,3,2175.4,36.64,34.8,16.78,2,3,0,0,0,1,0.2129244137268922,Safe
R05823,District Road,15.96,1,5.34,0,779.4,34.12,103.65,34.32,1,3,1,0,1,1,0.504209966961334,High
R05824,District Road,11.71,0,8.11,0,1388.9,22.47,26.18,18.94,3,1,0,0,0,1,0.053795763777642655,Safe
R05825,State Highway,2.13,1,3.71,2,959.9,17.99,75.85,34.48,0,0,1,0,0,1,0.3558625336212072,Moderate
R05826,State Highway,5.83,1,11.37,1,148.6,5.07,59.18,12.96,5,2,0,1,0,1,0.31894312787326046,Moderate
R05827,District Road,6.31,0,5.44,1,2061.6,13.04,42.03,19.63,1,4,0,0,1,1,0.14319488955882187,Safe
R05828,Highway,11.43,2,6.02,2,1603.8,4.93,149.25,10.15,4,2,1,1,0,0,0.5707241864726262,High
R05829,State Highway,5.53,0,5.1,0,55.3,36.85,205.75,24.79,2,2,1,1,0,1,0.6311523749928828,High
R05830,District Road,1.92,0,3.03,0,661.5,22.92,61.33,18.54,2,5,0,0,0,1,0.09278070067842836,Safe
R05831,Village Road,14.75,1,9.23,1,807.0,11.11,121.94,22.6,4,0,1,0,0,1,0.3519809888370972,Moderate
R05832,District Road,6.33,1,8.31,0,2038.3,0.81,58.45,29.87,1,1,0,0,0,1,0.08093095002038046,Safe
R05833,Village Road,9.32,3,10.29,2,1913.7,23.58,29.62,23.78,0,1,0,0,0,1,0.19922119795159343,Safe
R05834,District Road,2.99,0,3.37,3,1020.6,33.84,48.45,26.63,2,0,1,0,1,1,0.435399594441661,Moderate
R05835,Village Road,16.15,1,11.36,2,435.5,34.49,74.21,21.8,3,0,0,0,0,1,0.16057868406330944,Safe
R05836,District Road,11.53,0,5.98,2,995.8,9.65,86.59,28.7,1,1,0,0,0,1,0.10350160205306685,Safe
R05837,Village Road,18.08,2,11.22,0,2034.9,44.78,48.12,25.06,3,3,0,0,0,1,0.1755750188139133,Safe
R05838,District Road,10.16,1,3.96,1,1158.4,25.6,33.04,31.65,2,2,0,0,0,1,0.13275660834958064,Safe
R05839,District Road,18.86,2,9.7,2,333.9,14.94,20.63,28.9,4,1,0,1,0,0,0.3229968817697543,Moderate
R05840,District Road,17.89,0,8.21,2,144.4,17.68,105.8,15.8,0,1,0,0,0,1,0.16024072147557913,Safe
R05841,District Road,11.74,2,6.22,0,866.7,5.6,203.02,23.11,4,1,0,1,0,0,0.4260877641228811,Moderate
R05842,Highway,18.71,1,3.71,2,413.5,22.2,154.85,31.87,2,1,1,1,0,1,0.631099552164678,High
R05843,Highway,6.8,3,8.44,3,1875.4,33.9,85.54,31.47,0,1,0,0,0,1,0.2028788653568121,Safe
R05844,Highway,7.63,0,3.24,0,733.0,18.42,84.53,21.93,0,1,0,0,0,1,0.13967717162574206,Safe
R05845,Village Road,1.39,1,7.51,0,2199.8,39.01,185.8,17.84,2,1,0,0,0,1,0.18027889695096763,Safe
R05846,State Highway,11.99,2,8.44,1,1562.5,21.45,153.14,15.27,2,2,1,1,0,0,0.6087771911782637,High
R05847,State Highway,14.58,1,9.59,0,1014.5,40.53,62.46,14.86,1,1,1,0,0,1,0.40080943734691715,Moderate
R05848,District Road,15.58,0,11.92,2,1544.6,31.64,54.41,13.6,2,2,0,0,0,1,0.1296311522881835,Safe
R05849,State Highway,3.42,3,5.34,3,773.2,2.48,60.08,34.99,3,0,0,0,0,1,0.2265343048909407,Safe
R05850,District Road,9.16,0,5.9,1,396.2,3.02,34.83,26.56,1,4,0,0,0,1,0.07825741139449072,Safe
R05851,State Highway,3.95,0,6.07,2,2412.2,36.0,181.33,17.86,1,2,1,1,0,1,0.6359549732784036,High
R05852,Village Road,13.41,1,9.58,2,1429.7,16.06,126.17,17.33,1,3,0,0,0,1,0.19263456253184977,Safe
R05853,Village Road,3.58,1,11.39,1,68.0,8.52,117.36,17.64,1,0,0,0,0,1,0.13957138532646285,Safe
R05854,Village Road,18.13,2,11.77,1,810.3,38.94,160.44,31.81,2,0,0,0,0,1,0.24355071331950764,Safe
R05855,District Road,5.0,1,11.51,2,440.9,44.25,45.52,22.83,5,1,0,0,0,1,0.2267585173965321,Safe
R05856,Village Road,6.18,1,10.91,2,682.5,36.39,85.31,16.79,2,1,0,1,0,1,0.41278850325404004,Moderate
R05857,Highway,17.09,1,11.92,0,186.5,32.63,136.19,29.96,0,1,1,0,0,1,0.4423796668486298,Moderate
R05858,Highway,9.44,1,6.38,1,650.5,0.04,96.92,28.76,1,0,1,0,0,1,0.33493930762571866,Moderate
R05859,Highway,0.97,3,11.53,1,1723.4,4.77,76.65,21.69,2,0,0,0,0,1,0.16433964069904683,Safe
R05860,District Road,10.14,2,9.85,2,2060.5,30.19,137.84,27.22,0,0,1,0,0,1,0.46737484348431085,Moderate
R05861,District Road,2.15,1,4.52,1,901.1,18.43,29.11,28.45,0,2,0,0,0,1,0.16156590832463086,Safe
R05862,District Road,19.71,0,3.41,1,1330.0,0.88,54.86,11.24,3,2,0,0,0,1,0.0554811922103176,Safe
R05863,Highway,11.97,3,4.93,2,152.4,33.34,20.12,31.89,5,3,1,0,0,0,0.4675596472665333,Moderate
R05864,District Road,5.5,0,10.01,1,272.5,18.84,32.68,17.17,2,2,0,0,0,1,0.054668707124957513,Safe
R05865,District Road,11.49,0,8.69,0,1402.2,29.65,77.65,34.53,4,4,0,1,0,1,0.39945030457295777,Moderate
R05866,District Road,2.0,0,5.02,2,2109.4,21.08,27.05,32.71,1,2,0,0,0,1,0.13739364862207556,Safe
R05867,District Road,16.1,0,9.68,0,265.6,1.19,10.78,10.48,3,1,0,0,0,1,0.03139066201825587,Safe
R05868,State Highway,18.54,2,4.27,0,1075.4,28.62,116.1,25.52,2,2,0,0,0,1,0.21306819621018958,Safe
R05869,Village Road,17.55,1,10.4,0,2427.5,35.46,145.92,34.13,3,1,1,1,0,1,0.5757711634847293,High
R05870,District Road,7.16,3,10.15,0,1860.0,7.02,69.09,24.12,1,1,1,1,0,0,0.5835502964275125,High
R05871,State Highway,6.85,0,11.75,1,534.1,40.1,61.46,25.39,3,4,0,0,0,1,0.14740827465331968,Safe
R05872,State Highway,1.18,1,4.35,1,748.7,8.17,84.46,33.27,1,3,0,1,0,1,0.3238450469853203,Moderate
R05873,District Road,13.2,3,11.16,1,2372.4,19.03,41.02,24.32,3,1,0,0,0,1,0.20152666974630112,Safe
R05874,Village Road,10.93,2,6.07,0,591.4,23.72,62.1,16.11,0,1,1,0,1,0,0.47348287989923205,Moderate
R05875,District Road,9.46,2,6.74,0,1130.2,14.12,129.58,21.51,1,1,1,0,1,0,0.4802930140894049,Moderate
R05876,State Highway,18.2,0,7.22,1,921.2,22.52,71.69,18.75,5,3,0,0,0,1,0.13643707004909944,Safe
R05877,Village Road,3.77,2,8.64,1,1250.6,32.33,141.18,14.18,4,2,1,0,0,1,0.44589463806883983,Moderate
R05878,District Road,0.69,0,11.95,1,629.6,32.15,185.41,15.35,1,2,1,0,0,1,0.38495404827350327,Moderate
R05879,District Road,1.93,1,8.4,0,1687.5,41.5,132.21,11.53,3,0,1,0,0,1,0.3904008908357466,Moderate
R05880,District Road,4.86,1,11.34,0,624.7,38.79,83.9,14.22,1,1,0,0,0,1,0.186958562971225,Safe
R05881,State Highway,1.15,1,5.3,0,1525.1,44.33,70.17,16.48,2,4,0,0,0,1,0.14134256425597325,Safe
R05882,District Road,10.31,2,6.59,0,926.5,26.79,47.88,28.96,3,1,1,0,0,1,0.4235616357674235,Moderate
R05883,State Highway,6.62,1,7.54,2,666.1,18.02,205.98,19.15,3,3,1,1,1,0,0.811200515651755,Critical
R05884,Village Road,4.02,0,5.91,1,1752.8,10.8,59.46,27.27,4,1,0,0,0,1,0.08995425405624718,Safe
R05885,District Road,15.13,1,11.79,0,2414.8,10.98,67.96,34.9,2,2,0,0,0,1,0.08434006497164365,Safe
R05886,District Road,4.49,1,9.53,1,2180.0,6.79,46.32,24.54,0,2,0,0,0,1,0.06110420637726942,Safe
R05887,District Road,13.91,0,7.31,1,262.7,32.7,130.68,25.35,3,1,1,0,0,1,0.3740771514849041,Moderate
R05888,Village Road,7.31,0,9.76,1,1163.3,29.44,115.01,23.81,3,1,0,1,0,1,0.36271565720421317,Moderate
R05889,Village Road,10.48,0,7.21,0,1752.2,13.15,22.42,19.89,4,1,0,0,0,1,0.026402454998404705,Safe
R05890,District Road,18.71,1,3.16,2,1428.4,40.15,54.13,14.64,1,1,0,1,1,1,0.5252674175392348,High
R05891,District Road,1.23,3,7.89,2,1829.6,24.85,47.06,34.44,2,2,0,0,0,1,0.22021183516285645,Safe
R05892,District Road,10.26,0,8.63,1,2439.0,3.11,33.95,21.95,0,0,0,0,0,1,0.06931495430883992,Safe
R05893,District Road,17.16,1,11.83,1,888.6,2.77,105.41,33.4,4,0,0,0,0,1,0.12065868355032675,Safe
R05894,State Highway,11.97,2,3.37,0,1938.6,6.44,124.33,16.5,2,2,0,0,0,1,0.16275725303910799,Safe
R05895,District Road,5.9,0,7.61,2,280.5,9.51,98.21,12.71,1,2,0,0,0,1,0.11562349697695376,Safe
R05896,State Highway,8.25,3,3.88,1,2180.9,39.93,32.42,25.92,4,0,0,0,0,1,0.2498518217322437,Safe
R05897,Village Road,13.77,1,4.34,0,1957.2,35.03,9.87,31.28,0,3,0,1,0,1,0.38282543901022437,Moderate
R05898,State Highway,17.87,2,8.49,1,1326.4,9.08,57.78,26.56,0,1,0,0,0,1,0.15375453307348397,Safe
R05899,Village Road,1.3,0,5.08,3,2061.5,11.18,105.28,28.57,3,1,0,0,0,1,0.18423959369468418,Safe
R05900,District Road,1.9,0,9.74,1,1683.2,28.66,64.92,25.21,4,2,0,1,0,1,0.42223670779690287,Moderate
R05901,District Road,6.84,0,7.63,1,1403.0,39.22,45.1,28.66,4,0,0,0,0,1,0.1474109358943524,Safe
R05902,District Road,5.04,0,4.96,1,2367.7,14.25,59.16,18.61,4,2,0,0,0,1,0.048095185848219243,Safe
R05903,Highway,5.67,2,7.44,0,369.1,23.65,87.02,19.74,1,2,1,0,0,1,0.32448013260670194,Moderate
R05904,State Highway,4.81,0,3.01,1,2482.8,40.07,31.3,29.51,2,3,0,0,0,1,0.15069942988474186,Safe
R05905,Highway,4.32,1,10.76,2,428.4,34.68,75.52,30.04,5,1,0,0,0,1,0.14992880889886628,Safe
R05906,District Road,3.05,0,3.11,2,1226.4,40.12,144.32,12.06,5,2,1,0,0,1,0.42222556006945483,Moderate
R05907,District Road,18.71,2,3.06,2,617.0,12.51,273.78,10.42,0,2,1,0,0,1,0.46246269888273245,Moderate
R05908,Village Road,3.31,2,8.5,1,716.2,31.09,80.14,26.66,4,1,0,1,0,0,0.4060150457137483,Moderate
R05909,State Highway,4.49,1,11.76,2,1598.0,5.13,129.28,12.11,1,3,0,0,0,1,0.18457499144201775,Safe
R05910,State Highway,5.3,0,10.7,2,135.0,27.73,56.05,14.29,2,2,0,1,0,1,0.338066119703197,Moderate
R05911,District Road,18.69,1,5.27,1,2354.8,13.68,94.1,14.93,1,1,0,0,0,1,0.16235916676446072,Safe
R05912,Village Road,15.24,0,4.77,0,735.1,31.57,42.62,22.73,1,0,0,0,0,1,0.1517173992952738,Safe
R05913,District Road,15.9,0,8.64,2,717.7,6.38,24.79,15.03,1,3,0,0,0,1,0.07375530953767216,Safe
R05914,District Road,2.54,1,10.4,0,2165.7,29.95,79.78,14.52,2,0,1,1,0,1,0.582131034902886,High
R05915,District Road,16.81,3,6.26,0,1923.8,31.88,131.69,10.27,3,2,0,0,1,0,0.4164121600745082,Moderate
R05916,Highway,8.46,2,6.89,1,1695.7,38.57,113.52,29.16,1,3,0,0,0,1,0.2822387507723273,Moderate
R05917,Village Road,5.63,1,4.04,1,408.6,30.92,51.87,13.4,1,2,0,0,0,1,0.15367906698727332,Safe
R05918,District Road,11.73,1,4.38,2,1935.6,23.53,76.86,24.22,2,1,1,1,0,1,0.6579688492218455,High
R05919,State Highway,16.53,3,8.12,1,933.9,35.29,121.21,17.49,3,2,0,0,0,1,0.3006673899405253,Moderate
R05920,District Road,15.68,1,3.92,0,2485.0,12.8,44.5,14.57,0,2,0,0,1,1,0.16865448155219595,Safe
R05921,Highway,17.85,1,4.82,1,1694.6,30.49,83.41,18.67,1,0,0,0,0,1,0.14772396054001755,Safe
R05922,Village Road,18.6,3,5.11,2,2097.9,32.6,92.44,16.44,2,0,1,0,0,0,0.4913668292803124,Moderate
R05923,State Highway,5.14,0,7.0,2,1847.8,17.66,38.58,20.83,3,1,0,1,0,1,0.2888360915766621,Moderate
R05924,District Road,8.77,0,3.41,1,1505.9,44.5,18.11,27.25,4,3,1,0,0,1,0.3348763401854105,Moderate
R05925,State Highway,0.79,1,7.5,0,1805.0,16.02,80.6,11.27,1,2,0,0,0,1,0.10125795342747895,Safe
R05926,District Road,17.65,0,11.36,1,1513.8,3.8,178.09,14.58,3,0,1,0,0,1,0.36496990367609156,Moderate
R05927,Village Road,3.51,1,3.22,0,175.4,13.66,75.63,12.01,3,0,0,1,0,1,0.29920352286113444,Moderate
R05928,District Road,17.3,1,8.68,0,896.5,4.47,47.01,34.2,1,1,0,0,0,1,0.09921775609230447,Safe
R05929,District Road,6.92,1,10.52,2,825.2,15.27,51.09,24.35,3,1,0,0,0,1,0.15809331907075397,Safe
R05930,Village Road,7.68,3,5.81,1,1799.2,5.75,173.46,30.51,0,1,1,1,0,0,0.7026261972260266,High
R05931,Highway,1.26,0,4.18,1,1461.6,19.78,134.1,16.67,4,1,0,0,0,1,0.0930852915833278,Safe
R05932,State Highway,6.87,1,3.39,2,1545.7,35.01,82.65,32.38,2,0,0,0,0,1,0.19481228343357596,Safe
R05933,State Highway,17.82,0,8.8,1,2125.1,3.03,146.04,25.72,2,2,0,0,0,1,0.08535021927730968,Safe
R05934,Village Road,1.0,1,7.97,0,1337.0,25.34,36.76,20.15,0,1,0,0,1,1,0.20176205535153213,Safe
R05935,State Highway,8.42,2,5.06,0,584.8,1.97,72.17,25.01,1,2,0,1,0,0,0.30249536610995975,Moderate
R05936,District Road,1.11,1,10.48,0,80.5,39.81,32.12,13.19,1,1,0,1,0,1,0.38297999589906156,Moderate
R05937,District Road,7.73,0,9.62,3,440.8,41.46,127.42,17.83,4,1,1,0,0,1,0.46642303166712906,Moderate
R05938,State Highway,3.87,1,5.49,2,124.9,22.16,31.28,23.48,1,1,0,0,0,1,0.14893975469493115,Safe
R05939,State Highway,5.42,1,9.78,1,630.8,34.62,186.81,26.01,4,2,1,1,1,0,0.7999456436494284,Critical
R05940,State Highway,17.61,0,5.2,0,1605.7,26.68,78.49,15.42,2,2,0,0,0,1,0.1552426081779421,Safe
R05941,District Road,9.0,1,9.08,0,421.0,15.33,124.36,34.8,2,3,1,0,1,1,0.4856057695046201,Moderate
R05942,State Highway,5.84,1,4.07,2,250.7,11.03,18.81,30.83,2,0,0,0,0,1,0.12665816043471181,Safe
R05943,Highway,11.99,3,9.23,3,2428.6,34.14,66.39,24.5,3,4,1,0,0,0,0.46636641461298656,Moderate
R05944,Village Road,3.27,2,5.15,0,2492.4,19.35,148.31,34.33,2,2,1,0,0,1,0.4335801119312531,Moderate
R05945,Village Road,5.56,2,8.15,3,1610.7,41.41,12.89,22.82,1,2,0,0,0,1,0.3015790831699201,Moderate
R05946,State Highway,11.15,2,4.55,1,316.0,43.91,86.09,33.68,2,2,0,0,1,1,0.38302695519148283,Moderate
R05947,State Highway,5.13,2,9.53,0,2062.7,9.47,70.02,28.79,1,3,0,0,0,1,0.1100180429374528,Safe
R05948,Highway,13.74,3,3.55,0,1371.1,25.25,100.99,15.43,1,0,1,0,0,0,0.3685139195449824,Moderate
R05949,District Road,10.08,0,4.49,2,496.1,24.16,92.84,20.14,2,2,0,0,1,1,0.22628214804915725,Safe
R05950,Village Road,15.55,1,4.66,1,1460.4,39.06,78.16,16.57,0,2,0,0,0,1,0.13385081370531793,Safe
R05951,Highway,18.99,2,3.37,2,146.5,31.09,72.45,28.04,2,2,0,0,0,1,0.1866043017895126,Safe
R05952,State Highway,2.76,1,9.71,0,2432.6,27.33,35.89,29.17,4,2,1,0,0,1,0.3334459509211984,Moderate
R05953,Village Road,7.03,0,11.83,2,2073.6,30.56,21.44,27.1,1,1,0,0,0,1,0.11693916199507957,Safe
R05954,District Road,6.73,0,10.01,0,688.9,17.53,89.69,23.64,2,0,1,0,0,1,0.3487317827714308,Moderate
R05955,Highway,3.45,0,10.75,0,1076.3,43.21,113.37,20.05,2,0,1,1,0,1,0.5892869066377994,High
R05956,District Road,16.3,0,3.05,0,1018.4,2.59,11.49,34.61,0,2,0,0,1,1,0.12614761929200008,Safe
R05957,State Highway,15.32,0,4.06,2,2160.7,1.31,108.47,10.7,2,2,0,0,0,1,0.10738845595890438,Safe
R05958,State Highway,9.95,1,8.03,2,918.9,18.7,150.8,13.1,0,1,1,0,0,1,0.4784369291695427,Moderate
R05959,Village Road,10.99,2,11.8,0,167.6,6.96,22.24,24.97,1,0,0,0,0,1,0.1139124069504711,Safe
R05960,Village Road,1.66,2,8.95,1,576.0,24.52,127.4,28.9,5,0,0,0,0,1,0.2698441995990599,Moderate
R05961,District Road,11.33,2,6.37,2,578.1,0.41,178.08,33.94,1,4,1,0,0,1,0.43861429746685504,Moderate
R05962,Village Road,15.93,2,4.32,0,2375.6,20.69,118.33,22.26,2,2,1,0,0,1,0.465771067993933,Moderate
R05963,District Road,11.69,1,4.38,3,2313.9,13.27,140.64,16.65,1,1,0,0,0,1,0.11598938843250949,Safe
R05964,Village Road,5.67,0,6.26,3,786.5,9.11,102.75,31.58,3,1,0,0,0,1,0.14559698069431942,Safe
R05965,District Road,13.52,0,9.42,1,56.8,20.01,18.2,21.01,5,1,0,0,0,1,0.16775307673402232,Safe
R05966,Village Road,7.55,3,3.29,1,1316.6,38.45,75.75,13.23,4,2,1,0,0,0,0.4055701233730087,Moderate
R05967,Village Road,11.13,0,10.67,2,2003.2,29.49,39.64,23.05,3,0,0,0,0,1,0.16500262961804643,Safe
R05968,Highway,10.01,2,11.47,0,708.1,7.2,97.97,23.14,1,2,0,0,0,1,0.13520557583295978,Safe
R05969,Village Road,7.93,1,11.0,1,1125.7,22.45,102.43,15.73,6,0,0,0,0,1,0.2105334916468685,Safe
R05970,Village Road,14.52,3,11.22,0,473.3,41.93,10.85,13.55,2,3,0,0,0,1,0.23667565376046057,Safe
R05971,Village Road,17.74,1,3.14,3,852.1,19.77,73.59,13.56,3,4,0,0,0,1,0.2074997360280551,Safe
R05972,State Highway,0.6,2,11.8,2,1909.2,21.17,30.04,30.58,1,2,0,0,0,1,0.19883999777843692,Safe
R05973,Village Road,18.71,0,6.3,0,1099.3,42.36,96.55,22.53,2,1,0,0,0,1,0.12933522512691045,Safe
R05974,Village Road,10.47,0,10.82,1,1145.8,6.11,78.26,28.41,2,1,0,0,0,1,0.08443378371984869,Safe
R05975,State Highway,14.16,1,4.68,1,1984.4,33.08,292.29,34.06,3,1,1,1,0,1,0.7506914993635087,Critical
R05976,Village Road,17.18,3,7.02,2,1919.3,13.46,189.87,29.8,2,2,1,0,0,0,0.5628911663677272,High
R05977,Highway,9.61,1,3.4,1,508.5,38.97,57.45,13.92,1,3,0,0,1,1,0.2980365810004599,Moderate
R05978,Highway,16.78,3,3.36,1,1067.4,2.45,32.85,20.5,3,2,0,0,0,1,0.1941642904032218,Safe
R05979,District Road,3.96,2,11.49,0,2129.7,44.57,67.68,22.4,2,0,0,0,0,1,0.13111245090971121,Safe
R05980,District Road,3.6,2,10.3,1,1169.0,34.59,19.53,27.53,1,0,0,0,1,1,0.2563205870984426,Moderate
R05981,District Road,13.32,1,7.77,0,1671.3,12.79,56.53,34.12,3,1,1,1,0,1,0.49157725448033707,Moderate
R05982,Highway,17.47,1,7.73,0,799.6,34.24,107.79,17.13,2,0,1,0,0,1,0.3611899096721103,Moderate
R05983,Village Road,17.9,0,9.74,1,195.9,41.53,27.29,31.53,2,1,0,0,0,1,0.13797300015785507,Safe
R05984,Highway,13.05,3,6.08,1,454.0,5.08,80.14,11.8,1,1,0,1,0,0,0.42852137865373724,Moderate
R05985,Highway,10.75,3,9.86,3,1034.2,41.11,25.53,31.8,5,2,0,1,0,0,0.5081351631152633,High
R05986,Highway,6.96,2,7.37,2,916.0,16.21,103.36,27.37,0,0,0,0,0,1,0.23928713478475735,Safe
R05987,District Road,19.61,0,8.74,1,2244.3,0.29,19.26,10.71,2,3,0,0,0,1,0.06065753502352618,Safe
R05988,Village Road,6.73,0,11.68,3,1386.8,5.06,68.64,25.27,2,0,0,0,0,1,0.09512946104216485,Safe
R05989,District Road,15.01,3,7.24,2,1586.5,39.82,25.49,33.28,2,3,0,0,1,0,0.3368545749346212,Moderate
R05990,Village Road,10.87,0,6.77,1,1737.3,44.22,147.41,20.81,4,1,0,1,0,1,0.3850493170144048,Moderate
R05991,Highway,12.37,2,11.15,1,1352.5,40.29,230.84,12.93,1,2,1,0,0,1,0.5367119395088753,High
R05992,District Road,8.17,1,11.12,3,1935.6,19.87,78.1,34.72,3,1,0,1,1,1,0.4534813807991162,Moderate
R05993,District Road,19.31,1,11.93,1,1968.6,43.26,154.45,20.42,1,1,0,0,0,1,0.2368562841168,Safe
R05994,District Road,11.65,2,7.96,2,910.9,18.31,84.87,23.2,1,1,0,0,0,1,0.17615120764479103,Safe
R05995,Highway,18.79,0,6.1,0,257.7,5.12,143.45,34.18,2,2,0,0,0,1,0.12632635359544322,Safe
R05996,District Road,0.65,1,5.16,2,2466.6,15.34,107.81,24.62,4,1,0,0,0,1,0.25801074001167473,Moderate
R05997,District Road,11.67,3,3.31,0,1624.4,44.93,130.94,26.9,4,2,1,0,0,0,0.5197606727499571,High
R05998,Village Road,14.49,1,9.54,0,1786.8,28.17,70.48,27.75,0,1,0,1,0,1,0.3002133204547907,Moderate
R05999,District Road,15.03,2,5.1,2,1903.9,15.3,90.84,28.84,0,2,0,0,1,1,0.23294861601013506,Safe
R06000,Highway,18.15,2,8.46,2,1551.8,28.09,30.76,30.0,1,0,0,0,0,1,0.15049850449051658,Safe
R06001,District Road,0.59,0,11.25,1,1203.7,19.31,34.45,11.87,2,0,0,0,0,1,0.10368903553419326,Safe
R06002,State Highway,0.51,0,11.55,1,2462.4,2.23,19.98,33.36,1,2,0,0,0,1,0.033311351469562524,Safe
R06003,Village Road,9.71,1,3.04,0,1832.8,9.05,77.6,23.63,1,0,1,0,0,1,0.30359662205265553,Moderate
R06004,District Road,1.07,1,5.85,0,2122.3,0.87,19.85,23.35,2,1,0,0,0,1,0.0,Safe
R06005,State Highway,19.5,1,10.54,1,1127.2,11.47,93.71,30.89,2,2,0,0,0,1,0.1772198594544491,Safe
R06006,Village Road,4.83,2,7.83,0,2266.7,33.28,20.34,17.67,2,2,0,0,0,1,0.18056105200130562,Safe
R06007,District Road,9.72,0,10.27,1,1843.8,8.7,76.74,26.4,5,1,0,1,0,1,0.31940903410737526,Moderate
R06008,Highway,1.69,1,10.68,2,1878.0,23.76,72.49,17.93,0,2,0,0,0,1,0.16000786194520195,Safe
R06009,District Road,10.68,0,6.98,0,263.0,31.57,146.9,29.02,4,2,1,1,0,1,0.5599459312163488,High
R06010,State Highway,7.91,0,6.23,0,1562.8,24.69,92.16,20.82,0,1,0,0,0,1,0.13773431583997248,Safe
R06011,Village Road,1.37,1,7.1,3,871.3,0.69,85.71,14.67,3,1,0,0,0,1,0.193176400953095,Safe
R06012,Village Road,7.03,2,8.88,2,1689.1,16.35,59.71,32.72,0,2,0,0,0,1,0.2065028089716371,Safe
R06013,Village Road,8.13,0,6.3,0,1442.1,19.87,68.23,28.83,2,1,0,1,0,1,0.3200700924813913,Moderate
R06014,District Road,19.8,1,9.97,0,322.4,15.42,124.2,10.35,3,2,0,1,0,1,0.3922972809828032,Moderate
R06015,District Road,4.55,1,11.14,2,1348.5,24.58,48.89,11.61,4,2,0,0,0,1,0.13225730293981303,Safe
R06016,Village Road,11.12,0,5.54,1,1155.6,23.09,39.57,19.48,1,2,0,1,0,1,0.27405553760761997,Moderate
R06017,Highway,19.75,1,11.68,2,1952.3,8.44,44.01,29.5,3,1,0,1,0,1,0.27249823569984477,Moderate
R06018,District Road,15.94,3,8.6,1,1281.5,33.84,64.69,16.9,3,1,0,1,0,0,0.4132401787408774,Moderate
R06019,District Road,19.87,1,10.9,3,1228.8,7.25,152.44,34.77,3,2,0,0,0,1,0.19658910454335798,Safe
R06020,Highway,19.38,0,3.94,2,1812.8,20.65,26.44,32.98,0,2,0,0,0,1,0.09376425736944344,Safe
R06021,District Road,10.05,1,5.26,0,1688.0,34.03,112.28,31.62,3,1,1,1,0,1,0.610816758138451,High
R06022,Village Road,14.08,1,5.89,1,2480.0,31.38,80.59,10.23,2,1,0,1,0,1,0.40310776828331923,Moderate
R06023,Village Road,2.65,0,5.73,1,912.3,19.45,59.9,34.1,2,5,0,0,0,1,0.13000465530901117,Safe
R06024,Highway,9.1,0,4.55,0,1736.5,35.5,102.76,24.79,3,1,1,1,0,1,0.5522331629195629,High
R06025,Highway,16.28,0,10.81,0,459.8,32.12,72.4,24.78,4,0,0,0,0,1,0.15672795363274042,Safe
R06026,State Highway,10.35,0,6.77,0,2021.2,17.3,106.88,12.47,2,4,0,1,0,1,0.29605119258173923,Moderate
R06027,Village Road,14.2,0,11.67,1,1976.1,40.3,101.91,25.24,2,1,1,1,0,1,0.5635222706364232,High
R06028,Highway,15.04,1,8.25,1,1828.3,6.39,75.64,23.22,1,1,1,0,0,1,0.34926270544439136,Moderate
R06029,District Road,5.44,1,4.25,0,341.7,16.13,101.12,23.54,3,1,0,0,0,1,0.15086854424697344,Safe
R06030,Highway,17.58,2,7.91,2,2469.5,31.4,155.56,14.79,3,2,0,0,0,1,0.2697088651569949,Moderate
R06031,District Road,9.47,1,11.94,1,2359.4,39.28,104.21,23.58,1,1,0,1,1,1,0.5456012123260237,High
R06032,State Highway,4.6,2,8.09,3,956.7,14.52,120.58,11.81,3,1,1,0,0,1,0.4542632699262691,Moderate
R06033,Village Road,17.38,1,3.02,2,1464.4,25.26,40.26,10.53,3,0,0,0,0,1,0.15244587220153613,Safe
R06034,State Highway,8.65,0,11.4,3,2227.8,0.53,75.27,15.33,2,2,0,0,0,1,0.11921687575127526,Safe
R06035,District Road,15.13,1,5.11,3,1261.9,16.69,47.14,30.04,0,1,0,0,0,1,0.18222809470752507,Safe
R06036,State Highway,11.19,2,9.2,1,1518.0,14.89,52.35,25.09,4,1,0,1,0,0,0.38401092310196633,Moderate
R06037,District Road,7.95,0,7.64,1,1527.9,37.91,35.27,32.36,1,0,0,0,0,1,0.1118510335042448,Safe
R06038,Village Road,16.29,0,5.93,0,1640.7,3.33,5.92,19.72,1,0,0,1,1,1,0.2295132709274621,Safe
R06039,Highway,11.9,0,5.54,1,1460.0,2.8,44.57,18.75,3,4,1,0,0,1,0.2545960271753881,Moderate
R06040,Village Road,8.12,1,11.36,0,1044.6,19.92,82.69,27.5,1,2,0,0,0,1,0.14013626558349807,Safe
R06041,District Road,2.64,0,11.21,2,1371.7,18.33,37.63,20.18,4,2,0,0,0,1,0.05471531774196257,Safe
R06042,Highway,17.96,0,7.62,0,2185.0,7.27,133.11,19.53,4,0,0,0,0,1,0.09427586096787785,Safe
R06043,District Road,1.19,0,5.33,0,2167.1,11.85,92.27,21.65,1,2,0,1,0,1,0.3207844455510947,Moderate
R06044,State Highway,17.33,1,3.92,0,1942.7,43.84,4.64,12.87,3,2,0,1,0,1,0.3281054546987033,Moderate
R06045,District Road,7.52,1,4.41,3,1064.6,23.09,21.01,15.07,1,1,0,0,0,1,0.1958609327985553,Safe
R06046,Village Road,12.97,1,7.7,0,1975.6,3.95,15.89,25.08,1,0,1,0,0,1,0.34778282787975295,Moderate
R06047,Highway,18.48,1,5.77,2,1000.2,2.24,67.34,25.21,1,3,0,1,0,1,0.3249134726176568,Moderate
R06048,District Road,3.46,1,3.38,0,1677.0,1.89,47.85,24.76,3,0,0,0,0,1,0.07350429338555381,Safe
R06049,Village Road,11.56,0,7.1,2,1440.2,17.51,37.88,15.0,1,1,0,0,0,1,0.17099562300958537,Safe
R06050,Village Road,15.41,1,9.72,1,785.1,38.95,40.03,20.89,0,3,0,0,0,1,0.21360171663559943,Safe
R06051,District Road,15.27,0,11.03,1,1159.6,37.48,77.66,33.03,1,2,1,0,0,1,0.32615888659339454,Moderate
R06052,Village Road,10.75,1,8.27,3,2084.4,16.55,99.19,31.52,3,3,0,0,0,1,0.18133871883513344,Safe
R06053,District Road,12.68,1,9.51,0,2286.2,34.85,97.97,23.94,4,1,1,1,0,1,0.5974808907294561,High
R06054,State Highway,15.27,0,6.28,0,553.0,33.85,127.05,32.52,3,0,0,0,0,1,0.13485772666610207,Safe
R06055,Village Road,16.9,0,7.47,1,1167.7,21.73,44.1,26.88,4,0,0,0,0,1,0.08950854859715035,Safe
R06056,District Road,15.36,0,9.57,2,1112.1,18.2,111.84,20.31,1,5,0,0,0,1,0.1805976880367057,Safe
R06057,District Road,7.4,0,9.55,3,1248.1,8.12,68.32,29.41,1,1,0,0,0,1,0.17752411366668044,Safe
R06058,District Road,19.94,0,6.82,2,2442.7,12.54,25.5,17.55,2,2,1,0,0,1,0.29370561261863454,Moderate
R06059,Village Road,8.97,3,7.89,1,1320.9,15.24,176.26,31.37,1,4,0,0,0,1,0.35727233732905067,Moderate
R06060,Village Road,0.98,1,11.31,1,2083.7,36.57,79.57,18.24,1,1,0,0,0,1,0.17806941918073466,Safe
R06061,District Road,7.57,1,8.69,1,1676.6,24.88,28.5,29.86,1,2,0,0,0,1,0.13966632582489888,Safe
R06062,State Highway,2.99,1,8.78,1,312.6,9.04,36.03,17.03,2,0,0,0,0,1,0.09163795835215341,Safe
R06063,District Road,2.87,1,10.06,0,1754.4,4.31,71.31,32.92,4,1,0,0,0,1,0.0631005207757902,Safe
R06064,District Road,5.99,3,4.04,2,1635.3,22.35,147.89,14.62,3,0,1,1,0,0,0.6938226599382195,High
R06065,State Highway,1.54,2,7.71,0,1908.2,29.98,151.56,27.97,0,2,0,0,0,1,0.2714878605397323,Moderate
R06066,Village Road,13.93,2,11.63,1,232.4,36.85,45.77,20.22,2,3,0,0,0,1,0.22174440592042324,Safe
R06067,District Road,1.94,3,6.25,0,641.2,35.88,91.41,10.46,1,2,0,0,0,1,0.3050116471055392,Moderate
R06068,State Highway,4.46,0,5.65,1,1934.8,37.09,27.81,18.3,1,0,0,1,0,1,0.3446743917441793,Moderate
R06069,Highway,2.31,1,8.41,1,958.0,20.15,130.16,15.07,2,1,1,0,1,1,0.5183682147448688,High
R06070,State Highway,1.73,2,4.99,0,2281.5,38.95,132.45,23.88,1,1,1,1,0,0,0.6691525913310089,High
R06071,Village Road,5.72,1,8.0,0,1318.3,20.01,38.15,16.5,2,0,0,1,0,1,0.302062580634945,Moderate
R06072,State Highway,11.65,3,4.4,0,52.5,7.57,101.84,11.82,3,0,0,1,0,0,0.36569540830137404,Moderate
R06073,State Highway,19.31,0,8.22,0,1762.1,17.88,38.92,33.83,0,0,1,0,0,1,0.24524089896520318,Safe
R06074,District Road,17.57,1,8.42,0,1308.0,15.3,31.16,31.13,3,1,0,0,0,1,0.13991498034964894,Safe
R06075,State Highway,17.58,3,6.77,2,826.9,17.65,117.16,11.13,0,0,0,0,0,1,0.3017962813400162,Moderate
R06076,Highway,3.93,1,6.44,1,100.1,29.64,97.17,16.79,4,3,1,1,0,1,0.6023276209947492,High
R06077,State Highway,5.67,2,5.21,1,536.9,29.56,176.17,25.76,2,1,1,1,0,0,0.6858762023325834,High
R06078,District Road,1.99,0,5.98,1,445.9,10.12,62.76,18.03,2,1,0,0,0,1,0.00248688720009084,Safe
R06079,District Road,15.68,1,7.49,2,1478.0,14.22,254.43,17.05,2,1,0,1,0,1,0.4884994643650156,Moderate
R06080,State Highway,1.86,3,5.23,0,1935.4,26.79,101.34,24.9,2,3,1,0,0,0,0.440190012722096,Moderate
R06081,District Road,11.36,1,10.05,2,624.8,3.79,68.34,14.86,5,1,0,0,0,1,0.16844494962314732,Safe
R06082,Village Road,5.33,0,9.38,3,1759.4,30.99,60.78,26.21,2,4,0,0,0,1,0.23723752596709288,Safe
R06083,State Highway,5.25,0,5.42,0,2254.6,8.05,137.82,12.23,2,2,0,0,0,1,0.13194206167825814,Safe
R06084,State Highway,19.82,2,3.88,2,1572.9,38.28,100.94,18.12,1,2,1,1,0,0,0.6356030711511373,High
R06085,State Highway,15.26,2,3.0,0,1950.3,18.07,125.67,12.89,2,1,0,1,0,0,0.2782590647633835,Moderate
R06086,District Road,16.82,0,8.37,0,550.4,9.94,235.83,17.42,2,1,1,0,0,1,0.42229439094363314,Moderate
R06087,Village Road,11.65,0,4.9,0,233.6,30.05,40.86,27.07,0,0,0,0,0,1,0.036037413396477015,Safe
R06088,State Highway,17.48,2,3.11,2,945.2,24.93,21.09,29.1,0,0,0,1,1,0,0.49648337324138925,Moderate
R06089,District Road,13.09,2,6.23,2,1787.1,7.74,84.11,13.63,1,2,0,0,0,1,0.21508955204054936,Safe
R06090,Highway,18.95,0,11.66,1,1730.9,37.22,91.81,28.66,4,1,0,0,0,1,0.14929387386625456,Safe
R06091,District Road,5.99,0,9.21,1,2389.9,20.4,38.7,12.11,2,1,0,0,0,1,0.10691090660014768,Safe
R06092,Village Road,12.11,2,10.72,1,1593.4,6.85,60.77,15.41,2,2,0,0,0,1,0.13911313704217443,Safe
R06093,State Highway,13.96,1,4.3,1,1057.6,35.83,90.06,22.51,2,1,0,0,0,1,0.17134108250144836,Safe
R06094,District Road,8.16,3,3.66,2,2003.0,6.0,86.7,34.28,2,2,0,0,0,1,0.18361880438660333,Safe
R06095,State Highway,17.65,1,3.1,1,425.0,43.56,148.62,34.34,4,1,0,0,0,1,0.17938867888368165,Safe
R06096,District Road,19.61,1,11.6,1,2041.9,19.88,144.5,21.96,1,1,1,0,0,1,0.4063337804443136,Moderate
R06097,Highway,10.13,1,5.7,1,946.5,32.77,207.6,30.12,0,1,1,0,0,1,0.46918752275260817,Moderate
R06098,Village Road,8.12,3,7.14,3,427.3,20.34,48.08,23.83,1,0,0,0,0,1,0.22702528751510817,Safe
R06099,State Highway,9.7,1,6.55,2,447.2,8.44,48.72,28.79,1,3,0,0,0,1,0.08110296728072354,Safe
R06100,Village Road,17.13,0,9.57,0,2459.8,34.12,82.18,26.33,2,2,0,1,0,1,0.3627628615345029,Moderate
R06101,State Highway,13.09,0,5.79,1,1576.9,13.02,143.08,27.43,3,0,1,0,0,1,0.3348234082179532,Moderate
R06102,District Road,1.37,2,7.82,0,476.9,30.71,123.67,20.99,1,4,0,0,0,1,0.21603473795792566,Safe
R06103,State Highway,11.07,1,11.96,3,708.0,11.58,115.5,30.83,6,1,0,0,0,1,0.27405155745847487,Moderate
R06104,Village Road,0.84,1,7.0,1,961.6,10.85,116.86,21.14,7,3,1,0,0,1,0.37893857642402834,Moderate
R06105,Highway,15.68,1,7.96,0,187.0,20.59,44.82,27.64,1,2,1,0,0,1,0.338207334198558,Moderate
R06106,State Highway,6.9,0,7.52,1,315.6,36.73,34.41,31.76,2,3,0,0,0,1,0.1412647157357227,Safe
R06107,District Road,9.7,0,10.23,1,1916.3,27.61,32.35,26.39,1,2,0,0,0,1,0.11771126506175483,Safe
R06108,Highway,16.07,0,5.4,1,1977.8,2.91,102.43,22.74,1,4,0,1,0,1,0.3450261759031964,Moderate
R06109,State Highway,1.41,1,4.53,0,2471.2,33.02,32.99,23.21,2,2,1,0,0,1,0.36178303553559277,Moderate
R06110,Village Road,3.59,2,9.79,0,215.6,26.09,85.47,27.72,5,2,0,0,0,1,0.22610594235887913,Safe
R06111,Village Road,8.26,2,6.74,0,2228.5,28.06,58.38,12.3,1,3,0,0,0,1,0.2774024337309955,Moderate
R06112,State Highway,4.98,3,11.22,0,827.2,15.91,41.69,25.91,2,1,0,0,1,0,0.2866019255717093,Moderate
R06113,Village Road,7.09,1,8.8,1,853.2,25.03,49.26,19.37,0,0,0,0,0,1,0.1107631891612959,Safe
R06114,District Road,19.96,2,8.08,2,361.8,16.73,65.25,13.38,1,2,0,1,0,0,0.40568859145235936,Moderate
R06115,State Highway,16.6,0,3.63,0,2466.4,3.67,158.32,32.81,2,0,0,0,0,1,0.11857691554037834,Safe
R06116,District Road,17.74,0,9.57,0,2453.4,38.0,43.7,22.44,1,2,0,0,1,1,0.22324789161706762,Safe
R06117,District Road,18.77,0,9.17,2,2168.8,30.51,151.63,21.42,1,2,1,0,0,1,0.37333656508455454,Moderate
R06118,Village Road,7.15,1,8.76,2,272.4,30.17,67.44,23.56,5,0,0,0,0,1,0.23234705821974264,Safe
R06119,State Highway,6.29,0,5.41,1,2112.0,8.72,103.35,25.56,1,3,1,0,0,1,0.3147633422073011,Moderate
R06120,District Road,5.06,0,11.52,0,1604.8,29.86,69.38,14.87,4,2,0,0,0,1,0.08662061252640765,Safe
R06121,Highway,16.69,1,5.89,2,365.5,10.44,199.07,25.64,1,1,1,0,0,1,0.443913724978692,Moderate
R06122,Highway,13.75,1,4.37,0,691.3,30.94,91.31,18.81,2,3,0,0,1,1,0.33123668394989153,Moderate
R06123,Highway,5.11,1,11.88,3,1738.6,15.01,42.64,27.87,0,6,0,0,0,1,0.17603469223225937,Safe
R06124,Village Road,7.85,1,9.72,2,2018.4,7.09,123.11,29.3,1,1,1,0,0,1,0.3694111217733394,Moderate
R06125,Village Road,10.38,0,6.73,1,2127.8,40.78,25.7,10.19,0,1,0,1,0,1,0.29820966556404355,Moderate
R06126,Village Road,10.8,0,11.42,0,1382.4,4.71,105.28,27.91,2,1,0,0,0,1,0.09269299274268572,Safe
R06127,District Road,17.83,0,3.82,0,1359.8,34.28,48.3,18.81,2,0,0,0,0,1,0.06254765242553162,Safe
R06128,State Highway,7.92,0,3.79,3,1726.3,4.58,44.24,17.59,2,1,0,0,0,1,0.1878249274573069,Safe
R06129,State Highway,18.22,1,9.14,2,1955.4,30.81,72.73,19.32,0,1,0,0,0,1,0.17880783764430833,Safe
R06130,State Highway,9.11,2,4.6,1,467.9,4.97,76.88,24.39,2,3,1,0,0,1,0.38272240048370043,Moderate
R06131,State Highway,15.05,0,11.25,0,1862.6,22.9,30.83,12.86,0,2,0,0,0,1,0.11323041399988237,Safe
R06132,Village Road,18.64,1,10.56,1,887.1,8.46,61.34,27.46,3,0,0,0,0,1,0.15095884331871595,Safe
R06133,District Road,18.2,2,5.76,3,990.2,39.0,118.6,21.13,1,1,0,0,0,1,0.37052860163073076,Moderate
R06134,Highway,1.61,0,11.0,2,240.4,18.07,72.17,14.0,2,2,0,0,0,1,0.09515478519769374,Safe
R06135,Highway,4.51,0,3.39,0,1491.6,0.69,258.14,22.73,2,1,1,0,0,1,0.3606832631547595,Moderate
R06136,Highway,9.8,1,7.94,1,278.9,28.27,44.17,24.35,2,0,1,1,0,1,0.6473162014376844,High
R06137,District Road,8.92,1,11.42,0,2287.2,20.03,112.91,18.66,1,2,1,0,0,1,0.39620358560348834,Moderate
R06138,Village Road,13.0,1,10.7,3,1571.4,38.69,169.66,32.49,1,3,1,0,0,1,0.47494049122512516,Moderate
R06139,District Road,18.92,2,6.2,1,2476.2,19.49,54.41,27.43,1,2,0,0,0,1,0.08402697328644959,Safe
R06140,Village Road,2.69,0,4.65,2,651.8,18.5,33.6,26.53,1,1,1,0,0,1,0.2905222602280475,Moderate
R06141,District Road,9.31,1,4.89,0,1715.0,20.43,23.78,11.33,3,4,0,0,0,1,0.13027659890228274,Safe
R06142,State Highway,4.25,0,7.63,0,2412.9,38.69,88.65,22.54,1,2,0,0,0,1,0.14645859449096393,Safe
R06143,Highway,17.94,2,8.37,2,781.5,26.41,140.97,31.27,0,4,0,0,0,1,0.27490837306418703,Moderate
R06144,Village Road,19.31,2,3.3,2,286.0,30.12,78.14,26.71,2,4,0,0,0,1,0.20957943942573876,Safe
R06145,Village Road,9.83,0,6.72,0,1603.2,32.42,175.58,15.82,2,1,0,1,0,1,0.3589409457699414,Moderate
R06146,State Highway,2.53,0,10.47,1,946.9,42.19,152.11,31.53,3,2,1,1,0,1,0.632159217106003,High
R06147,District Road,15.81,0,7.0,1,719.0,37.69,30.39,19.24,2,3,0,0,0,1,0.16749059315523102,Safe
R06148,District Road,14.09,0,4.52,2,2484.3,41.73,54.43,32.88,1,2,0,0,0,1,0.1962417920614741,Safe
R06149,District Road,7.42,0,11.59,1,1897.6,15.45,146.22,22.81,0,2,1,0,0,1,0.33519921631444755,Moderate
R06150,Village Road,17.8,1,5.4,0,1239.2,9.67,313.5,29.67,2,1,1,1,0,1,0.7186257933714758,High
R06151,District Road,19.53,3,10.19,1,172.5,9.15,41.39,25.3,3,2,0,0,0,1,0.1990125649420449,Safe
R06152,District Road,11.38,1,4.74,2,519.5,38.6,82.94,17.28,1,1,0,0,0,1,0.16090762386128019,Safe
R06153,Highway,11.53,0,6.81,2,782.0,37.38,76.09,26.35,1,5,0,1,0,1,0.3076931262119972,Moderate
R06154,Highway,6.3,0,7.41,1,1243.6,29.27,47.03,10.24,3,1,0,1,0,1,0.30550937796865946,Moderate
R06155,State Highway,11.9,0,7.51,3,1268.3,2.83,47.92,30.88,4,0,0,0,0,1,0.06792426618044123,Safe
R06156,Highway,9.07,0,7.65,0,110.6,14.31,54.46,34.15,5,1,0,0,0,1,0.035079046549740235,Safe
R06157,District Road,6.39,2,5.02,1,2361.2,33.04,55.11,15.18,1,2,0,1,0,0,0.36705340465563213,Moderate
R06158,District Road,1.81,0,7.64,2,1379.9,11.19,6.14,32.09,2,2,0,0,0,1,0.06459344974347787,Safe
R06159,Highway,5.43,3,7.34,0,98.3,28.08,80.49,14.2,4,5,1,0,0,0,0.3647393161367424,Moderate
R06160,Village Road,4.36,1,4.88,3,1768.3,24.42,80.73,22.29,2,0,0,0,0,1,0.169571846950765,Safe
R06161,State Highway,11.07,1,11.89,1,224.8,11.82,75.55,17.31,2,0,0,1,0,1,0.343290817673564,Moderate
R06162,State Highway,12.23,1,10.79,1,1816.9,42.05,49.63,14.8,1,2,0,1,0,1,0.3823465278239239,Moderate
R06163,State Highway,12.37,1,10.99,0,1768.7,11.55,30.14,28.89,2,0,0,0,1,1,0.18420409320534714,Safe
R06164,State Highway,8.07,1,9.17,0,2463.1,40.27,90.35,30.17,0,2,1,1,0,1,0.6050058656755418,High
R06165,State Highway,8.71,0,4.44,1,888.0,24.34,303.67,30.97,2,0,0,0,0,1,0.2881383167880018,Moderate
R06166,District Road,16.77,0,8.11,1,403.6,4.13,269.95,10.21,3,2,1,1,0,1,0.6201786353353124,High
R06167,District Road,9.79,3,10.39,0,275.1,37.51,18.63,31.2,2,3,0,0,0,1,0.2661578274033562,Moderate
R06168,Village Road,19.76,0,3.35,2,225.7,35.61,167.4,11.29,1,2,1,0,0,1,0.4417515430834156,Moderate
R06169,Highway,9.07,1,7.46,0,2035.3,37.39,87.86,21.21,6,0,0,1,0,1,0.3766496315349326,Moderate
R06170,Highway,13.17,1,6.57,2,1810.4,28.72,58.68,14.38,2,1,1,0,0,1,0.37437370593452984,Moderate
R06171,Highway,1.48,0,4.91,0,2441.0,32.02,189.48,32.67,3,2,1,0,0,1,0.39108621724407633,Moderate
R06172,District Road,13.24,0,6.4,1,807.5,40.82,51.72,24.42,2,0,0,0,0,1,0.16982875241249692,Safe
R06173,Highway,17.1,0,11.85,1,2017.6,5.75,91.92,21.71,0,0,0,0,0,1,0.07535120858682472,Safe
R06174,Village Road,18.88,1,9.51,1,277.9,3.74,165.19,21.1,1,1,1,1,1,0,0.6940988626980484,High
R06175,District Road,19.95,1,5.7,2,2264.5,5.63,95.22,20.11,1,0,1,0,0,1,0.3522259011612545,Moderate
R06176,District Road,6.0,2,8.45,3,177.0,39.15,154.71,21.85,1,2,0,1,0,0,0.5344046942755314,High
R06177,District Road,11.72,2,5.22,1,1980.3,25.33,102.58,24.14,2,2,0,0,0,1,0.24685309447003767,Safe
R06178,State Highway,9.29,0,8.5,1,803.0,7.92,60.1,30.43,2,2,0,0,1,1,0.1279062069957851,Safe
R06179,State Highway,11.49,1,11.07,1,493.9,6.38,164.0,15.94,2,1,1,0,0,1,0.3349631495198222,Moderate
R06180,State Highway,3.57,2,8.01,3,1776.1,20.04,37.09,30.11,3,0,0,0,0,1,0.20945474828654526,Safe
R06181,District Road,17.19,1,9.6,2,2244.9,36.71,30.73,30.76,3,1,0,1,0,1,0.3907451701371198,Moderate
R06182,State Highway,18.24,1,7.08,1,1922.1,36.23,54.28,31.28,3,2,1,1,0,1,0.5693419057720351,High
R06183,Highway,9.27,2,7.72,1,817.1,38.31,67.84,33.54,2,4,0,1,0,0,0.40512994898337723,Moderate
R06184,Village Road,5.97,0,9.26,0,916.2,34.6,110.27,33.91,0,0,1,1,0,1,0.6048119997830673,High
R06185,Highway,3.25,2,10.31,2,513.8,2.77,60.52,12.7,2,3,0,1,0,0,0.30621808748634116,Moderate
R06186,Village Road,13.83,0,8.94,2,2069.0,32.41,51.1,31.94,2,1,1,0,0,1,0.3384086921910854,Moderate
R06187,Village Road,6.59,1,11.8,3,312.4,23.35,214.09,31.14,2,0,1,1,0,1,0.8091827669665315,Critical
R06188,State Highway,18.24,0,10.38,1,2262.9,32.69,69.86,19.44,0,4,0,0,0,1,0.14895631393384484,Safe
R06189,Highway,13.58,2,9.99,2,1522.8,21.79,47.14,27.28,4,1,0,0,0,1,0.20072911501698423,Safe
R06190,Highway,13.09,1,10.61,1,1492.7,21.76,146.26,33.17,1,1,1,0,0,1,0.41242734402230985,Moderate
R06191,District Road,11.41,1,5.53,1,2102.7,5.68,44.29,12.28,1,0,0,0,0,1,0.0,Safe
R06192,District Road,1.39,2,6.89,1,1685.5,40.74,75.18,18.86,5,3,0,1,0,0,0.4554290775615466,Moderate
R06193,Village Road,18.67,2,8.08,2,795.4,16.86,136.23,34.35,0,2,1,0,0,1,0.40083630404485643,Moderate
R06194,Village Road,12.74,2,7.16,0,906.3,26.21,92.04,23.7,1,0,0,0,0,1,0.16643068347186815,Safe
R06195,District Road,19.88,0,10.63,0,474.0,9.32,151.48,12.29,2,3,0,1,0,1,0.2844397609254049,Moderate
R06196,State Highway,10.98,2,3.24,2,1187.0,16.6,86.7,34.03,2,2,0,0,0,1,0.15582001421946826,Safe
R06197,State Highway,14.35,1,4.88,3,319.9,39.18,30.49,32.57,4,2,0,0,0,1,0.2840385232662626,Moderate
R06198,Village Road,1.6,1,10.94,1,1649.9,9.43,78.19,30.16,2,3,1,1,0,1,0.5809719162037628,High
R06199,State Highway,12.82,3,3.53,2,464.6,9.27,55.33,29.84,4,2,0,0,0,1,0.27539435557644437,Moderate
R06200,Highway,15.41,0,5.04,2,2166.6,11.72,98.38,22.15,3,2,1,1,0,1,0.545439068528574,High
R06201,District Road,15.68,0,6.16,1,1766.1,25.86,44.3,31.88,3,1,0,0,0,1,0.08682734172066059,Safe
R06202,District Road,15.52,1,9.76,0,2234.2,23.43,20.46,17.64,0,3,0,0,0,1,0.023196555592182574,Safe
R06203,Village Road,4.91,2,8.04,3,263.2,7.89,90.84,18.96,2,2,0,1,0,0,0.3544385170658802,Moderate
R06204,District Road,19.52,1,11.59,3,2006.3,31.14,195.57,15.4,3,1,0,1,1,1,0.6351389912240427,High
R06205,Highway,19.91,1,5.05,1,2208.0,40.84,174.32,20.08,2,0,1,0,0,1,0.4294038791333222,Moderate
R06206,Village Road,1.97,1,10.85,0,159.2,8.95,108.68,15.84,1,0,0,0,0,1,0.10345488813840109,Safe
R06207,State Highway,18.76,1,5.55,2,2497.7,30.28,90.41,18.5,1,0,0,0,0,1,0.18192437781649018,Safe
R06208,State Highway,6.14,2,5.21,2,786.6,26.39,57.2,27.26,1,1,0,0,0,1,0.2098325726315372,Safe
R06209,District Road,13.94,0,7.49,0,568.7,14.8,136.6,20.75,1,0,0,0,0,1,0.11514730288069183,Safe
R06210,Highway,7.09,1,3.64,0,1066.5,27.8,18.62,29.19,1,1,0,0,0,1,0.07996808578010337,Safe
R06211,District Road,19.37,2,6.46,3,71.2,9.45,147.91,21.98,0,2,1,0,0,1,0.3922144972890413,Moderate
R06212,Highway,2.48,1,6.2,0,2220.5,37.53,142.61,13.48,4,0,0,1,1,1,0.520119449337194,High
R06213,District Road,10.21,0,4.44,0,707.8,1.0,99.32,28.55,0,2,0,0,1,1,0.1878608283382886,Safe
R06214,State Highway,8.85,0,10.75,1,1327.9,25.52,72.75,11.65,3,0,0,0,0,1,0.09832355904719688,Safe
R06215,Village Road,6.86,2,6.47,0,1577.7,14.35,17.81,33.56,2,0,0,0,0,1,0.08432794514029719,Safe
R06216,Village Road,13.09,0,11.84,0,1988.2,39.66,83.11,31.02,3,2,0,0,0,1,0.20117623847831445,Safe
R06217,State Highway,3.06,1,11.1,1,663.0,22.47,35.67,34.08,3,3,0,0,0,1,0.11829834557544511,Safe
R06218,State Highway,14.47,0,4.75,0,1807.0,36.11,60.24,16.22,2,2,0,0,0,1,0.13936070828182037,Safe
R06219,State Highway,19.62,1,7.55,2,338.3,41.57,174.22,22.03,2,0,0,1,1,1,0.5769703224714039,High
R06220,State Highway,16.19,2,8.42,1,1775.4,15.05,87.12,14.83,2,3,0,0,0,1,0.13576523926527667,Safe
R06221,Village Road,17.27,2,10.37,0,2302.3,39.62,52.23,20.56,1,1,0,1,0,0,0.3788024813398531,Moderate
R06222,District Road,7.51,1,10.97,1,258.3,32.68,97.88,16.09,3,0,0,0,1,1,0.29135152439578377,Moderate
R06223,State Highway,6.84,1,8.62,0,335.9,4.87,74.21,31.32,1,4,1,0,0,1,0.25537122934289064,Moderate
R06224,State Highway,10.58,2,3.32,0,1415.2,4.68,75.48,13.04,3,5,0,0,0,1,0.14496769714842314,Safe
R06225,Highway,1.39,0,7.33,2,163.7,36.78,186.14,15.63,3,1,1,0,0,1,0.4857922148922924,Moderate
R06226,District Road,18.93,0,10.96,0,509.1,21.07,92.19,16.6,1,2,1,0,1,1,0.4435726707234983,Moderate
R06227,Highway,3.3,2,9.43,1,516.0,22.28,42.48,28.45,1,2,0,0,0,1,0.11295855176155735,Safe
R06228,Village Road,18.11,1,10.83,2,1229.1,40.11,58.93,25.76,3,0,0,0,0,1,0.21018988972559663,Safe
R06229,Village Road,2.13,1,9.07,1,658.8,40.67,124.29,13.41,1,1,1,0,0,1,0.4130114485005451,Moderate
R06230,State Highway,16.54,0,3.4,1,1215.0,5.07,104.26,25.14,1,2,0,0,0,1,0.07604364463856075,Safe
R06231,District Road,3.46,2,11.71,2,1326.9,16.81,202.93,31.16,0,2,1,0,0,1,0.5060342447411781,High
R06232,Village Road,1.24,1,11.26,2,1840.1,40.29,28.1,21.31,1,1,0,0,0,1,0.18826048867405018,Safe
R06233,District Road,14.53,2,4.14,2,2367.7,36.89,121.76,25.3,0,6,0,0,0,1,0.26931115738298633,Moderate
R06234,State Highway,5.97,3,4.01,1,1284.2,32.45,169.66,23.3,2,3,0,1,0,0,0.46716109429736524,Moderate
R06235,State Highway,14.43,3,7.85,3,919.8,4.59,46.59,18.95,0,1,0,0,0,1,0.18723497644696857,Safe
R06236,Village Road,11.32,2,9.81,2,683.8,27.95,78.33,10.06,0,1,0,0,0,1,0.21229850520531635,Safe
R06237,District Road,2.62,0,6.44,1,1604.9,26.18,7.62,14.66,2,1,0,0,0,1,0.052669292435234896,Safe
R06238,District Road,18.68,2,4.23,1,2360.1,7.52,57.88,33.68,0,2,0,0,0,1,0.17202015930618456,Safe
R06239,Village Road,9.32,0,7.6,0,1923.4,34.82,56.15,18.87,2,0,0,0,0,1,0.1022471000995277,Safe
R06240,Village Road,14.82,2,6.04,1,555.0,14.04,117.93,17.43,3,1,0,0,0,1,0.2701857437285317,Moderate
R06241,Village Road,10.27,0,6.17,0,2238.6,27.93,73.54,25.35,0,3,1,0,0,1,0.3243839039459749,Moderate
R06242,Highway,12.29,1,8.8,0,1852.0,16.28,40.98,32.59,2,3,1,0,0,1,0.3222268814547031,Moderate
R06243,District Road,6.4,0,10.97,0,363.5,3.8,58.72,17.56,4,1,0,0,0,1,0.1287466524910699,Safe
R06244,District Road,4.41,2,8.03,1,1796.4,23.62,66.54,15.58,1,1,1,0,0,1,0.44575847169499166,Moderate
R06245,Village Road,11.08,0,9.19,1,758.9,13.8,43.01,32.55,3,1,0,1,0,1,0.26519274079710403,Moderate
R06246,District Road,9.08,1,8.94,1,1253.9,3.21,200.13,29.34,2,2,1,0,0,1,0.4187908421695893,Moderate
R06247,State Highway,8.11,2,7.96,1,785.6,8.93,43.0,27.56,0,1,0,0,1,1,0.24970812697948702,Safe
R06248,Village Road,13.62,1,5.8,2,255.9,27.85,136.03,23.93,2,1,0,0,0,1,0.2466255642981313,Safe
R06249,District Road,13.96,0,6.4,1,1933.0,4.56,52.96,20.64,2,3,0,0,0,1,0.09232982588864246,Safe
R06250,Highway,1.4,1,5.84,1,2080.3,3.94,66.63,25.95,3,2,0,0,0,1,0.1262463830183642,Safe
R06251,District Road,7.11,0,11.26,0,618.3,42.48,74.29,15.42,1,1,0,0,0,1,0.1581612015438069,Safe
R06252,State Highway,8.53,1,10.44,2,637.1,4.84,6.58,30.43,4,2,0,0,1,1,0.26458586496890185,Moderate
R06253,State Highway,2.39,3,8.21,1,1103.4,16.92,41.29,20.41,2,4,1,0,0,0,0.3574144712142066,Moderate
R06254,Highway,5.1,1,11.21,2,2038.1,6.0,88.44,28.87,2,2,0,0,0,1,0.12794629236849198,Safe
R06255,District Road,1.51,0,10.98,0,239.3,42.27,65.91,30.29,1,2,1,0,0,1,0.34718286597048115,Moderate
R06256,District Road,19.93,1,11.35,1,2031.3,21.65,65.8,11.88,2,1,0,0,0,1,0.19169909466968088,Safe
R06257,District Road,14.86,3,5.0,0,2310.7,5.0,24.6,26.89,1,0,0,0,0,1,0.13893369315493118,Safe
R06258,District Road,2.21,0,9.46,0,1425.7,34.6,110.68,17.57,2,1,1,0,1,1,0.4871610517040846,Moderate
R06259,Village Road,0.89,1,8.48,1,198.0,35.14,46.79,18.97,2,3,1,0,0,1,0.40488409038363526,Moderate
R06260,State Highway,14.53,1,9.6,2,710.4,40.55,63.76,28.34,4,2,0,1,0,1,0.4225453461274778,Moderate
R06261,Highway,9.06,2,5.37,1,322.9,31.75,143.08,33.93,0,1,1,0,0,1,0.4017616401796392,Moderate
R06262,Village Road,15.84,2,9.25,1,685.2,2.46,79.11,30.09,3,1,1,1,0,0,0.4965602502570875,Moderate
R06263,State Highway,18.51,0,6.69,2,2038.9,24.76,194.73,17.29,3,1,0,0,0,1,0.2014149872773802,Safe
R06264,Village Road,12.19,1,10.51,0,186.4,17.28,85.93,27.7,0,2,0,0,0,1,0.12595310282603867,Safe
R06265,Village Road,4.15,1,10.16,1,745.4,33.69,35.23,18.19,2,3,0,0,1,1,0.3025920059052097,Moderate
R06266,District Road,15.75,0,4.9,1,1316.5,26.59,81.85,20.99,2,2,0,0,0,1,0.1544657260213375,Safe
R06267,Village Road,19.14,0,4.65,1,2191.4,32.63,82.09,13.08,1,1,0,1,1,1,0.43005717062596893,Moderate
R06268,Highway,11.81,1,9.46,1,662.5,8.12,85.66,30.86,2,0,1,0,0,1,0.33535991236646095,Moderate
R06269,State Highway,13.8,0,7.95,0,1956.9,19.67,38.49,26.17,3,4,0,0,0,1,0.03742448825104289,Safe
R06270,District Road,7.08,2,8.01,1,1479.7,19.44,22.27,31.57,1,4,0,0,0,1,0.1887107917795562,Safe
R06271,State Highway,7.94,0,9.77,3,1707.1,44.14,95.97,15.59,0,4,0,0,0,1,0.23435438024172173,Safe
R06272,Village Road,14.83,0,10.69,3,2161.3,0.86,55.05,13.23,0,0,0,1,0,1,0.26399098921188285,Moderate
R06273,Highway,18.59,0,5.15,1,114.7,36.72,77.9,30.39,2,3,0,0,1,1,0.26333738207059,Moderate
R06274,District Road,12.77,0,8.0,1,1347.8,4.37,94.77,31.97,3,0,1,0,0,1,0.24911143555987658,Safe
R06275,District Road,15.9,1,10.46,0,1880.7,3.62,141.55,14.3,0,2,1,0,1,1,0.487215369122471,Moderate
R06276,District Road,3.85,1,10.86,1,2217.3,14.77,16.68,26.05,1,1,0,0,0,1,0.06346517046843772,Safe
R06277,State Highway,4.63,2,5.59,2,375.1,31.53,22.54,14.13,2,2,0,0,0,1,0.17659613567582136,Safe
R06278,State Highway,10.87,3,3.94,1,886.6,30.53,133.59,10.36,1,2,0,1,0,0,0.5479327455271419,High
R06279,Village Road,3.94,2,5.1,2,242.5,28.25,167.15,23.56,3,0,1,0,0,1,0.4238753595115683,Moderate
R06280,State Highway,12.88,0,11.51,1,2095.6,34.85,38.54,33.76,3,0,0,0,0,1,0.1291319064457982,Safe
R06281,Village Road,6.19,3,7.16,1,2150.5,10.46,72.91,24.76,1,1,0,0,0,1,0.1909758427640025,Safe
R06282,District Road,15.93,1,6.77,0,1234.8,28.52,92.3,20.73,2,1,0,0,0,1,0.20083148879696555,Safe
R06283,Village Road,16.26,1,3.12,2,100.9,28.71,19.78,17.05,4,1,0,0,0,1,0.14519162768371405,Safe
R06284,District Road,9.54,1,3.46,3,300.4,29.45,84.51,17.04,2,1,0,0,0,1,0.17330700305690727,Safe
R06285,State Highway,4.03,0,9.02,1,1579.7,26.75,65.63,16.58,0,2,1,1,0,1,0.5482127281113135,High
R06286,District Road,13.11,2,8.31,0,2457.4,9.97,89.1,15.23,2,1,1,0,0,1,0.3805955328944118,Moderate
R06287,Village Road,19.86,0,8.18,3,2105.2,41.14,21.76,11.66,4,0,0,0,0,1,0.20232438934408237,Safe
R06288,District Road,12.64,1,3.99,0,2004.9,43.92,223.84,28.93,6,1,0,0,0,1,0.268343888300567,Moderate
R06289,Village Road,1.2,0,6.17,1,1074.0,31.01,40.42,17.88,0,2,0,1,0,1,0.31520146653198494,Moderate
R06290,District Road,0.84,2,10.31,0,2463.8,19.98,152.88,13.9,3,4,1,0,0,1,0.4407710839698685,Moderate
R06291,Highway,6.75,2,4.57,0,2071.2,24.17,81.4,25.1,3,2,0,0,0,1,0.14840825624864268,Safe
R06292,State Highway,4.32,0,10.94,0,872.3,4.88,44.88,33.36,4,1,0,0,0,1,0.08517405446637527,Safe
R06293,Village Road,16.35,1,4.09,1,1883.8,16.35,166.72,27.21,4,1,1,0,0,1,0.3469721199937196,Moderate
R06294,State Highway,16.97,2,4.52,1,1109.7,43.93,110.36,14.79,0,0,0,0,0,1,0.26421280324886215,Moderate
R06295,Village Road,5.54,1,7.3,1,1668.1,24.65,20.33,20.35,1,2,0,0,0,1,0.10945294244416573,Safe
R06296,Village Road,6.85,1,11.51,1,2426.6,25.23,97.65,30.63,3,3,0,0,0,1,0.18305533962352202,Safe
R06297,State Highway,5.11,1,5.97,1,653.8,42.93,150.92,11.27,3,3,1,1,0,1,0.6857087173369438,High
R06298,Highway,18.21,0,8.92,2,1997.8,39.89,55.34,18.41,0,1,1,0,0,1,0.3549868746499388,Moderate
R06299,District Road,10.3,1,8.3,3,1496.4,25.59,118.95,19.7,2,2,1,0,0,1,0.45215829309337213,Moderate
R06300,State Highway,13.29,1,4.35,0,2377.4,12.1,93.67,21.32,0,1,1,0,0,1,0.35102835843870117,Moderate
R06301,Village Road,8.6,1,5.23,0,379.4,5.26,96.68,23.97,1,1,0,0,1,1,0.2158033588311254,Safe
R06302,District Road,12.8,2,11.37,1,1813.3,38.86,15.17,22.34,1,4,0,0,0,1,0.09814399271096502,Safe
R06303,District Road,8.02,0,4.66,0,141.0,41.4,18.28,14.07,2,1,0,0,1,1,0.24050562854438096,Safe
R06304,Village Road,7.12,0,9.26,2,654.1,22.24,69.55,20.42,5,2,0,1,0,1,0.358438166157594,Moderate
R06305,State Highway,12.87,0,11.68,0,836.1,4.25,10.22,19.23,3,2,0,0,0,1,0.0,Safe
R06306,District Road,12.03,0,4.08,1,1109.0,27.28,65.98,33.23,0,3,0,0,0,1,0.10220955769368952,Safe
R06307,State Highway,6.22,0,6.59,0,2415.0,16.54,46.8,28.57,5,2,0,1,0,1,0.24377257372575065,Safe
R06308,State Highway,3.41,3,5.02,1,215.6,7.1,48.66,31.65,3,3,0,0,0,1,0.1584806166218719,Safe
R06309,District Road,7.69,0,4.99,0,464.0,41.36,63.11,27.74,4,2,0,0,0,1,0.16484707724384146,Safe
R06310,Village Road,8.6,1,4.07,2,547.5,10.78,59.84,11.42,2,4,0,0,0,1,0.12276306501379457,Safe
R06311,State Highway,12.76,0,8.85,3,1088.8,32.0,101.84,21.85,0,1,0,0,0,1,0.23460912771373715,Safe
R06312,District Road,18.33,1,9.72,1,198.7,19.32,15.7,29.45,3,1,0,0,0,1,0.16733655738311629,Safe
R06313,District Road,1.21,3,9.09,0,2415.3,37.26,53.67,24.79,3,1,0,0,1,0,0.2795977470486843,Moderate
R06314,State Highway,5.25,0,11.32,1,1421.6,31.54,89.62,28.96,0,0,0,0,0,1,0.11274386059526756,Safe
R06315,State Highway,4.28,2,4.31,1,2042.6,5.54,127.84,34.05,0,3,1,1,0,0,0.5165312291252585,High
R06316,Village Road,10.29,3,5.88,0,1942.6,20.23,91.93,16.18,1,0,0,0,0,1,0.15426590177347624,Safe
R06317,District Road,8.88,1,6.1,2,1669.0,11.69,85.83,34.58,3,0,1,0,0,1,0.3139537310947853,Moderate
R06318,District Road,14.72,0,5.09,0,2265.8,32.11,29.07,13.01,0,0,0,0,0,1,0.080988815284699,Safe
R06319,District Road,5.23,1,4.28,0,2260.8,24.51,36.77,33.0,1,1,0,1,1,1,0.41687087064420286,Moderate
R06320,Highway,12.09,2,7.38,1,363.0,15.31,100.88,14.83,6,1,0,1,0,0,0.4415825681327171,Moderate
R06321,District Road,17.74,0,10.51,0,2259.7,14.83,82.06,27.98,0,2,0,0,0,1,0.045869212365306646,Safe
R06322,District Road,18.26,1,11.59,2,1333.5,5.15,79.12,29.58,5,1,0,1,0,1,0.3151293012992031,Moderate
R06323,District Road,19.2,0,4.16,0,706.8,9.62,89.25,30.28,5,0,0,0,0,1,0.06558994235365483,Safe
R06324,State Highway,15.58,0,10.41,2,1540.8,32.11,54.15,20.94,2,2,0,1,1,1,0.5167090098972822,High
R06325,Highway,18.17,2,10.42,1,738.2,27.45,52.55,14.23,2,4,1,1,0,0,0.5986758506556038,High
R06326,State Highway,5.07,1,6.5,1,1223.6,16.0,83.8,29.9,3,1,0,0,0,1,0.13475404673849845,Safe
R06327,Village Road,4.35,0,3.99,0,2050.3,37.63,135.58,26.11,1,3,1,0,0,1,0.35362049248949456,Moderate
R06328,District Road,0.63,1,11.91,0,128.9,21.8,74.65,16.45,2,1,1,0,0,1,0.3691642600431916,Moderate
R06329,District Road,14.28,0,8.9,1,498.6,35.75,165.24,19.81,2,4,1,0,0,1,0.4619839042341192,Moderate
R06330,Highway,18.78,0,11.84,0,2393.6,35.15,94.38,17.44,1,0,1,1,0,1,0.5257297385028542,High
R06331,Highway,4.15,1,7.35,1,1140.5,38.16,74.36,32.87,1,1,0,1,0,1,0.4562419086686178,Moderate
R06332,District Road,12.92,1,6.56,1,793.1,38.24,383.87,30.09,3,0,1,0,0,1,0.5691542358253178,High
R06333,District Road,15.06,0,5.22,0,2312.0,30.56,118.63,32.06,2,2,1,0,0,1,0.3912109068318844,Moderate
R06334,District Road,18.59,0,11.85,2,2282.5,33.72,68.8,11.29,5,1,0,0,0,1,0.22856796994008372,Safe
R06335,State Highway,13.11,1,5.28,3,158.4,34.96,198.5,26.53,2,1,1,0,0,1,0.5275360593456189,High
R06336,District Road,19.42,2,3.21,1,938.1,7.61,125.27,16.69,2,0,0,1,1,0,0.43768422084152564,Moderate
R06337,State Highway,7.22,2,7.61,3,2286.4,13.51,44.22,28.7,2,2,0,0,0,1,0.17886121286150264,Safe
R06338,State Highway,7.32,0,6.39,2,490.4,4.69,78.97,32.28,2,0,0,0,0,1,0.11509797312904485,Safe
R06339,District Road,11.09,1,5.35,0,1466.6,8.52,64.53,29.15,2,0,0,0,0,1,0.13634994917918747,Safe
R06340,State Highway,7.98,2,8.71,0,835.9,35.02,127.77,32.77,2,2,1,0,1,0,0.5550056657475229,High
R06341,State Highway,0.53,1,6.28,1,1854.6,42.62,117.55,19.97,3,2,1,1,0,1,0.6260926882034177,High
R06342,District Road,14.77,3,6.62,1,437.7,30.31,239.98,25.6,1,1,1,0,0,0,0.5442534984918739,High
R06343,District Road,15.16,3,3.21,1,1510.3,39.87,167.6,21.87,2,0,0,1,0,0,0.5496653920770864,High
R06344,Village Road,15.07,0,8.3,1,50.0,14.31,136.3,30.75,2,3,0,0,0,1,0.19611046921958109,Safe
R06345,District Road,7.23,0,4.1,1,668.8,38.06,184.14,24.08,2,1,0,0,0,1,0.2458286026479425,Safe
R06346,Highway,10.68,0,4.92,2,447.3,15.25,26.18,27.75,2,2,1,0,0,1,0.26501407475729327,Moderate
R06347,State Highway,7.52,0,9.45,0,564.1,40.24,96.03,25.77,4,1,1,0,0,1,0.4367763622500159,Moderate
R06348,Village Road,0.81,3,5.82,2,2158.0,35.91,28.26,31.55,3,1,0,1,0,0,0.4369773702198388,Moderate
R06349,District Road,11.47,3,4.47,3,2291.3,44.26,236.34,23.21,5,2,1,0,0,0,0.6020738853657103,High
R06350,District Road,2.91,0,8.2,2,1899.8,37.23,71.72,12.72,1,3,1,0,0,1,0.3253610936904551,Moderate
R06351,Highway,2.06,1,4.93,0,1495.8,17.92,89.53,33.72,3,2,0,0,0,1,0.15640333761138214,Safe
R06352,District Road,15.23,1,5.44,0,615.6,4.95,60.18,23.9,3,2,0,0,0,1,0.17611572455880445,Safe
R06353,Highway,0.69,1,8.59,1,723.1,39.34,111.17,29.57,0,2,1,1,0,1,0.6173179299041032,High
R06354,District Road,19.2,1,9.66,3,809.2,25.7,62.75,26.98,4,0,0,0,0,1,0.2180570329124645,Safe
R06355,Village Road,10.55,3,9.66,2,1953.7,38.62,81.26,20.79,5,1,0,1,0,0,0.5396929204205315,High
R06356,Village Road,19.67,0,7.34,1,669.6,17.42,76.22,33.78,2,0,0,1,0,1,0.31313321877176714,Moderate
R06357,District Road,1.63,0,7.09,0,2434.8,1.3,162.76,28.32,3,1,0,0,0,1,0.0938904147985425,Safe
R06358,District Road,11.88,0,10.09,2,2001.3,2.36,25.99,15.79,2,1,0,0,0,1,0.003551254681724479,Safe
R06359,Village Road,7.31,1,4.74,2,2499.3,30.17,99.47,34.9,2,0,0,1,0,1,0.39056607783219166,Moderate
R06360,District Road,16.95,0,4.37,3,1175.0,5.15,37.97,35.0,1,2,0,0,0,1,0.10042423419328035,Safe
R06361,Highway,7.54,1,8.98,1,1493.9,33.55,58.43,17.24,2,0,0,0,0,1,0.21638793381266413,Safe
R06362,District Road,5.58,1,6.69,1,737.0,18.87,32.98,34.63,0,0,0,0,0,1,0.13094922384459903,Safe
R06363,State Highway,17.22,2,9.39,1,1529.2,25.34,24.41,25.43,3,0,0,0,0,1,0.17369155272763304,Safe
R06364,District Road,7.81,1,5.31,3,2436.1,36.05,114.49,14.63,2,0,0,0,0,1,0.260074389683636,Moderate
R06365,District Road,0.83,0,5.92,1,124.4,11.39,74.47,34.46,2,2,0,0,0,1,0.08505880571252242,Safe
R06366,District Road,8.11,2,11.07,0,758.8,18.58,32.34,12.55,4,1,0,0,0,1,0.062144275118795916,Safe
R06367,State Highway,13.26,2,6.79,1,739.2,32.83,30.01,25.94,1,1,0,0,0,1,0.22708999100803354,Safe
R06368,State Highway,5.46,0,8.32,2,2456.8,41.33,90.9,30.93,1,3,1,0,0,1,0.44849048863796614,Moderate
R06369,District Road,8.92,0,3.96,1,375.0,13.06,77.92,30.73,1,0,1,0,0,1,0.3180680900229323,Moderate
R06370,Village Road,1.61,2,4.61,1,2040.3,28.02,61.27,10.16,1,0,0,0,1,1,0.3528889732925108,Moderate
R06371,District Road,11.97,0,3.32,2,722.7,42.8,62.73,20.63,2,2,0,0,0,1,0.2313200661904828,Safe
R06372,State Highway,15.25,0,6.82,2,2158.5,29.2,162.43,12.22,2,0,1,0,1,1,0.5042969507001729,High
R06373,Village Road,8.56,1,11.9,0,1245.0,40.18,58.25,16.49,5,1,0,0,0,1,0.12740318421181604,Safe
R06374,Village Road,8.69,0,10.86,2,643.5,42.29,123.86,33.45,1,1,1,0,0,1,0.43190037893474104,Moderate
R06375,State Highway,2.22,0,8.7,1,1788.8,41.82,57.4,32.11,2,0,1,0,0,1,0.33614736456914923,Moderate
R06376,Highway,4.44,1,10.75,3,2111.9,34.13,88.7,26.48,4,1,0,0,0,1,0.2884992862581349,Moderate
R06377,District Road,3.52,2,8.35,3,1201.8,24.84,244.56,32.46,1,0,1,0,0,1,0.5305378603032704,High
R06378,Village Road,9.89,2,6.32,1,1799.3,4.35,111.37,17.91,1,3,0,1,0,0,0.4133108776245117,Moderate
R06379,Village Road,10.82,3,4.56,3,494.9,10.02,202.36,30.7,0,1,1,0,0,0,0.4706510571588189,Moderate
R06380,Village Road,19.0,0,8.88,1,2347.1,11.51,14.24,27.12,3,0,0,0,0,1,0.0,Safe
R06381,District Road,1.93,0,4.74,2,286.3,1.5,79.62,28.35,2,3,0,0,0,1,0.057679022655392105,Safe
R06382,District Road,12.2,2,6.76,0,593.8,4.59,126.48,12.14,1,1,0,0,0,1,0.13459621633310406,Safe
R06383,Highway,10.77,1,10.43,0,756.5,13.26,57.52,18.72,1,2,0,0,0,1,0.15940684709809863,Safe
R06384,State Highway,10.57,0,4.16,2,424.2,4.08,156.92,11.22,1,0,1,0,0,1,0.3560402194203965,Moderate
R06385,District Road,17.53,0,4.16,2,1046.4,7.63,82.41,13.76,4,0,0,0,1,1,0.14789540838089685,Safe
R06386,District Road,4.51,0,5.02,1,1171.5,2.45,49.99,16.79,1,1,0,0,0,1,0.046560252244873326,Safe
R06387,District Road,1.3,1,7.97,1,1320.5,18.74,26.73,24.64,1,1,0,0,0,1,0.11952483464248113,Safe
R06388,District Road,13.61,0,5.27,1,150.0,36.96,161.9,29.0,3,2,1,1,0,1,0.6315101915632664,High
R06389,State Highway,7.23,3,7.53,2,586.8,36.55,138.34,12.71,2,1,1,1,0,0,0.6504045412359969,High
R06390,District Road,0.84,0,5.72,0,2029.0,40.72,172.1,11.37,1,1,1,1,1,1,0.6275481386785406,High
R06391,Highway,5.4,3,7.56,0,2036.0,33.55,212.5,32.09,4,1,1,1,0,0,0.7966646573687459,Critical
R06392,District Road,6.53,2,5.5,2,858.5,11.0,14.24,13.26,2,2,0,0,0,1,0.17687478287366917,Safe
R06393,Village Road,12.53,1,11.82,3,1179.9,31.61,92.46,21.21,3,2,0,0,0,1,0.2802849891273193,Moderate
R06394,District Road,3.87,2,7.43,0,499.5,33.92,111.89,12.82,1,2,1,0,0,1,0.39846853272587734,Moderate
R06395,Village Road,8.55,1,9.69,2,2064.2,24.44,91.13,23.38,2,0,1,0,0,1,0.44069400950303284,Moderate
R06396,State Highway,9.91,0,9.3,1,2393.9,36.32,40.34,12.66,2,0,0,0,0,1,0.15246445844579923,Safe
R06397,District Road,9.46,0,7.42,0,763.8,3.21,173.83,29.06,3,1,0,1,0,1,0.34618549347022926,Moderate
R06398,State Highway,19.49,1,5.15,2,1965.7,26.77,77.54,12.14,4,3,0,0,0,1,0.09922474883075448,Safe
R06399,District Road,1.39,1,7.6,2,913.4,21.6,123.92,20.76,2,2,1,1,1,0,0.7455943920167429,High
R06400,Village Road,19.04,1,9.13,0,56.5,36.23,84.81,20.51,0,2,0,0,0,1,0.20214084230498286,Safe
R06401,District Road,11.85,1,7.14,1,1519.3,5.76,69.45,33.02,4,0,0,0,0,1,0.12686356899024218,Safe
R06402,Village Road,16.02,1,3.74,2,1055.5,9.57,157.41,20.75,0,2,1,0,1,1,0.496264474593692,Moderate
R06403,State Highway,8.89,1,3.16,0,1908.2,25.14,18.41,11.77,2,0,0,0,0,1,0.13121669667198296,Safe
R06404,Village Road,9.35,1,5.95,1,1884.5,42.62,74.33,23.59,0,3,0,0,0,1,0.14772877857953967,Safe
R06405,Highway,17.65,1,4.35,0,2367.8,3.74,102.48,28.12,1,1,0,0,0,1,0.1718164462516612,Safe
R06406,Village Road,17.97,2,11.16,1,1122.7,33.45,62.05,18.43,2,2,0,1,0,0,0.4064119575618808,Moderate
R06407,State Highway,5.15,1,4.58,0,1232.2,9.24,164.89,25.21,3,1,0,0,0,1,0.08435961410996064,Safe
R06408,State Highway,4.39,2,6.55,1,1031.0,4.75,35.71,13.04,3,1,0,0,0,1,0.18178008944581253,Safe
R06409,District Road,10.18,1,9.41,0,777.5,17.76,21.06,20.63,2,2,1,0,0,1,0.2946380150865182,Moderate
R06410,Village Road,18.06,1,10.34,1,1612.7,26.24,75.46,14.15,4,2,1,0,0,1,0.44362329196304745,Moderate
R06411,Highway,6.79,1,7.3,0,2078.7,37.22,102.19,16.84,2,4,0,0,0,1,0.15523060085377746,Safe
R06412,State Highway,13.21,0,4.63,2,436.6,28.56,10.54,26.03,1,3,0,0,0,1,0.1413055506065922,Safe
R06413,Village Road,14.31,3,5.44,2,2455.5,22.13,218.16,28.84,1,2,1,1,0,0,0.7691614889809812,Critical
R06414,State Highway,15.68,0,6.77,0,1725.3,12.86,179.95,17.79,1,3,1,0,0,1,0.3883113538238242,Moderate
R06415,State Highway,11.5,1,6.28,3,1961.3,13.16,125.4,34.75,2,0,0,0,0,1,0.21817678006529898,Safe
R06416,District Road,8.35,0,6.14,2,2497.2,34.68,63.62,17.12,0,4,0,1,0,1,0.36432260325381827,Moderate
R06417,State Highway,19.36,0,4.19,1,1284.9,5.13,21.74,13.75,2,3,0,0,0,1,0.04480793217641392,Safe
R06418,Village Road,12.42,2,11.22,1,224.7,6.59,212.42,31.69,2,2,0,0,0,1,0.27254166085011566,Moderate
R06419,Village Road,14.71,1,3.27,0,1986.2,32.39,84.11,26.24,4,1,1,0,0,1,0.44166577496193754,Moderate
R06420,District Road,7.23,2,6.96,3,2183.4,43.25,38.52,26.99,3,1,0,0,0,1,0.2394198801609068,Safe
R06421,Village Road,13.56,0,11.82,0,447.9,5.41,71.5,29.86,1,0,0,0,0,1,0.024476591928962628,Safe
R06422,District Road,5.53,0,8.94,2,109.1,27.42,123.9,34.99,0,1,0,0,0,1,0.12028815476321386,Safe
R06423,Highway,5.28,0,6.2,1,382.8,10.76,172.54,17.1,1,3,1,1,1,1,0.6755750381201336,High
R06424,State Highway,14.44,1,4.31,3,843.7,1.16,68.67,23.7,2,0,0,0,1,1,0.24493571512531145,Safe
R06425,District Road,10.67,2,11.67,1,2314.5,37.45,179.67,27.61,1,0,1,0,0,1,0.5282007913015334,High
R06426,State Highway,13.82,1,3.13,1,56.0,22.89,42.15,13.66,1,2,0,0,0,1,0.10516449088992746,Safe
R06427,Village Road,5.75,1,9.13,2,2019.3,1.08,126.14,17.67,4,2,1,0,0,1,0.3666980299057183,Moderate
R06428,Village Road,12.18,3,10.92,0,2144.4,40.3,57.28,17.67,2,3,0,0,0,1,0.2839378592761109,Moderate
R06429,State Highway,9.16,0,3.23,0,2037.1,24.11,146.43,18.19,0,1,0,1,0,1,0.373990398073058,Moderate
R06430,District Road,12.14,1,9.53,0,251.4,33.17,86.21,27.96,2,3,0,0,1,1,0.2582136868597843,Moderate
R06431,District Road,6.17,1,11.99,0,1714.0,19.06,89.52,24.81,2,0,0,0,0,1,0.146734873265825,Safe
R06432,Village Road,14.45,0,8.76,0,2387.1,8.32,127.27,27.9,2,1,1,0,0,1,0.25134106800073874,Moderate
R06433,Village Road,16.22,0,6.73,1,344.9,20.95,107.8,22.81,0,0,0,0,0,1,0.141800098839067,Safe
R06434,District Road,5.57,0,10.87,2,127.6,12.95,152.51,33.89,1,2,1,0,1,1,0.4701087229749713,Moderate
R06435,Village Road,6.36,2,7.99,3,2190.5,13.35,108.78,23.02,2,0,0,0,0,1,0.2357308974991138,Safe
R06436,District Road,13.39,1,9.74,1,1630.1,28.97,105.25,25.09,3,7,0,0,0,1,0.20248854255995302,Safe
R06437,District Road,14.06,2,8.29,0,1633.8,4.23,28.14,17.46,4,1,0,0,0,1,0.11626147872139095,Safe
R06438,Highway,14.23,1,3.34,2,2412.9,17.87,76.82,11.47,3,5,0,0,0,1,0.2204003244030008,Safe
R06439,Highway,13.81,1,4.92,2,1935.9,24.6,24.01,30.39,2,0,1,0,0,1,0.36624902869621945,Moderate
R06440,District Road,8.16,2,3.71,1,1023.7,31.94,44.24,31.41,4,3,1,0,0,1,0.4230016470463606,Moderate
R06441,State Highway,8.2,3,3.96,0,1117.8,28.48,69.53,31.27,3,1,0,0,1,0,0.37196768371517736,Moderate
R06442,Highway,5.47,0,3.14,3,404.5,39.88,36.11,30.04,1,1,0,0,0,1,0.1392815322703801,Safe
R06443,District Road,3.56,0,6.79,0,794.9,44.66,101.85,16.72,2,1,0,1,0,1,0.3912688335458243,Moderate
R06444,Highway,14.01,2,4.61,0,1141.2,42.18,291.83,24.37,1,2,1,0,1,0,0.6398041836327633,High
R06445,District Road,2.32,3,10.7,2,689.7,34.39,24.52,30.37,5,0,0,0,0,1,0.22076140969174832,Safe
R06446,District Road,18.79,3,9.75,1,2293.9,30.87,50.51,25.64,0,2,0,1,1,0,0.5880445055224863,High
R06447,Village Road,16.62,1,8.16,0,78.9,1.59,48.24,33.96,2,4,0,0,0,1,0.1813185761322027,Safe
R06448,District Road,17.22,0,7.4,2,1488.2,24.01,35.35,26.94,1,0,0,0,0,1,0.1155864591414236,Safe
R06449,Highway,18.18,0,5.3,2,1940.4,29.87,109.58,24.02,2,3,0,0,0,1,0.1885849878611632,Safe
R06450,District Road,8.47,3,7.27,2,1843.7,18.58,40.06,34.88,1,3,1,0,0,0,0.3944642539531726,Moderate
R06451,Village Road,17.01,1,8.77,0,1627.1,17.32,99.06,23.36,2,2,1,0,0,1,0.33245197144153477,Moderate
R06452,Village Road,3.58,0,10.04,0,1055.3,24.41,68.66,34.17,2,3,0,0,0,1,0.09546945874861956,Safe
R06453,District Road,0.92,3,3.74,1,2300.3,40.8,28.7,10.3,1,1,0,0,1,0,0.28716335012974853,Moderate
R06454,State Highway,15.81,0,9.38,2,855.9,11.74,26.5,23.75,3,2,0,0,0,1,0.05375420789564993,Safe
R06455,Village Road,1.96,2,9.68,0,1887.8,17.96,56.43,17.22,2,1,0,1,0,0,0.32498463876723954,Moderate
R06456,State Highway,19.78,1,8.03,1,2320.3,29.39,89.82,19.89,5,1,0,0,0,1,0.20922423881422686,Safe
R06457,District Road,13.66,0,4.93,0,364.5,8.37,171.78,12.2,1,1,1,0,0,1,0.3532861883143797,Moderate
R06458,District Road,15.19,0,7.85,0,2370.3,37.57,146.47,16.61,2,2,0,0,0,1,0.20613176081332116,Safe
R06459,Highway,5.29,0,7.52,2,1951.3,29.97,88.88,24.24,3,3,0,0,0,1,0.16475016136488294,Safe
R06460,State Highway,13.64,1,7.28,0,1560.6,15.85,96.53,28.03,3,1,0,0,0,1,0.11242423011488861,Safe
R06461,State Highway,1.34,1,7.15,2,964.8,32.5,83.75,32.76,1,1,0,0,0,1,0.20290984491379865,Safe
R06462,District Road,16.84,0,4.0,1,2265.5,12.57,113.89,15.79,1,0,0,1,1,1,0.38891487764011623,Moderate
R06463,Village Road,3.81,3,4.65,0,157.9,34.85,144.76,29.89,1,3,1,0,0,0,0.49223345896114573,Moderate
R06464,State Highway,14.1,0,3.88,3,1108.0,3.18,48.84,10.61,2,1,0,0,0,1,0.1691239319338492,Safe
R06465,Village Road,4.88,0,5.18,2,1903.8,19.2,79.3,32.35,0,2,0,0,0,1,0.22666845456620593,Safe
R06466,Highway,1.83,0,5.37,2,2037.3,11.77,22.09,24.87,2,3,0,0,0,1,0.052337675469955526,Safe
R06467,District Road,9.89,0,5.21,2,545.6,36.75,48.67,31.14,1,3,0,0,0,1,0.16915400410789194,Safe
R06468,Highway,3.8,3,4.9,1,166.6,33.87,67.69,16.38,3,1,0,0,0,1,0.26219684262776455,Moderate
R06469,Village Road,14.72,0,9.62,1,2017.0,37.88,83.35,19.33,5,2,0,0,0,1,0.19751696415718542,Safe
R06470,Village Road,5.13,1,10.37,0,1083.6,29.32,14.54,12.43,6,3,0,0,0,1,0.11275888690607064,Safe
R06471,District Road,7.18,2,5.94,2,401.6,35.79,68.0,11.97,1,4,0,0,0,1,0.34101942646389544,Moderate
R06472,Village Road,11.57,1,5.75,1,259.6,19.75,9.32,30.66,2,0,0,1,0,1,0.24677625588520063,Safe
R06473,District Road,6.06,1,10.6,0,1619.6,30.51,135.03,17.42,1,3,1,0,0,1,0.37595308767471036,Moderate
R06474,Village Road,7.87,2,8.62,2,1477.9,1.4,23.5,18.82,3,3,0,1,0,0,0.3418387183201056,Moderate
R06475,District Road,16.4,2,5.64,1,2142.3,39.63,105.03,23.26,5,2,0,0,0,1,0.26978829225976175,Moderate
R06476,Village Road,3.99,0,9.42,1,127.3,30.81,128.64,26.77,3,5,0,1,0,1,0.3741344822892923,Moderate
R06477,District Road,2.1,1,6.1,0,2177.6,38.97,87.63,11.17,1,2,0,0,0,1,0.08810295988245999,Safe
R06478,Highway,6.9,3,8.28,3,2223.7,34.69,16.44,24.36,1,1,0,0,0,1,0.1868147966626984,Safe
R06479,District Road,8.78,1,11.93,3,1143.4,12.89,98.97,25.25,1,0,1,0,1,1,0.5230505819602828,High
R06480,Highway,11.08,2,5.71,1,237.8,12.28,104.15,31.26,2,4,0,0,0,1,0.28584756396297634,Moderate
R06481,District Road,7.76,3,11.37,1,2369.5,35.98,39.56,13.87,2,3,0,0,0,1,0.1603475253095254,Safe
R06482,District Road,15.9,1,5.89,1,226.5,8.31,26.14,21.26,2,1,0,0,0,1,0.0741866604312723,Safe
R06483,District Road,1.27,0,7.86,0,1497.2,4.98,165.37,21.86,2,0,0,0,0,1,0.09721179665184082,Safe
R06484,Highway,8.92,0,7.14,1,1258.2,0.68,39.65,31.19,2,4,0,0,0,1,0.05059175823370658,Safe
R06485,State Highway,7.95,1,10.05,0,2096.0,13.43,55.03,19.06,1,1,0,0,0,1,0.07176685368188696,Safe
R06486,District Road,13.13,0,3.55,3,1281.4,4.47,137.13,12.03,4,1,0,1,0,1,0.468246306217215,Moderate
R06487,Village Road,19.34,3,8.64,0,1199.3,36.08,67.0,25.03,5,0,0,0,0,1,0.20390222061787633,Safe
R06488,State Highway,10.45,1,9.85,2,2207.6,21.8,51.26,26.55,0,2,1,1,0,1,0.5485494497036538,High
R06489,District Road,19.74,1,7.25,1,2411.8,11.36,25.89,24.56,3,1,0,0,0,1,0.10863232564797075,Safe
R06490,District Road,6.39,2,3.95,0,1395.7,27.09,39.27,22.25,2,2,0,0,0,1,0.18659606313147392,Safe
R06491,District Road,1.1,1,5.2,1,1164.1,3.17,80.91,15.33,4,1,1,0,0,1,0.3375115918139886,Moderate
R06492,State Highway,3.73,1,9.12,2,2086.2,32.68,21.51,23.47,2,1,0,0,0,1,0.1702250547154254,Safe
R06493,District Road,8.2,0,11.06,2,2086.2,22.56,92.74,10.9,2,3,0,0,0,1,0.16598452364079164,Safe
R06494,State Highway,6.67,1,6.79,0,832.5,0.29,60.23,24.17,2,1,0,0,0,1,0.06871988762827183,Safe
R06495,Village Road,2.39,2,8.04,1,1461.7,14.36,163.66,22.23,1,4,1,0,0,1,0.4285604834551893,Moderate
R06496,Highway,8.94,1,5.06,2,427.6,33.76,71.27,33.82,1,4,0,0,0,1,0.20892613250340283,Safe
R06497,State Highway,7.09,1,6.71,2,1607.1,8.47,179.91,18.0,2,4,1,0,0,1,0.4286898911036638,Moderate
R06498,Highway,2.89,0,6.03,2,2093.3,43.28,30.86,10.54,2,0,0,1,0,1,0.3466400677912406,Moderate
R06499,State Highway,6.27,2,8.9,0,509.4,40.35,32.65,29.0,0,0,0,0,1,1,0.2447863062140611,Safe
R06500,Village Road,17.79,3,11.86,2,841.5,35.02,63.31,14.19,4,6,0,1,0,0,0.44797264037963963,Moderate
R06501,State Highway,6.39,1,10.32,1,1149.9,3.53,125.15,23.61,2,1,1,0,0,1,0.3382257795742815,Moderate
R06502,Highway,14.42,2,4.73,1,2120.4,15.92,151.85,15.37,3,1,0,0,1,1,0.2643511880417974,Moderate
R06503,District Road,12.43,1,8.2,0,1841.9,13.42,58.99,23.49,0,2,0,0,0,1,0.15670475175455137,Safe
R06504,Highway,8.83,1,3.6,0,826.3,6.19,33.35,24.53,3,1,0,1,0,1,0.27773167854929104,Moderate
R06505,Highway,5.16,2,5.22,1,645.4,44.98,23.32,26.54,2,4,0,0,0,1,0.2211513650992163,Safe
R06506,Village Road,7.7,0,4.55,0,1754.5,6.62,50.77,19.32,1,0,0,1,0,1,0.3305690091200276,Moderate
R06507,Village Road,12.05,1,6.02,1,1225.7,14.19,41.55,11.53,0,0,0,0,0,1,0.14783585374822067,Safe
R06508,Village Road,7.34,0,9.11,2,1504.2,39.61,38.28,24.92,2,1,0,0,0,1,0.16848198573374543,Safe
R06509,Village Road,4.69,0,7.49,3,1639.3,6.5,41.19,31.61,2,3,0,1,0,1,0.2739469660197678,Moderate
R06510,District Road,2.77,1,11.4,0,1418.8,21.13,73.74,23.14,2,1,0,1,0,1,0.3535479884313005,Moderate
R06511,Highway,17.66,0,4.91,0,1552.0,43.91,146.71,16.26,0,1,0,0,0,1,0.18244469361198462,Safe
R06512,Village Road,9.09,1,6.28,1,2224.4,11.13,37.79,20.34,2,1,0,0,0,1,0.1425070395571016,Safe
R06513,Village Road,12.69,0,5.97,0,2177.1,31.64,87.78,23.51,1,0,1,0,0,1,0.28594856142479347,Moderate
R06514,Village Road,10.06,1,5.12,0,415.1,3.6,25.32,12.19,2,0,0,0,0,1,0.06812132609203644,Safe
R06515,District Road,17.52,0,11.94,1,1486.9,27.04,46.17,24.2,5,0,0,1,0,1,0.2825560119760801,Moderate
R06516,State Highway,11.17,2,6.49,1,1126.3,15.26,55.56,12.73,2,0,0,0,0,1,0.15137126439821869,Safe
R06517,Village Road,9.88,1,11.46,2,749.5,31.48,80.2,14.45,1,1,0,0,0,1,0.14781195446852463,Safe
R06518,District Road,18.53,3,6.51,3,1596.3,19.48,111.97,19.83,2,1,0,0,0,1,0.2423701458367576,Safe
R06519,Village Road,14.53,3,4.84,2,1301.7,13.45,34.3,29.98,3,0,0,0,0,1,0.20846702403458325,Safe
R06520,State Highway,2.68,0,4.07,0,1948.5,24.57,54.86,30.6,2,0,0,0,0,1,0.10671215983217182,Safe
R06521,State Highway,3.97,0,10.7,2,278.9,6.29,217.81,17.07,1,1,1,0,1,1,0.4957922583046764,Moderate
R06522,State Highway,15.85,1,3.29,1,791.6,36.65,101.7,23.45,2,4,1,1,0,1,0.5695314303983444,High
R06523,Village Road,16.8,1,11.68,1,113.2,33.78,65.23,12.34,1,2,1,0,0,1,0.40492602284751833,Moderate
R06524,State Highway,11.13,0,6.76,3,1877.6,24.52,72.33,34.94,1,1,0,0,0,1,0.10159803900057704,Safe
R06525,Highway,11.31,0,5.23,2,2285.5,16.52,111.31,26.35,3,4,0,0,0,1,0.1538986970005795,Safe
R06526,Village Road,12.82,1,8.56,2,1489.1,41.19,75.8,15.6,1,1,0,0,0,1,0.21408067136693784,Safe
R06527,Highway,9.06,3,4.2,0,1561.6,28.55,148.13,32.49,0,1,1,0,0,0,0.487830065983115,Moderate
R06528,Village Road,13.76,3,3.65,2,163.7,12.82,76.15,18.74,1,3,0,0,0,1,0.22904704934260212,Safe
R06529,State Highway,2.62,0,10.45,2,1284.3,36.3,97.75,16.88,3,1,0,0,1,1,0.23378025025652105,Safe
R06530,Village Road,19.24,1,6.82,0,1340.8,28.58,24.6,17.44,2,1,1,0,0,1,0.3133236575463695,Moderate
R06531,District Road,15.13,0,7.66,0,145.5,5.72,61.9,22.15,1,1,0,0,0,1,0.03627749918642733,Safe
R06532,Village Road,12.81,1,4.59,0,1966.8,5.14,90.49,10.84,3,0,1,0,0,1,0.3101372480353615,Moderate
R06533,Village Road,6.67,2,3.55,0,731.9,42.21,67.82,26.29,1,1,0,1,0,0,0.4070290278177985,Moderate
R06534,Highway,3.64,2,6.31,2,1822.4,12.96,65.43,33.69,1,1,0,0,1,1,0.2960744293235416,Moderate
R06535,Highway,8.48,1,7.56,0,1037.2,29.86,45.76,30.39,2,3,1,0,0,1,0.38317218044326806,Moderate
R06536,State Highway,13.4,0,9.89,3,2489.3,1.64,72.18,30.28,4,2,0,0,0,1,0.07733112251119464,Safe
R06537,District Road,12.86,1,7.51,2,569.9,25.04,102.24,29.35,4,0,1,0,0,1,0.4537403180296759,Moderate
R06538,Village Road,7.96,3,10.04,1,192.7,10.4,95.27,18.92,4,2,1,0,0,0,0.4280383107420264,Moderate
R06539,District Road,12.46,0,4.04,1,2450.8,6.28,174.79,14.76,2,1,1,0,0,1,0.33433407187590686,Moderate
R06540,District Road,16.37,0,3.58,1,647.4,34.81,182.01,17.86,3,1,1,1,0,1,0.6471990706133558,High
R06541,State Highway,1.01,2,4.43,0,1606.6,36.43,116.71,14.32,3,4,0,0,0,1,0.2168283884778575,Safe
R06542,Village Road,9.29,2,9.95,0,967.7,32.18,161.88,31.27,2,4,1,0,1,0,0.5448511524417256,High
R06543,Village Road,15.29,3,9.83,1,1617.1,0.5,84.59,20.53,0,3,0,0,1,0,0.21031798430386184,Safe
R06544,State Highway,11.15,1,4.27,3,1510.3,12.82,115.76,30.3,2,1,0,0,0,1,0.2269526410115114,Safe
R06545,District Road,13.2,1,3.28,3,1782.8,16.24,59.52,17.26,2,2,1,0,0,1,0.33299448989562425,Moderate
R06546,Highway,10.58,1,9.17,2,95.2,31.09,189.86,13.59,2,1,1,1,0,1,0.747992259156647,High
R06547,District Road,19.84,3,10.7,1,2098.7,34.0,89.34,31.76,1,3,1,1,0,0,0.6800384937363511,High
R06548,District Road,1.57,2,9.79,2,1222.7,28.25,114.62,29.97,3,0,0,0,0,1,0.18842608927600213,Safe
R06549,Highway,10.08,2,4.83,1,1321.2,35.51,98.3,23.9,0,4,0,1,0,0,0.44190020365260496,Moderate
R06550,District Road,2.28,0,8.25,0,1057.0,19.23,150.35,13.08,0,1,1,0,0,1,0.3479731978420813,Moderate
R06551,State Highway,3.62,2,9.82,2,2474.0,24.38,6.81,18.41,3,4,0,0,1,1,0.2488355428671973,Safe
R06552,District Road,7.97,1,5.3,3,2013.8,2.89,48.32,11.44,1,4,0,0,0,1,0.14738882688891547,Safe
R06553,District Road,3.53,0,7.75,0,812.9,19.22,136.93,32.45,1,1,0,0,0,1,0.1301626451880556,Safe
R06554,Highway,19.29,0,5.83,0,1968.5,19.47,75.36,16.01,5,3,1,0,0,1,0.32697276734259734,Moderate
R06555,Village Road,18.96,1,5.03,0,1120.6,27.52,24.12,23.08,2,1,0,0,0,1,0.2483542191581367,Safe
R06556,District Road,7.05,1,11.73,0,2181.5,17.01,119.52,33.55,0,1,0,0,0,1,0.22484535002342299,Safe
R06557,State Highway,12.98,2,11.21,0,125.6,10.73,213.78,25.58,4,0,1,0,0,1,0.435368939800416,Moderate
R06558,Highway,10.91,2,7.01,1,920.7,10.69,105.16,25.58,2,4,1,1,0,0,0.5942816150545609,High
R06559,Village Road,16.4,0,4.23,3,1103.1,6.02,98.22,30.82,1,1,0,1,0,1,0.317839200562725,Moderate
R06560,Village Road,12.74,1,9.55,2,1873.4,31.55,55.75,27.34,1,3,0,0,0,1,0.11653214579692914,Safe
R06561,State Highway,0.5,0,5.3,3,496.6,28.02,189.92,22.14,1,0,0,1,0,1,0.4145229074220719,Moderate
R06562,State Highway,15.38,1,4.52,0,751.4,26.07,86.1,13.05,4,2,0,1,0,1,0.34609392350149826,Moderate
R06563,State Highway,15.06,1,6.43,0,1823.5,23.9,107.12,22.42,1,1,0,0,0,1,0.17768283512405775,Safe
R06564,District Road,10.44,2,7.77,0,238.3,16.54,31.39,14.55,1,1,0,0,0,1,0.11242276098544922,Safe
R06565,State Highway,18.11,1,3.88,3,542.8,34.59,63.18,22.3,1,3,0,0,1,1,0.3081330976245631,Moderate
R06566,State Highway,18.21,2,8.15,0,1895.7,41.49,113.96,10.55,2,3,0,0,0,1,0.2266769522922715,Safe
R06567,District Road,10.72,2,3.14,1,2195.0,19.8,21.23,18.81,2,1,0,0,0,1,0.13166431857349636,Safe
R06568,District Road,12.36,1,11.03,0,1835.6,18.41,70.16,11.38,0,2,0,0,0,1,0.052398218404818536,Safe
R06569,State Highway,19.93,1,11.29,0,1341.5,7.32,150.56,13.64,2,1,1,1,0,1,0.5499002899531316,High
R06570,District Road,6.33,2,9.6,0,292.7,30.18,115.07,27.37,0,2,1,0,0,1,0.4169297723780507,Moderate
R06571,District Road,6.83,0,7.2,2,2076.7,25.11,139.18,34.41,1,4,1,0,0,1,0.3876199131836106,Moderate
R06572,Highway,4.06,2,5.29,0,353.9,44.46,51.89,24.12,2,1,0,0,0,1,0.17112502507139635,Safe
R06573,Highway,17.97,2,9.7,0,993.4,26.29,72.76,14.24,1,1,1,0,0,1,0.4313575816571596,Moderate
R06574,Village Road,15.02,0,11.39,1,173.7,12.99,103.92,19.41,3,4,0,1,0,1,0.3137723864689216,Moderate
R06575,Highway,2.56,3,4.43,2,1788.7,25.33,57.59,15.86,4,0,0,0,1,0,0.3620633237633109,Moderate
R06576,District Road,19.64,0,7.19,1,1283.6,44.31,49.56,11.2,2,3,0,0,0,1,0.18153661448762473,Safe
R06577,Village Road,14.75,3,5.84,3,2273.6,32.55,55.64,32.83,1,0,0,0,0,1,0.2762341590285744,Moderate
R06578,State Highway,17.09,0,6.21,1,389.9,5.79,38.59,23.55,1,0,0,0,0,1,0.051531473719172195,Safe
R06579,State Highway,1.44,2,6.65,0,2057.0,15.44,52.92,13.72,0,2,0,0,0,1,0.11081789772074277,Safe
R06580,District Road,10.35,1,11.57,1,1301.1,13.44,113.93,28.64,1,3,0,1,0,1,0.36205247686898434,Moderate
R06581,Village Road,14.12,2,5.33,1,946.9,38.56,20.7,14.28,1,0,0,0,1,1,0.30941687069631846,Moderate
R06582,Village Road,11.09,0,7.43,2,1626.7,27.5,79.1,15.16,0,0,1,0,0,1,0.38461044228124197,Moderate
R06583,District Road,13.5,0,11.56,3,1986.5,36.45,113.34,25.04,1,0,1,0,0,1,0.419186696000572,Moderate
R06584,Highway,16.45,0,7.28,2,1128.7,7.93,50.95,20.66,2,3,0,0,0,1,0.06874751015432963,Safe
R06585,District Road,7.8,2,10.77,1,620.4,40.86,53.51,32.37,2,1,0,0,0,1,0.2581846930110988,Moderate
R06586,District Road,17.05,0,3.53,0,2293.7,2.62,43.31,24.92,2,3,0,1,0,1,0.2861711658550654,Moderate
R06587,District Road,3.68,1,11.58,3,816.8,16.87,90.63,14.56,1,0,1,0,0,1,0.43377746537586237,Moderate
R06588,Highway,5.78,2,4.69,1,2495.7,0.64,116.11,21.87,0,3,0,1,0,0,0.37230859930262433,Moderate
R06589,State Highway,1.35,3,11.82,2,1929.9,8.29,120.9,28.17,4,3,1,0,0,0,0.495654643663548,Moderate
R06590,Village Road,7.61,0,4.58,3,1735.2,43.3,94.36,25.0,2,4,0,1,0,1,0.4218690342345635,Moderate
R06591,District Road,7.91,2,7.0,1,80.4,3.53,112.73,18.03,4,0,0,0,0,1,0.25810281926513956,Moderate
R06592,State Highway,16.2,0,5.78,1,1148.9,6.54,181.49,19.66,3,2,0,1,1,1,0.4635247736637228,Moderate
R06593,State Highway,13.24,2,6.9,2,1281.0,41.62,7.75,26.64,1,2,0,0,0,1,0.2708412470148971,Moderate
R06594,Village Road,9.02,2,5.25,0,972.1,31.96,73.54,22.97,3,2,0,1,0,0,0.39884691911172665,Moderate
R06595,District Road,13.22,0,11.69,1,417.4,18.31,164.38,11.84,2,1,1,0,0,1,0.3512864006368762,Moderate
R06596,State Highway,1.53,0,5.75,1,950.3,3.09,69.4,23.72,2,0,0,0,0,1,0.07633501037118255,Safe
R06597,Highway,4.02,1,8.88,0,233.7,35.33,37.16,21.37,2,3,0,0,0,1,0.1561223347025638,Safe
R06598,State Highway,12.73,1,4.24,1,762.8,22.17,126.81,30.37,3,2,0,0,0,1,0.19448420617165324,Safe
R06599,Village Road,13.01,3,10.42,1,255.0,14.54,250.13,12.81,2,0,1,0,0,0,0.512775668337016,High
R06600,District Road,15.6,1,7.88,2,1893.4,16.23,21.68,10.03,0,3,0,0,1,1,0.22796354292395227,Safe
R06601,District Road,8.36,3,11.82,2,1694.3,22.74,157.57,30.52,2,0,0,0,0,1,0.2481086589872077,Safe
R06602,District Road,14.59,1,6.81,0,2352.8,24.81,36.33,15.28,4,0,0,1,0,1,0.36233524956412544,Moderate
R06603,State Highway,13.84,3,4.76,2,980.8,36.81,68.26,10.79,2,2,1,0,0,0,0.3880066334175463,Moderate
R06604,Village Road,19.29,2,6.11,1,1976.2,34.73,117.74,15.53,1,3,0,0,0,1,0.24613591865517784,Safe
R06605,District Road,4.7,2,9.63,1,1489.6,34.52,73.28,32.15,0,0,0,0,0,1,0.28948488323923155,Moderate
R06606,Highway,11.26,0,8.93,2,1633.0,32.82,114.46,14.28,1,2,0,0,0,1,0.19642808044547858,Safe
R06607,Highway,12.23,1,10.01,0,1391.3,34.1,77.63,18.0,2,3,0,1,0,1,0.3745992102075258,Moderate
R06608,District Road,19.97,0,3.66,1,1958.9,30.49,128.13,25.26,1,2,0,1,0,1,0.3184040122128425,Moderate
R06609,Village Road,4.42,0,8.22,1,152.9,39.06,45.06,14.49,0,0,0,0,0,1,0.16987310666437921,Safe
R06610,State Highway,10.7,1,11.39,2,247.2,25.09,113.36,26.13,1,0,0,0,0,1,0.21398450965245586,Safe
R06611,Village Road,7.25,2,3.97,2,285.0,23.44,73.28,27.67,4,5,0,0,0,1,0.21344467103806564,Safe
R06612,Village Road,10.75,0,3.85,2,757.3,31.56,59.69,15.78,2,0,0,0,0,1,0.07298734997900759,Safe
R06613,State Highway,5.03,1,9.45,0,1498.3,7.47,30.83,12.41,0,2,0,0,0,1,0.0874445480506469,Safe
R06614,Highway,1.43,1,5.84,2,1631.8,34.96,26.76,20.05,1,2,0,0,1,1,0.2715585502318687,Moderate
R06615,Highway,11.67,0,8.93,1,1795.9,42.13,85.61,27.47,2,1,0,1,0,1,0.41355779856666003,Moderate
R06616,District Road,7.05,1,7.91,1,737.9,13.33,39.27,30.34,2,2,0,0,0,1,0.17808970014676895,Safe
R06617,State Highway,4.05,2,11.87,1,1643.0,27.5,25.66,10.92,2,2,0,0,0,1,0.19594141856864358,Safe
R06618,State Highway,6.82,0,11.0,1,338.3,1.47,188.7,23.41,2,2,1,1,0,1,0.4649698909345201,Moderate
R06619,District Road,1.46,2,9.1,0,74.4,34.46,66.36,16.43,3,2,0,0,0,1,0.2338684741303441,Safe
R06620,District Road,19.03,1,5.36,0,1752.0,25.19,58.79,20.4,1,0,0,1,0,1,0.33110582619219636,Moderate
R06621,Highway,11.83,2,5.36,0,1803.2,30.31,15.67,23.22,3,2,0,0,0,1,0.10460788230549142,Safe
R06622,District Road,16.39,0,10.94,2,1574.2,6.43,81.78,28.38,0,5,0,0,0,1,0.1660229066103477,Safe
R06623,District Road,8.75,2,8.27,2,684.2,36.43,132.51,11.0,1,3,0,0,0,1,0.28016209251706514,Moderate
R06624,District Road,18.11,0,10.1,2,2322.3,11.52,84.75,14.26,3,1,0,0,0,1,0.11165084064871451,Safe
R06625,Village Road,9.92,1,7.05,2,2195.4,30.82,172.36,25.41,3,2,1,1,0,1,0.6539377407340863,High
R06626,State Highway,11.69,0,3.93,0,1313.1,26.69,140.36,21.02,2,1,0,0,0,1,0.11796519034155138,Safe
R06627,Village Road,10.09,2,5.99,1,2473.4,29.42,56.63,15.25,2,0,0,1,0,0,0.3046885532518973,Moderate
R06628,District Road,14.8,2,4.45,3,781.6,2.26,73.56,11.62,2,1,1,0,0,1,0.36217885400912114,Moderate
R06629,District Road,11.55,0,10.04,2,1253.3,33.38,138.64,32.87,1,0,0,0,0,1,0.23585889328122694,Safe
R06630,District Road,5.8,0,9.3,0,2323.4,35.79,17.05,19.07,1,2,0,0,0,1,0.1485109439294547,Safe
R06631,District Road,3.34,0,3.8,1,1182.2,21.37,51.25,20.26,1,4,0,0,0,1,0.11550108705301358,Safe
R06632,Highway,12.32,0,8.59,0,1204.0,18.4,77.1,11.23,1,4,0,0,0,1,0.10508854802759535,Safe
R06633,District Road,10.04,1,10.87,0,244.5,15.41,131.27,28.46,1,1,0,1,0,1,0.30963672364288775,Moderate
R06634,District Road,2.37,1,9.28,1,567.8,41.75,120.24,34.8,0,1,0,0,0,1,0.2335910475435768,Safe
R06635,District Road,8.21,3,7.6,2,436.8,33.98,48.47,34.46,1,4,0,0,0,1,0.23773925747466104,Safe
R06636,State Highway,10.54,3,5.81,2,1434.9,31.44,126.38,17.78,3,1,0,0,0,1,0.25112286737746664,Moderate
R06637,Village Road,16.62,1,10.98,1,830.3,41.65,222.51,34.03,2,2,1,0,0,1,0.532596430365867,High
R06638,District Road,1.98,0,6.81,1,238.7,15.69,121.62,20.19,1,0,1,1,0,1,0.47327529726207485,Moderate
R06639,Highway,7.3,1,10.7,2,1299.4,28.36,74.56,19.68,2,4,0,0,0,1,0.212825108803887,Safe
R06640,District Road,16.54,1,10.05,0,1689.6,30.87,117.22,30.79,2,1,0,1,0,1,0.4352561842787198,Moderate
R06641,Village Road,13.14,1,10.35,1,1854.5,44.83,37.51,29.79,1,1,0,1,1,1,0.4381513980578459,Moderate
R06642,Village Road,6.15,1,11.91,0,2101.9,19.22,15.58,21.87,3,1,0,0,0,1,0.07244878030278705,Safe
R06643,District Road,16.98,3,9.74,1,1230.8,18.01,115.97,21.19,1,2,1,0,0,0,0.4598086822433667,Moderate
R06644,Village Road,10.12,2,3.31,0,1007.0,3.8,119.59,34.21,3,0,0,0,0,1,0.13580362763618858,Safe
R06645,State Highway,10.22,0,4.85,2,1726.1,4.43,87.85,20.21,2,2,0,0,0,1,0.1398280736021414,Safe
R06646,District Road,19.54,0,3.32,0,82.7,23.03,98.05,31.54,5,1,0,0,0,1,0.16363552767072703,Safe
R06647,Village Road,18.97,2,4.71,0,1602.1,7.7,118.28,28.66,2,1,0,1,0,0,0.35294224320039747,Moderate
R06648,Village Road,7.49,2,3.55,1,1043.9,3.28,103.79,12.67,3,1,1,0,0,1,0.4069330589758061,Moderate
R06649,District Road,3.24,0,7.51,1,1159.5,43.42,92.12,13.97,1,2,1,0,0,1,0.39973612898696376,Moderate
R06650,Village Road,6.85,2,3.25,2,775.9,42.81,102.91,10.94,3,2,0,1,0,0,0.450197715216018,Moderate
R06651,Highway,1.09,1,7.25,0,361.8,14.64,60.71,10.88,0,3,0,0,0,1,0.14292292398745066,Safe
R06652,Village Road,0.9,1,11.09,0,1033.5,35.54,7.24,25.11,4,1,0,0,0,1,0.13087707985136127,Safe
R06653,State Highway,8.21,0,9.74,2,805.1,39.26,48.72,11.93,3,3,1,1,0,1,0.5896764411929322,High
R06654,State Highway,18.85,2,11.5,2,2402.3,20.91,145.36,13.4,4,0,0,1,0,0,0.43794948048879884,Moderate
R06655,State Highway,17.49,1,5.04,2,2361.7,10.07,51.09,16.11,3,1,0,0,0,1,0.1852607280697965,Safe
R06656,District Road,10.47,0,7.78,2,1627.6,5.84,167.83,23.83,2,3,0,1,0,1,0.3760389432260959,Moderate
R06657,State Highway,11.52,2,5.87,2,2264.1,6.34,79.75,15.72,2,1,0,0,0,1,0.17663244588352256,Safe
R06658,State Highway,0.62,2,7.44,1,1890.6,35.86,52.93,19.9,2,3,0,1,0,0,0.5007448850169752,High
R06659,Highway,4.7,2,8.01,1,897.4,17.3,99.42,18.83,2,2,0,0,0,1,0.2101043902607504,Safe
R06660,State Highway,0.98,0,3.33,2,1529.6,31.21,133.83,19.91,2,0,0,0,0,1,0.22569656914808478,Safe
R06661,District Road,15.21,3,5.1,0,589.8,24.24,169.16,33.23,4,2,0,0,0,1,0.2777578051316352,Moderate
R06662,District Road,3.34,0,9.34,1,1733.7,17.76,167.93,34.24,4,2,0,0,1,1,0.2769028208560482,Moderate
R06663,State Highway,17.45,1,9.96,2,159.8,5.57,19.14,11.81,1,2,0,0,0,1,0.03607998431476274,Safe
R06664,District Road,13.04,1,8.13,1,2086.8,15.01,60.54,12.76,4,1,1,0,0,1,0.3818270653187095,Moderate
R06665,Village Road,4.97,1,5.44,2,1478.9,37.81,65.47,11.37,1,2,0,0,0,1,0.22618001815441346,Safe
R06666,Village Road,3.58,1,6.65,0,193.2,36.51,72.15,19.69,1,1,1,1,0,1,0.5626454175533104,High
R06667,State Highway,12.74,2,3.86,0,2185.8,1.28,171.18,31.28,2,0,1,0,1,0,0.5088492357585174,High
R06668,District Road,18.07,1,11.58,0,2200.4,6.31,103.41,30.0,0,1,0,0,0,1,0.1434915581374865,Safe
R06669,State Highway,14.51,1,10.82,3,2139.4,34.02,47.67,18.87,4,0,0,0,0,1,0.14971514668798433,Safe
R06670,Highway,7.3,0,3.59,3,1947.0,15.11,55.46,28.77,3,4,0,0,0,1,0.13324041027908992,Safe
R06671,State Highway,11.95,0,4.5,0,1710.9,28.96,47.15,34.47,2,2,0,0,0,1,0.047312746297741,Safe
R06672,Village Road,6.56,0,8.23,0,1022.4,25.32,30.81,14.85,2,2,1,0,0,1,0.33095621717737095,Moderate
R06673,State Highway,19.98,3,5.09,0,384.0,29.34,78.37,34.1,0,3,1,1,0,0,0.6307176139550639,High
R06674,Highway,15.1,2,11.41,0,757.5,2.42,115.93,29.27,1,0,1,0,0,1,0.3484881386499018,Moderate
R06675,Highway,12.48,3,9.8,1,900.3,41.9,70.46,12.87,1,2,0,0,0,1,0.3429015819928618,Moderate
R06676,Village Road,8.75,0,5.46,0,927.3,0.94,18.87,29.86,0,2,0,0,0,1,0.06003163748005139,Safe
R06677,District Road,12.55,1,3.05,2,1435.4,0.36,93.59,12.56,1,0,1,0,0,1,0.37404074649885455,Moderate
R06678,State Highway,7.16,0,10.2,2,560.5,10.18,95.17,10.74,3,1,1,1,0,1,0.562409713200414,High
R06679,District Road,1.06,2,6.82,0,514.7,44.71,21.17,29.12,6,0,0,0,0,1,0.21025682572185497,Safe
R06680,District Road,8.2,1,8.78,2,1806.6,3.26,75.53,32.37,1,0,0,1,0,1,0.3078834654047022,Moderate
R06681,District Road,18.64,0,5.58,1,68.4,39.35,55.72,20.01,3,2,1,0,0,1,0.31943070660275563,Moderate
R06682,State Highway,12.71,1,4.29,0,416.3,7.16,47.96,10.6,0,0,0,0,0,1,0.04514068989499067,Safe
R06683,Village Road,2.14,0,9.08,2,1115.6,4.91,74.99,24.94,2,1,0,0,0,1,0.08097823169216815,Safe
R06684,State Highway,17.76,1,7.05,0,415.3,35.05,103.26,15.83,1,1,0,0,0,1,0.16203692346574783,Safe
R06685,District Road,5.74,1,5.12,0,2401.5,38.1,95.65,23.59,3,2,1,0,0,1,0.2934577704724414,Moderate
R06686,Highway,5.25,2,4.24,0,1691.8,35.65,60.06,17.95,4,2,0,1,0,0,0.4146917819837072,Moderate
R06687,State Highway,6.29,3,8.22,3,1110.3,10.85,43.67,25.56,0,2,0,1,0,0,0.42870753641607945,Moderate
R06688,State Highway,11.76,1,9.53,2,325.0,39.59,26.18,16.51,1,0,0,0,0,1,0.18914730839886176,Safe
R06689,District Road,11.12,1,5.55,1,993.7,3.23,49.43,13.71,3,2,0,0,0,1,0.22506590468070925,Safe
R06690,Highway,10.08,2,9.62,2,1644.0,15.39,71.91,28.81,3,0,0,0,0,1,0.1920893773728474,Safe
R06691,Village Road,14.49,1,4.65,0,2423.6,20.84,191.72,23.47,1,0,1,1,0,1,0.6491883758489604,High
R06692,State Highway,6.67,0,6.05,3,1208.1,3.05,149.56,17.94,0,4,1,0,0,1,0.39689232029799765,Moderate
R06693,District Road,15.75,2,9.7,2,1746.4,26.09,47.87,25.7,4,0,0,0,1,1,0.25539087292672163,Moderate
R06694,Village Road,3.92,0,8.94,1,528.6,25.17,52.26,17.18,1,0,0,0,0,1,0.11980748585719758,Safe
R06695,District Road,15.76,0,5.43,2,1577.9,44.65,36.07,19.13,1,1,0,0,0,1,0.15235241393618673,Safe
R06696,District Road,13.44,0,4.1,1,635.7,27.97,159.85,19.4,2,2,1,0,1,1,0.5360368472279647,High
R06697,District Road,13.82,0,3.38,2,535.4,17.89,182.66,15.66,0,2,0,1,0,1,0.39130932030229226,Moderate
R06698,State Highway,9.89,0,10.54,2,1297.6,35.56,113.7,21.02,2,4,0,0,0,1,0.13852076564062193,Safe
R06699,Village Road,13.51,0,3.68,0,568.6,15.07,60.65,30.38,3,1,0,0,0,1,0.09040467297044344,Safe
R06700,State Highway,2.06,1,4.03,0,1817.3,23.98,75.57,34.27,2,2,1,0,0,1,0.37584618699692474,Moderate
R06701,District Road,17.11,0,5.14,0,2346.5,2.5,33.86,15.49,2,1,1,0,1,1,0.3020244323954728,Moderate
R06702,District Road,1.58,0,7.01,0,1014.3,14.52,71.61,33.47,1,1,1,0,0,1,0.2661769038353032,Moderate
R06703,State Highway,3.4,1,10.11,1,840.0,23.76,30.16,16.95,1,1,0,0,0,1,0.09501361086648183,Safe
R06704,State Highway,11.75,0,5.23,0,480.9,31.6,41.61,21.75,2,2,0,0,0,1,0.06895179627036525,Safe
R06705,District Road,14.92,0,7.89,1,1006.5,4.46,40.36,12.52,0,4,0,0,0,1,0.06813336496693682,Safe
R06706,Village Road,1.99,1,3.81,2,1421.1,35.87,130.07,25.2,4,1,0,1,0,1,0.4954433255438777,Moderate
R06707,Village Road,18.45,0,7.18,2,963.8,40.51,49.38,22.77,0,0,0,0,0,1,0.13863673475534272,Safe
R06708,District Road,19.49,0,4.6,0,1576.5,12.65,46.52,26.97,1,0,1,0,0,1,0.2583590695773776,Moderate
R06709,District Road,12.32,1,4.9,0,1672.9,34.44,15.99,25.01,4,0,0,0,1,1,0.2213994997245183,Safe
R06710,Village Road,9.88,1,6.3,0,289.7,8.12,46.45,34.54,3,1,1,0,0,1,0.3017498614200956,Moderate
R06711,Highway,14.96,1,9.85,2,1759.6,23.55,17.24,29.25,1,1,0,0,1,1,0.2190864950165842,Safe
R06712,State Highway,6.9,3,9.7,1,2255.8,35.89,95.41,34.14,2,6,1,0,0,0,0.42948040794603437,Moderate
R06713,District Road,10.12,1,6.73,3,114.3,17.39,221.5,23.14,3,1,0,1,0,1,0.48846032264456385,Moderate
R06714,Village Road,18.36,1,4.07,2,1400.8,1.18,92.46,17.04,2,1,0,0,0,1,0.19647871871271927,Safe
R06715,Village Road,19.14,0,5.53,2,1529.5,24.3,65.0,23.3,4,0,0,0,0,1,0.11100340855027262,Safe
R06716,District Road,18.58,2,7.55,0,1789.0,38.01,115.73,21.67,3,0,1,0,0,1,0.4070303733175538,Moderate
R06717,Highway,5.62,0,10.82,1,995.1,4.87,71.67,20.68,3,1,1,0,0,1,0.36227425802473756,Moderate
R06718,District Road,5.03,1,11.71,3,2055.8,1.33,87.6,20.03,1,0,1,0,0,1,0.3004311290069429,Moderate
R06719,State Highway,6.3,1,8.74,0,1372.7,36.41,216.52,30.28,3,6,0,1,0,1,0.4815800833890261,Moderate
R06720,State Highway,9.11,1,6.16,1,1051.9,12.02,106.55,28.53,2,2,0,0,0,1,0.1756775149343687,Safe
R06721,Village Road,6.63,3,9.24,1,1812.2,16.4,31.24,26.1,1,1,0,0,0,1,0.15717705649986485,Safe
R06722,Highway,7.8,3,6.03,1,2322.1,3.91,97.17,26.13,0,0,0,0,0,1,0.1034177046521072,Safe
R06723,Village Road,12.6,0,8.63,2,2039.4,4.35,120.88,19.35,5,1,0,0,0,1,0.09374609578413404,Safe
R06724,District Road,15.37,0,5.19,1,2330.1,27.65,142.47,20.96,2,2,1,0,0,1,0.395642392476145,Moderate
R06725,District Road,14.84,2,5.4,2,701.5,24.85,109.07,13.81,1,1,1,0,0,1,0.41364733365496975,Moderate
R06726,Highway,16.38,1,3.68,2,340.4,13.16,66.46,24.47,1,2,1,0,0,1,0.4387436345324236,Moderate
R06727,State Highway,1.13,1,6.78,1,1359.2,20.37,92.26,13.51,1,1,0,0,0,1,0.1819201601451203,Safe
R06728,Highway,1.43,2,8.56,2,158.9,17.47,44.12,32.88,0,0,1,1,0,0,0.5313842568276183,High
R06729,Village Road,15.89,1,10.1,3,1702.7,31.28,123.02,20.39,3,5,0,0,0,1,0.23101611340887804,Safe
R06730,Village Road,10.9,3,10.29,3,638.0,38.79,133.95,11.07,1,0,0,1,0,0,0.552209161468357,High
R06731,District Road,11.77,1,11.93,2,1163.2,34.43,39.16,10.04,2,0,0,0,0,1,0.2590084902558516,Moderate
R06732,State Highway,1.53,1,3.79,1,1656.1,0.2,14.81,26.91,5,1,0,1,1,1,0.38145752094027,Moderate
R06733,Village Road,5.48,1,7.44,0,1233.6,4.48,11.92,25.29,4,1,1,0,0,1,0.2910134254438748,Moderate
R06734,State Highway,12.95,2,7.69,0,628.4,19.32,85.32,29.26,0,0,0,1,0,0,0.35587494937464087,Moderate
R06735,State Highway,17.25,1,10.24,0,2206.9,38.33,130.75,28.73,3,0,0,1,0,1,0.36259986029120483,Moderate
R06736,District Road,18.38,1,5.4,1,1923.1,10.66,56.13,10.08,2,0,0,0,1,1,0.2340709174141561,Safe
R06737,Village Road,10.26,3,3.62,0,1522.6,39.55,73.0,14.18,0,1,0,0,0,1,0.18697616806648287,Safe
R06738,Highway,11.14,1,5.82,0,1761.4,4.95,80.29,18.15,1,1,1,1,0,1,0.5128360196040039,High
R06739,State Highway,16.74,1,11.86,0,1067.5,3.27,79.08,11.54,0,1,0,0,0,1,0.07304162890906755,Safe
R06740,Village Road,10.98,1,11.09,1,970.9,41.1,49.69,14.45,2,1,0,0,0,1,0.1158391581794236,Safe
R06741,State Highway,10.58,1,6.56,0,442.3,7.29,31.51,24.54,1,2,0,0,0,1,0.10824799383702217,Safe
R06742,Highway,18.15,0,10.89,2,2018.8,20.87,84.32,21.43,1,1,1,0,0,1,0.40907767269435896,Moderate
R06743,District Road,15.9,1,3.29,1,983.6,14.67,86.9,31.51,1,2,0,0,0,1,0.0986710371755023,Safe
R06744,Village Road,18.23,2,5.83,2,1746.2,6.64,141.68,15.6,3,2,0,1,0,0,0.4370952849415036,Moderate
R06745,District Road,4.76,1,9.54,2,784.9,28.44,86.17,23.38,0,1,0,1,0,1,0.39768515710594887,Moderate
R06746,Village Road,10.73,2,4.99,0,2000.2,43.37,119.26,31.54,2,1,1,0,0,1,0.4755805638358891,Moderate
R06747,District Road,16.93,1,4.79,3,307.8,29.61,83.26,11.51,1,2,0,0,0,1,0.22553874741519753,Safe
R06748,Highway,2.67,3,10.76,1,1581.3,15.92,147.5,31.75,2,1,1,0,0,0,0.43962827516269815,Moderate
R06749,Village Road,16.0,0,8.54,0,2028.6,32.03,26.47,18.6,2,2,0,0,0,1,0.09075048015882524,Safe
R06750,District Road,4.07,0,11.9,1,1667.6,6.45,68.0,31.49,3,3,0,0,0,1,0.14407354313959414,Safe
R06751,State Highway,16.26,1,4.21,2,1755.5,26.1,76.14,27.04,1,4,0,0,1,1,0.2788139020631929,Moderate
R06752,District Road,12.43,1,6.21,1,1338.7,21.13,122.99,26.82,1,0,0,1,0,1,0.468573008064438,Moderate
R06753,State Highway,4.27,0,5.8,0,1419.6,16.2,58.72,11.2,0,3,0,0,0,1,0.1198852367966748,Safe
R06754,Highway,9.73,0,10.92,3,211.4,33.28,85.94,33.53,2,3,1,0,0,1,0.3743444231487282,Moderate
R06755,Highway,13.8,1,5.3,2,664.5,5.33,30.94,20.78,4,2,0,0,0,1,0.11607796294085265,Safe
R06756,District Road,12.86,1,6.18,2,1818.7,23.98,53.32,12.71,2,1,0,0,0,1,0.21385775384795958,Safe
R06757,Village Road,8.83,1,4.29,2,2366.3,38.45,46.57,29.17,3,1,0,1,0,1,0.3382883824248314,Moderate
R06758,District Road,18.04,2,9.98,2,1377.4,9.08,42.26,31.67,4,0,0,0,0,1,0.1762622042010064,Safe
R06759,Village Road,10.63,2,5.14,0,1827.7,11.9,41.65,33.24,1,0,0,0,0,1,0.09859220654411491,Safe
R06760,State Highway,10.36,1,3.61,1,1724.8,29.73,44.08,22.66,3,3,0,0,0,1,0.17358312723095348,Safe
R06761,State Highway,1.71,1,6.92,2,2498.5,34.77,166.37,20.09,3,0,1,0,0,1,0.4968549797469931,Moderate
R06762,State Highway,18.48,1,6.52,0,1997.8,12.75,37.56,24.59,2,2,0,0,0,1,0.08620540504614962,Safe
R06763,State Highway,3.95,2,4.6,0,1587.7,16.2,87.28,17.42,0,2,0,0,1,1,0.2596428029258571,Moderate
R06764,State Highway,10.8,2,4.2,0,332.1,33.3,35.82,19.82,2,2,0,0,1,1,0.2538657396639213,Moderate
R06765,Village Road,16.17,0,11.07,0,938.5,12.84,57.69,23.48,0,1,1,0,0,1,0.2861356837307854,Moderate
R06766,Village Road,4.7,0,3.61,0,664.2,29.98,80.59,30.61,0,0,1,0,0,1,0.31705132001020636,Moderate
R06767,Village Road,10.78,0,3.89,2,2141.5,7.15,25.78,31.34,3,3,0,0,0,1,0.16264469434508205,Safe
R06768,State Highway,5.19,1,5.21,2,1143.1,18.51,90.28,13.28,1,1,0,0,0,1,0.16702136357174827,Safe
R06769,Village Road,15.31,1,11.58,0,1361.5,30.99,58.47,13.35,3,2,0,0,0,1,0.19700957579952574,Safe
R06770,State Highway,11.5,1,3.77,2,2413.8,20.7,88.63,14.61,1,4,0,1,1,1,0.4419024913405055,Moderate
R06771,Highway,17.19,0,10.34,1,2099.9,0.87,104.07,24.91,3,0,0,0,0,1,0.018998380708291504,Safe
R06772,Village Road,17.94,1,11.03,0,1985.1,18.29,46.69,15.07,2,1,0,1,0,1,0.30055340507435885,Moderate
R06773,District Road,13.15,3,6.4,0,398.4,12.98,91.38,25.31,3,2,0,0,0,1,0.20685809595230895,Safe
R06774,State Highway,14.65,1,5.65,0,105.8,4.56,117.28,28.13,2,1,0,1,0,1,0.2802987493018618,Moderate
R06775,District Road,11.21,0,9.1,2,357.6,0.41,133.81,31.46,1,1,1,0,0,1,0.2779303232386906,Moderate
R06776,State Highway,8.0,1,9.32,1,1863.7,2.05,87.34,31.68,1,1,0,0,0,1,0.13775384391435352,Safe
R06777,District Road,13.14,1,10.02,0,1056.3,42.72,57.83,15.37,4,0,0,0,0,1,0.10726911571958576,Safe
R06778,District Road,18.21,2,10.48,0,337.8,33.74,117.49,17.81,4,2,1,0,0,1,0.46661669822559537,Moderate
R06779,Village Road,8.63,1,5.42,3,1860.6,42.29,45.51,14.54,1,0,0,0,1,1,0.3032383361140299,Moderate
R06780,Highway,6.63,1,9.18,2,526.7,5.17,97.9,27.01,0,1,0,0,0,1,0.17995720684870203,Safe
R06781,State Highway,8.07,1,4.21,1,1493.2,25.67,68.59,27.17,1,0,0,0,0,1,0.13123210204018187,Safe
R06782,District Road,8.99,1,7.6,3,1866.8,3.75,141.97,10.1,3,2,0,0,0,1,0.2167059134413463,Safe
R06783,District Road,1.93,2,8.52,0,1539.7,1.21,76.89,14.12,3,3,0,0,0,1,0.14720830198899307,Safe
R06784,State Highway,10.22,0,4.46,2,2484.4,20.98,42.78,18.37,3,0,0,0,0,1,0.07873863970345368,Safe
R06785,District Road,10.14,1,3.69,1,1113.7,29.09,39.04,15.18,1,0,0,0,0,1,0.1326246744169518,Safe
R06786,Village Road,11.97,0,4.75,1,813.9,2.86,91.03,23.78,1,1,0,0,1,1,0.17596141533938522,Safe
R06787,Village Road,7.57,0,6.79,2,542.9,16.43,81.5,11.01,5,0,0,1,0,1,0.3791663835693187,Moderate
R06788,Village Road,12.46,1,10.99,2,1284.3,4.06,23.9,30.66,0,0,0,0,0,1,0.061031523478597374,Safe
R06789,Village Road,17.63,0,7.79,0,2138.6,16.29,241.25,21.65,2,1,1,1,0,1,0.5945661471411308,High
R06790,District Road,19.13,0,9.74,0,2369.9,21.23,76.32,24.85,2,1,1,0,0,1,0.3262451648254822,Moderate
R06791,Village Road,11.88,2,4.57,1,2431.5,15.19,89.91,24.49,1,2,0,0,0,1,0.20724548157790076,Safe
R06792,State Highway,1.33,1,3.95,2,1351.9,25.93,127.13,21.27,2,3,1,0,1,1,0.5416214864594481,High
R06793,State Highway,19.4,0,5.16,0,1532.9,26.31,91.27,24.18,3,2,0,0,0,1,0.11394408625955142,Safe
R06794,State Highway,14.26,1,5.82,2,1474.8,14.98,36.27,11.9,3,2,0,0,0,1,0.14977455038941467,Safe
R06795,District Road,7.05,0,7.93,2,1191.6,17.53,67.47,19.61,2,1,0,0,0,1,0.09761583959961101,Safe
R06796,State Highway,3.37,0,10.93,0,423.0,19.85,38.68,27.75,1,0,0,0,0,1,0.11590876506546666,Safe
R06797,Village Road,3.3,1,6.83,2,210.4,16.9,43.25,19.16,0,2,0,0,0,1,0.16977113734759763,Safe
R06798,State Highway,3.77,0,7.67,0,1119.8,34.23,60.48,16.35,2,1,0,0,0,1,0.06853744284717667,Safe
R06799,Highway,1.39,3,3.04,2,506.1,6.3,86.57,24.13,1,1,0,0,0,1,0.3215245393670442,Moderate
R06800,District Road,18.09,0,3.3,2,2222.3,38.57,64.53,21.91,2,3,1,0,0,1,0.37581583265922597,Moderate
R06801,Highway,11.04,2,3.75,1,1916.2,14.91,40.51,23.34,2,1,0,0,0,1,0.16957341898938497,Safe
R06802,Highway,14.15,2,9.29,0,1565.1,32.58,159.04,33.96,0,1,1,0,1,0,0.5296345361128776,High
R06803,State Highway,16.65,3,7.38,3,166.2,39.77,117.16,13.75,2,0,0,0,0,1,0.359967202136107,Moderate
R06804,District Road,15.94,1,4.74,0,1574.5,39.94,103.11,25.41,2,1,1,0,0,1,0.35900856013947346,Moderate
R06805,District Road,17.71,2,8.33,1,1571.6,20.36,35.12,10.76,1,2,0,0,0,1,0.164202061270372,Safe
R06806,Village Road,19.36,3,7.9,1,1126.1,11.55,58.88,26.18,1,2,1,0,1,0,0.5080971100539847,High
R06807,District Road,9.06,0,3.8,1,1661.5,27.26,42.23,14.93,1,2,0,0,0,1,0.11292154719831918,Safe
R06808,District Road,19.03,1,8.76,1,2151.9,8.28,34.28,30.17,5,0,0,0,0,1,0.10198352316752467,Safe
R06809,State Highway,14.6,0,9.9,1,1907.1,35.58,77.82,16.74,1,1,0,0,1,1,0.29550306949997124,Moderate
R06810,State Highway,1.88,1,5.58,0,1209.9,32.01,67.64,20.03,3,2,1,0,0,1,0.37031999198391957,Moderate
R06811,Village Road,13.79,1,9.19,2,692.6,35.8,116.99,22.89,1,3,1,0,0,1,0.4113487524078445,Moderate
R06812,Highway,13.89,0,4.8,0,1220.7,19.5,60.98,25.25,3,1,0,0,0,1,0.09881750624492905,Safe
R06813,Highway,18.16,2,9.81,0,2367.6,25.08,31.27,17.48,2,0,1,0,0,1,0.40917470240739495,Moderate
R06814,Village Road,7.77,0,11.21,1,2059.0,4.62,242.52,13.92,3,2,1,0,0,1,0.4386427534394102,Moderate
R06815,District Road,11.91,2,6.98,1,116.2,30.94,59.64,25.88,3,1,0,0,0,1,0.1588857283440362,Safe
R06816,Highway,0.74,0,5.2,0,1968.3,21.91,119.14,21.05,1,4,1,1,0,1,0.5292943318927227,High
R06817,State Highway,6.98,1,6.59,1,467.9,22.92,61.12,11.44,2,6,0,1,0,1,0.42491697670733014,Moderate
R06818,Village Road,1.71,0,5.25,1,1449.2,38.11,64.74,23.42,2,0,0,1,0,1,0.35166904609409955,Moderate
R06819,Village Road,10.68,0,3.01,1,2026.0,34.75,53.89,21.68,2,2,0,0,0,1,0.1896367918173771,Safe
R06820,District Road,16.44,2,8.85,2,1425.2,24.08,45.33,22.81,1,2,0,1,0,0,0.4196120798080268,Moderate
R06821,District Road,4.53,0,3.38,3,1039.5,15.98,46.11,12.68,1,1,0,1,0,1,0.28176581358592556,Moderate
R06822,District Road,10.79,1,4.89,1,837.1,20.09,96.81,21.82,2,3,1,0,0,1,0.4405195402436457,Moderate
R06823,Village Road,4.48,3,9.5,2,797.5,15.78,72.79,28.63,3,0,0,0,0,1,0.22943295418249848,Safe
R06824,Village Road,2.85,0,8.99,0,2101.7,6.82,62.47,13.32,4,1,0,0,0,1,0.11245382842203877,Safe
R06825,State Highway,10.46,2,3.66,2,2071.4,29.06,77.95,25.59,1,1,1,0,0,1,0.42087059420809697,Moderate
R06826,Village Road,2.04,0,8.94,1,2067.3,31.12,168.44,14.45,3,3,0,0,0,1,0.1513768169821098,Safe
R06827,State Highway,11.95,0,11.38,1,742.7,43.7,301.27,17.73,1,6,1,1,1,1,0.8492495221951408,Critical
R06828,State Highway,1.11,0,3.67,2,2007.3,20.51,12.4,19.07,2,1,0,0,0,1,0.054978430729076835,Safe
R06829,District Road,2.58,3,6.74,0,139.8,44.88,171.89,29.08,1,4,1,0,0,0,0.4381902860103364,Moderate
R06830,District Road,11.22,0,9.56,1,555.8,8.42,158.26,15.65,0,0,1,0,0,1,0.3807358107742496,Moderate
R06831,Village Road,12.03,2,9.01,0,1310.5,29.55,185.55,16.59,2,0,0,1,0,0,0.463494460880345,Moderate
R06832,Highway,1.07,3,5.04,2,1046.5,44.76,36.18,31.75,0,0,0,0,0,1,0.21080748697390794,Safe
R06833,District Road,11.68,1,4.47,2,324.1,28.81,32.39,28.59,1,1,0,0,0,1,0.13167440476392972,Safe
R06834,Village Road,16.85,1,10.06,1,152.2,20.36,129.25,22.66,2,2,0,0,1,1,0.2758497966479707,Moderate
R06835,Village Road,14.59,2,11.61,1,1547.4,23.19,50.02,17.9,3,1,0,0,0,1,0.15561080814376899,Safe
R06836,State Highway,3.06,1,9.91,2,818.0,38.05,53.77,29.79,2,2,0,0,0,1,0.23018386074080233,Safe
R06837,State Highway,12.05,0,11.67,0,89.1,42.26,38.01,24.06,1,0,0,0,0,1,0.13631874925869059,Safe
R06838,District Road,13.61,1,8.44,0,1105.7,20.43,37.59,18.26,2,1,0,0,0,1,0.10322692776288457,Safe
R06839,State Highway,1.23,2,11.36,1,801.6,34.76,57.75,17.87,3,2,0,0,0,1,0.1848174903801959,Safe
R06840,Village Road,17.18,2,9.21,1,1462.7,42.02,91.59,21.43,3,2,0,0,0,1,0.22304316216483705,Safe
R06841,Village Road,18.17,0,11.18,1,2328.0,12.7,173.69,33.72,0,0,1,1,0,1,0.5579627426019703,High
R06842,State Highway,17.08,0,4.45,0,804.3,22.19,144.17,26.08,0,1,0,0,1,1,0.23599266523146786,Safe
R06843,Highway,16.58,3,10.34,1,2493.0,44.79,16.99,26.98,2,0,0,0,0,1,0.25708429145776107,Moderate
R06844,Highway,15.03,0,4.77,3,260.8,15.91,137.44,19.67,0,1,0,1,0,1,0.33619394907279043,Moderate
R06845,Village Road,12.85,2,3.25,0,266.3,27.89,77.68,34.41,2,0,1,0,0,1,0.4031058737088819,Moderate
R06846,State Highway,13.73,0,7.66,2,1796.8,29.57,75.88,20.18,0,0,0,0,0,1,0.1566185758486551,Safe
R06847,District Road,16.22,2,5.86,1,1884.1,6.94,88.78,10.3,4,1,0,1,1,0,0.42654668590683265,Moderate
R06848,District Road,13.42,3,3.39,3,1086.0,36.3,112.04,30.03,1,0,1,1,0,0,0.668405173948226,High
R06849,District Road,6.89,0,11.82,1,750.8,18.58,72.43,22.82,2,2,0,0,0,1,0.114935153855865,Safe
R06850,Highway,7.83,0,9.0,1,1995.3,22.51,109.33,13.76,2,0,0,0,0,1,0.07310536818683169,Safe
R06851,State Highway,17.99,1,11.12,2,2392.8,28.93,108.14,10.57,2,2,0,1,0,1,0.3852996964193121,Moderate
R06852,Village Road,0.83,0,11.99,0,2475.3,18.47,86.57,34.8,1,3,0,0,0,1,0.07496301495158866,Safe
R06853,Village Road,14.13,1,6.53,1,1604.4,14.63,35.19,26.18,4,2,0,0,0,1,0.0545567284018109,Safe
R06854,Village Road,19.12,1,5.29,1,1863.3,24.59,87.25,21.65,3,1,0,0,0,1,0.23992297479714664,Safe
R06855,Highway,14.27,0,4.65,1,2064.5,15.61,171.37,18.35,1,3,0,1,0,1,0.40541727598990157,Moderate
R06856,State Highway,19.88,1,7.64,0,2007.2,19.54,208.23,11.8,1,1,0,1,0,1,0.39805536634062094,Moderate
R06857,District Road,13.91,2,8.45,0,2483.8,4.88,100.25,26.13,1,1,1,0,0,1,0.3155957558238881,Moderate
R06858,State Highway,1.17,1,7.25,0,2035.6,38.01,199.54,19.22,1,1,1,1,0,1,0.6729521885917263,High
R06859,Village Road,16.63,0,6.49,2,1673.3,18.53,47.51,34.74,3,0,1,0,0,1,0.34093628822786365,Moderate
R06860,District Road,6.05,1,4.51,3,971.7,3.73,113.82,12.71,1,1,1,0,0,1,0.3678571559989238,Moderate
R06861,Highway,9.2,2,6.98,0,1515.1,35.55,148.95,16.15,0,0,0,1,0,0,0.385585059914229,Moderate
R06862,Village Road,6.59,1,3.77,0,2206.9,0.88,62.78,20.09,1,2,0,0,0,1,0.04418549037732085,Safe
R06863,Village Road,5.74,0,10.79,3,798.4,26.97,185.89,29.94,0,2,0,0,0,1,0.14847559061737364,Safe
R06864,Highway,8.91,0,3.42,2,125.1,31.62,182.75,29.42,1,0,0,1,0,1,0.4009210656758697,Moderate
R06865,District Road,7.89,2,6.43,2,851.6,8.6,72.65,16.1,2,0,0,1,0,0,0.3649401246944014,Moderate
R06866,State Highway,12.85,2,3.9,0,2402.6,5.91,47.21,19.03,2,1,0,0,1,1,0.19692303426097468,Safe
R06867,State Highway,16.36,1,9.97,2,1995.5,5.12,44.05,11.48,4,0,1,0,0,1,0.3086237988973362,Moderate
R06868,State Highway,6.29,0,5.81,2,508.5,44.7,85.45,19.46,1,1,1,0,0,1,0.3786523298871262,Moderate
R06869,District Road,4.67,1,4.02,0,79.4,33.98,77.52,14.21,2,3,0,0,0,1,0.18442379375332818,Safe
R06870,Village Road,13.5,2,7.78,0,1689.3,14.07,76.62,32.99,1,2,0,0,0,1,0.13882779784249685,Safe
R06871,District Road,13.57,1,11.25,0,1468.6,15.1,79.23,30.2,4,0,1,0,0,1,0.29733657440830347,Moderate
R06872,Highway,18.07,0,11.18,0,253.3,29.19,41.05,14.13,1,0,1,0,1,1,0.3603343393452495,Moderate
R06873,District Road,0.81,1,5.25,3,2416.7,20.6,20.04,22.27,2,0,0,0,0,1,0.16721745009548697,Safe
R06874,State Highway,17.13,2,9.48,1,1563.6,12.21,150.94,33.96,1,3,0,0,0,1,0.1668481612182869,Safe
R06875,Village Road,10.66,0,3.27,2,1646.2,2.57,75.92,20.27,2,1,0,0,0,1,0.08108626922495567,Safe
R06876,District Road,12.62,1,4.19,2,2141.3,35.27,151.69,21.2,2,3,1,1,0,1,0.6289228674108214,High
R06877,State Highway,2.28,1,7.5,1,875.8,39.97,19.31,18.54,1,0,0,0,0,1,0.2046117896598295,Safe
R06878,State Highway,8.94,1,5.06,2,1417.7,9.27,24.51,22.31,2,1,0,0,0,1,0.17600436413742837,Safe
R06879,Village Road,4.93,1,10.18,0,1461.7,2.85,79.07,24.91,1,2,0,0,0,1,0.07748624224870798,Safe
R06880,State Highway,5.46,1,11.38,1,2420.0,5.34,111.34,12.25,5,3,1,0,0,1,0.27567512037888176,Moderate
R06881,Village Road,10.33,0,3.04,3,372.1,18.64,136.76,12.31,2,1,1,0,0,1,0.3330837980259525,Moderate
R06882,State Highway,16.34,0,5.1,0,1909.3,13.47,22.34,29.23,4,2,0,0,0,1,0.047588035236185135,Safe
R06883,State Highway,15.0,1,6.96,1,1459.1,3.31,55.1,34.57,1,3,0,0,0,1,0.07418191785338621,Safe
R06884,District Road,12.02,0,8.07,2,2121.2,20.47,89.79,22.28,2,0,0,0,0,1,0.15770166995553103,Safe
R06885,Village Road,11.02,1,11.24,2,2088.3,9.18,44.42,31.53,2,3,0,0,0,1,0.17826916116751285,Safe
R06886,Village Road,8.83,1,11.03,1,79.5,3.01,52.19,31.72,2,0,0,0,0,1,0.12116360410694056,Safe
R06887,State Highway,19.47,0,8.73,2,678.3,29.61,109.27,19.24,1,1,0,0,0,1,0.1625983150852926,Safe
R06888,State Highway,11.42,1,5.32,0,493.0,25.76,16.47,18.22,1,1,0,1,0,1,0.3020990783742209,Moderate
R06889,Highway,5.45,1,10.05,2,1181.2,37.19,32.38,28.24,2,3,0,0,0,1,0.22492101739529805,Safe
R06890,District Road,4.99,0,4.82,2,2268.0,13.6,119.64,32.76,3,0,0,0,1,1,0.19232763648597442,Safe
R06891,District Road,12.42,1,11.69,0,62.3,6.11,68.04,31.34,1,2,0,0,0,1,0.11750610834628565,Safe
R06892,Village Road,10.7,3,3.05,1,1246.1,16.21,43.93,17.98,2,3,0,1,0,0,0.3681160554725799,Moderate
R06893,Village Road,0.65,1,8.13,1,2217.7,35.04,30.97,18.88,1,1,0,0,0,1,0.17261582044226106,Safe
R06894,State Highway,16.69,1,3.8,0,2319.2,10.88,65.61,28.41,4,1,1,0,0,1,0.2996073416309282,Moderate
R06895,District Road,14.23,0,6.67,1,1660.4,11.48,63.04,17.94,1,0,0,0,0,1,0.09606103924768487,Safe
R06896,Village Road,13.41,0,8.71,1,2082.9,6.64,167.34,31.3,0,3,0,0,0,1,0.12021660433761248,Safe
R06897,Village Road,1.84,0,9.21,3,844.0,44.39,77.09,22.73,1,2,0,0,0,1,0.23271271612343586,Safe
R06898,Highway,7.56,2,10.07,1,750.6,43.53,10.67,17.32,1,1,0,0,0,1,0.18851314178886613,Safe
R06899,State Highway,18.74,1,8.34,2,170.3,29.61,86.97,17.16,1,0,1,0,0,1,0.4245366640182753,Moderate
R06900,District Road,17.32,0,5.26,0,1282.8,9.67,84.5,29.6,0,3,0,1,0,1,0.33203539516187053,Moderate
R06901,State Highway,6.07,2,11.0,0,1166.8,34.5,238.91,13.12,4,0,0,1,0,0,0.5327007381662999,High
R06902,State Highway,3.56,0,10.3,3,961.2,26.28,43.45,33.3,1,3,1,1,0,1,0.5128784441735499,High
R06903,Highway,9.26,0,4.44,2,327.7,33.73,166.31,20.34,6,0,0,0,0,1,0.20998188389796252,Safe
R06904,District Road,7.44,1,10.44,0,615.4,38.72,161.44,31.1,2,1,1,0,0,1,0.42970735828238144,Moderate
R06905,State Highway,13.8,0,11.75,1,549.0,14.33,51.17,29.81,0,1,0,0,0,1,0.1462603222894096,Safe
R06906,Highway,19.35,1,8.73,1,2362.7,41.12,51.73,29.48,1,2,0,1,0,1,0.37995220673502095,Moderate
R06907,State Highway,7.58,0,5.54,1,2417.8,40.44,15.56,26.86,1,1,0,0,0,1,0.12560096692422798,Safe
R06908,Village Road,1.71,1,8.46,2,58.4,24.62,97.74,22.49,2,0,0,1,1,1,0.544643383135898,High
R06909,Village Road,18.0,2,6.08,2,467.8,30.81,104.93,19.75,2,1,0,0,0,1,0.3058173615546971,Moderate
R06910,District Road,1.24,2,9.08,0,2227.5,18.5,100.94,24.52,1,0,1,0,1,0,0.4988507241519282,Moderate
R06911,District Road,19.08,2,7.9,1,143.9,29.48,51.15,23.17,0,1,0,0,0,1,0.222812920926777,Safe
R06912,Village Road,13.46,2,11.37,0,2361.5,24.7,146.93,18.78,1,1,0,0,0,1,0.2573935051180909,Moderate
R06913,State Highway,18.86,1,8.56,2,981.2,14.53,64.88,22.33,2,0,1,1,0,1,0.48280232929811967,Moderate
R06914,State Highway,4.39,1,4.93,1,1369.8,14.53,24.43,19.13,1,4,0,0,0,1,0.11367989021675193,Safe
R06915,State Highway,1.29,1,9.53,3,1921.4,29.32,90.31,26.45,4,2,1,0,0,1,0.4685423025860404,Moderate
R06916,State Highway,10.02,2,5.71,2,647.6,43.05,132.33,30.88,1,1,0,0,0,1,0.258562445529323,Moderate
R06917,State Highway,9.29,1,5.45,0,296.7,9.07,62.97,29.67,1,1,1,0,1,1,0.43003824411547614,Moderate
R06918,Village Road,6.96,0,6.53,2,2034.4,17.66,91.0,18.52,0,1,0,1,0,1,0.33746219492584806,Moderate
R06919,District Road,19.17,2,3.11,1,2462.3,36.26,112.69,22.74,2,1,1,1,1,0,0.774443226123659,Critical
R06920,District Road,16.54,2,11.72,0,1664.0,5.54,83.72,10.27,1,3,0,0,0,1,0.1849107605807211,Safe
R06921,Village Road,13.4,2,7.79,1,2071.8,44.74,75.84,31.76,4,1,1,0,0,1,0.5180393108984941,High
R06922,Highway,3.68,0,9.96,3,2356.2,30.52,119.1,16.13,4,0,1,1,0,1,0.6279007634424782,High
R06923,State Highway,14.82,0,5.32,1,610.0,40.99,44.94,21.03,3,5,0,0,0,1,0.1502283130190073,Safe
R06924,District Road,14.68,0,9.72,2,908.5,37.71,99.0,13.81,2,1,0,0,0,1,0.17155637132128673,Safe
R06925,District Road,8.79,1,8.1,1,586.6,34.97,92.09,26.95,1,0,0,1,0,1,0.33078278003004036,Moderate
R06926,Highway,18.53,0,6.82,1,201.4,1.48,94.0,23.63,4,1,1,0,0,1,0.26884981740147235,Moderate
R06927,District Road,3.76,1,11.74,2,1844.1,18.29,39.72,19.12,0,1,1,0,0,1,0.3325910684473568,Moderate
R06928,District Road,5.71,0,7.44,2,406.9,9.08,179.05,23.38,2,1,1,0,0,1,0.36895260909804284,Moderate
R06929,District Road,1.73,0,8.92,0,277.1,39.21,66.74,14.22,3,0,1,0,0,1,0.32387056564362543,Moderate
R06930,District Road,16.01,2,3.14,0,926.2,30.61,75.75,29.39,5,2,0,1,0,0,0.3725161452108895,Moderate
R06931,State Highway,12.62,2,5.71,1,198.4,4.82,96.5,16.65,1,0,0,0,0,1,0.1770621794370955,Safe
R06932,Highway,6.64,0,11.0,1,489.9,16.18,217.24,25.38,2,0,1,1,0,1,0.6342314859393595,High
R06933,District Road,3.69,1,9.83,2,221.4,3.12,139.34,32.49,1,2,0,0,0,1,0.22644224049333495,Safe
R06934,Highway,1.28,0,7.83,0,2199.3,33.3,94.13,10.96,0,2,1,0,0,1,0.2856201463423987,Moderate
R06935,Village Road,3.75,0,11.1,2,1960.3,18.82,59.32,19.69,1,0,0,0,0,1,0.2502611566383906,Moderate
R06936,District Road,9.34,2,7.38,1,2155.8,10.55,313.37,13.37,1,2,0,0,0,1,0.32966236279534306,Moderate
R06937,State Highway,5.32,2,8.1,0,2177.4,23.3,77.77,32.72,3,0,0,0,0,1,0.26914731325005475,Moderate
R06938,Village Road,5.55,2,6.44,1,2364.0,1.89,77.11,19.0,1,1,0,0,0,1,0.14782269383423005,Safe
R06939,District Road,17.57,1,8.58,0,507.3,11.58,62.58,15.33,2,3,0,0,0,1,0.0954341456921492,Safe
R06940,State Highway,10.55,2,5.87,0,2255.0,7.89,26.14,26.91,3,0,0,0,0,1,0.1169959263687082,Safe
R06941,Village Road,14.72,0,6.47,2,1336.3,41.88,82.07,23.58,2,2,0,0,1,1,0.28508215630644274,Moderate
R06942,Village Road,1.2,0,11.7,1,457.3,16.97,143.9,30.42,2,1,1,0,0,1,0.38313336715819357,Moderate
R06943,District Road,7.62,0,4.0,2,1656.6,26.3,92.76,28.83,3,2,1,1,0,1,0.5789836548682085,High
R06944,Highway,9.84,2,3.95,1,851.2,22.63,125.11,34.37,2,3,1,0,0,1,0.43642027466367567,Moderate
R06945,District Road,4.14,0,3.39,0,163.9,29.66,133.61,12.26,2,2,1,0,1,1,0.49770828577732606,Moderate
R06946,Village Road,2.84,0,5.88,1,242.7,12.56,56.56,12.01,1,0,0,0,0,1,0.07276281343997919,Safe
R06947,Highway,17.47,1,6.58,2,1088.1,5.44,91.23,32.68,2,1,0,0,0,1,0.20224951522173829,Safe
R06948,State Highway,18.82,0,3.85,0,2074.9,3.67,112.12,33.89,0,1,1,0,0,1,0.32218432275569237,Moderate
R06949,Village Road,2.04,0,7.94,1,812.0,8.7,112.5,20.17,1,4,1,0,0,1,0.3259243433962899,Moderate
R06950,Highway,7.31,0,8.25,0,1927.0,21.73,14.14,21.4,3,1,0,0,0,1,0.1329744117740568,Safe
R06951,Village Road,19.19,0,9.76,0,186.6,10.62,173.39,19.22,2,2,1,0,0,1,0.35537895128896674,Moderate
R06952,District Road,2.12,1,11.78,1,1014.6,19.53,40.98,29.44,0,3,1,0,1,1,0.32880018497466423,Moderate
R06953,District Road,13.05,1,8.57,1,362.2,1.32,114.76,29.27,0,1,0,1,0,1,0.27063818845510873,Moderate
R06954,Highway,19.46,0,4.0,2,2165.7,28.24,143.05,15.51,2,1,0,1,0,1,0.43733088808565157,Moderate
R06955,Village Road,19.58,0,3.8,1,2421.4,39.52,33.97,19.6,1,0,0,0,0,1,0.07196029948505864,Safe
R06956,State Highway,9.69,2,10.0,0,847.8,2.14,99.3,15.31,1,2,0,0,0,1,0.1297527781048073,Safe
R06957,District Road,3.67,1,8.85,1,2472.7,9.81,123.59,11.17,3,2,1,1,0,1,0.591531421059701,High
R06958,District Road,4.44,1,4.46,1,1893.2,14.3,53.22,11.4,2,0,0,0,0,1,0.1282708318648914,Safe
R06959,District Road,17.85,1,5.28,1,53.0,12.93,162.08,13.67,2,4,0,0,0,1,0.19825249249249038,Safe
R06960,Village Road,18.28,0,9.75,2,1238.9,1.82,38.62,10.75,2,1,0,0,0,1,0.09556177483852407,Safe
R06961,District Road,12.35,3,8.1,0,2093.5,4.8,78.81,20.58,1,0,0,0,0,1,0.1906967618092046,Safe
R06962,State Highway,15.44,1,8.27,3,1358.0,41.06,63.42,11.6,1,1,0,0,0,1,0.2322893061515894,Safe
R06963,Village Road,14.93,0,4.89,1,1397.4,32.01,124.48,31.19,0,1,0,0,0,1,0.09946586747155343,Safe
R06964,District Road,13.41,1,8.66,1,1146.9,43.13,59.14,27.8,2,2,0,0,0,1,0.2149149933312012,Safe
R06965,State Highway,16.63,0,9.94,3,1017.8,19.82,61.9,29.59,3,0,0,0,1,1,0.17398323196883536,Safe
R06966,Highway,13.87,0,10.97,2,117.1,39.56,60.9,25.44,1,3,0,0,0,1,0.18859141843418648,Safe
R06967,Village Road,10.91,3,9.63,0,1573.2,36.74,162.21,26.6,0,3,1,0,0,0,0.4920727372492534,Moderate
R06968,State Highway,5.12,2,8.19,1,1928.5,39.37,119.75,12.84,1,1,1,0,0,1,0.4594877153081154,Moderate
R06969,District Road,15.01,0,9.06,1,1985.9,1.76,103.84,11.45,3,2,1,0,0,1,0.3065657832236347,Moderate
R06970,District Road,9.73,1,7.37,1,1580.4,29.36,45.28,34.73,0,4,0,0,0,1,0.22723139440295728,Safe
R06971,State Highway,6.25,2,5.04,2,886.1,25.5,162.46,19.32,1,2,0,0,0,1,0.2850870477849208,Moderate
R06972,District Road,16.14,0,10.94,1,105.4,24.53,261.82,11.28,1,2,1,1,0,1,0.6233342361633207,High
R06973,Highway,14.09,1,7.79,0,2244.7,22.7,33.59,13.99,3,3,0,0,0,1,0.10911581005165394,Safe
R06974,District Road,18.78,1,8.35,1,1101.2,35.82,241.19,31.86,0,1,1,0,0,1,0.48682223303842476,Moderate
R06975,District Road,3.73,1,11.91,0,1522.9,43.56,54.49,15.14,0,0,0,0,0,1,0.15506165228426544,Safe
R06976,District Road,13.16,2,11.87,1,526.7,37.3,77.49,21.68,1,1,0,1,0,0,0.4321257430222728,Moderate
R06977,District Road,5.26,2,8.28,1,397.8,39.17,68.27,26.69,5,1,0,0,0,1,0.27850587610036837,Moderate
R06978,Village Road,18.12,3,3.31,1,262.7,21.78,88.86,34.15,1,3,0,0,0,1,0.2702924252799586,Moderate
R06979,Village Road,2.44,0,6.57,1,2007.0,31.08,76.15,10.35,1,1,0,0,0,1,0.166318286890625,Safe
R06980,Highway,13.3,2,11.44,0,1633.8,18.7,55.25,22.19,3,2,0,1,0,0,0.29322521205921,Moderate
R06981,State Highway,15.93,0,5.59,3,1571.8,16.21,100.11,34.9,2,3,0,0,0,1,0.17191661904415795,Safe
R06982,District Road,7.42,0,11.99,2,2302.5,40.29,75.75,13.04,5,2,0,0,0,1,0.22314186243466136,Safe
R06983,Village Road,19.11,0,3.76,1,438.8,40.73,45.44,13.09,1,1,0,0,0,1,0.1535340695851263,Safe
R06984,Village Road,17.09,1,8.11,3,467.2,30.7,11.42,12.18,3,0,0,0,0,1,0.20709870397135982,Safe
R06985,Village Road,6.25,0,7.64,2,514.2,37.7,139.85,22.7,1,0,0,1,0,1,0.37483548044121906,Moderate
R06986,State Highway,0.65,2,5.3,0,1087.3,16.22,106.21,18.71,1,0,0,1,0,0,0.39984086204054525,Moderate
R06987,District Road,6.28,1,11.54,2,2191.8,19.52,43.21,27.91,4,0,1,0,0,1,0.3406073985647999,Moderate
R06988,District Road,5.99,0,8.57,1,2209.6,36.95,30.34,24.28,1,2,0,0,0,1,0.14416987275685617,Safe
R06989,State Highway,17.85,2,5.07,0,1496.9,17.91,47.7,24.52,2,4,1,0,0,1,0.3305692955818491,Moderate
R06990,Highway,19.36,2,6.46,0,1662.5,1.8,74.93,22.78,2,0,0,1,0,0,0.28138708589905503,Moderate
R06991,Village Road,1.87,1,9.49,1,2249.5,15.9,100.82,34.8,0,4,1,0,0,1,0.3575991171773928,Moderate
R06992,State Highway,9.69,0,5.68,1,1579.3,17.92,48.86,23.48,1,2,0,0,0,1,0.1325598227369972,Safe
R06993,State Highway,11.19,2,10.92,2,613.0,6.96,122.31,11.81,2,2,1,0,0,1,0.4196358951902902,Moderate
R06994,Highway,2.31,2,4.49,0,1777.0,15.49,58.03,18.05,3,0,1,0,0,1,0.3625021645863738,Moderate
R06995,Village Road,7.86,1,5.38,3,1936.2,42.05,114.57,29.52,2,2,0,1,0,1,0.4828101438763653,Moderate
R06996,District Road,6.68,0,4.3,2,1606.6,38.63,30.01,25.71,2,1,0,0,0,1,0.10636255558674154,Safe
R06997,District Road,10.95,1,3.94,2,720.2,20.07,40.9,27.1,3,1,0,1,0,1,0.3010408488738954,Moderate
R06998,Village Road,13.39,2,5.7,0,1029.8,31.95,100.66,33.05,2,0,0,0,0,1,0.2377510552302013,Safe
R06999,State Highway,14.22,0,11.99,2,1203.0,6.83,81.4,21.09,1,1,0,0,1,1,0.19009783098343608,Safe
R07000,District Road,3.17,0,3.85,1,406.0,33.86,153.45,10.49,3,4,0,0,0,1,0.24780913316092598,Safe
R07001,Highway,16.35,2,4.92,1,1157.9,21.41,204.94,34.75,5,1,0,1,1,0,0.5281058043318664,High
R07002,State Highway,13.73,0,5.44,1,444.9,32.52,68.22,21.36,2,1,0,0,0,1,0.08474527553025381,Safe
R07003,Village Road,17.84,3,8.57,2,1273.7,28.98,20.74,12.44,1,2,1,0,0,0,0.4500397509842715,Moderate
R07004,Village Road,9.26,0,9.71,0,174.5,10.47,104.21,23.71,2,1,0,0,1,1,0.21348388945806707,Safe
R07005,State Highway,17.93,1,9.77,2,2373.9,37.56,24.74,24.76,4,0,0,0,0,1,0.22612446145008291,Safe
R07006,State Highway,17.38,0,3.08,2,653.5,25.75,161.91,24.11,1,2,0,1,0,1,0.3634880262097092,Moderate
R07007,District Road,9.05,3,8.87,1,1194.2,35.29,124.64,34.12,2,2,0,0,0,1,0.2291519037179553,Safe
R07008,Highway,7.93,2,8.68,0,130.2,4.23,51.18,17.99,2,0,0,0,0,1,0.11253186148263976,Safe
R07009,State Highway,18.69,3,7.66,0,522.2,27.69,144.49,10.86,1,2,0,0,0,1,0.32386540372122197,Moderate
R07010,State Highway,14.45,1,6.41,1,1748.5,13.13,40.64,32.99,1,0,0,0,0,1,0.1046390825149349,Safe
R07011,State Highway,18.6,0,10.18,1,323.9,38.74,117.42,14.78,2,1,0,0,0,1,0.2510657636892755,Moderate
R07012,Village Road,16.04,0,6.09,0,1589.0,42.73,56.65,28.74,1,1,0,0,0,1,0.1650366298498631,Safe
R07013,State Highway,12.38,1,5.07,0,55.1,2.51,180.08,15.1,0,1,1,1,0,1,0.5525350645896033,High
R07014,State Highway,2.76,1,5.79,2,1189.3,32.59,148.96,30.72,1,1,1,0,0,1,0.44662664549696723,Moderate
R07015,District Road,6.18,3,6.96,0,1817.3,4.63,116.12,32.66,1,0,0,0,0,1,0.2103059309957445,Safe
R07016,Village Road,19.39,1,4.93,3,2319.4,38.59,171.47,12.63,1,3,0,0,0,1,0.3117890195375465,Moderate
R07017,State Highway,6.73,2,8.47,1,1257.4,5.6,29.98,13.68,4,0,0,0,0,1,0.0967557279519957,Safe
R07018,Highway,2.32,3,10.96,2,2109.3,8.78,136.56,33.13,3,3,0,0,1,0,0.3349055626720762,Moderate
R07019,State Highway,14.3,0,8.36,0,2016.3,11.32,109.43,29.27,2,1,0,1,0,1,0.29871045198414364,Moderate
R07020,District Road,14.81,2,7.02,3,774.6,32.75,67.95,10.97,3,3,0,0,0,1,0.2087681088890463,Safe
R07021,District Road,6.07,1,10.17,0,2193.1,13.16,66.58,14.55,1,0,0,0,1,1,0.26279445434265497,Moderate
R07022,Village Road,6.3,2,9.73,0,1618.7,26.82,73.74,20.3,0,1,1,0,0,1,0.3498334613095424,Moderate
R07023,Village Road,9.64,0,6.3,0,305.3,25.74,48.19,31.6,2,1,0,1,0,1,0.38077785931666364,Moderate
R07024,Village Road,0.92,0,8.44,0,2350.8,18.1,29.15,13.78,4,0,0,0,1,1,0.13322746052180653,Safe
R07025,District Road,15.89,0,9.57,1,482.9,24.28,36.9,28.1,4,2,1,0,0,1,0.30500392359760964,Moderate
R07026,District Road,6.68,3,5.21,2,1202.4,5.32,47.58,12.09,4,3,0,0,0,1,0.17072409920515605,Safe
R07027,Highway,17.15,2,6.3,0,1192.6,39.43,44.7,21.68,0,0,0,0,0,1,0.21020722413235865,Safe
R07028,Village Road,16.15,0,3.95,2,1581.8,9.32,69.74,28.22,2,1,1,0,0,1,0.33436558391057536,Moderate
R07029,State Highway,13.4,3,11.89,2,1679.1,39.61,27.62,11.62,0,0,0,0,0,1,0.2555322810623134,Moderate
R07030,State Highway,6.84,1,3.77,3,620.6,23.34,116.57,15.11,2,1,1,0,0,1,0.3675573329767935,Moderate
R07031,District Road,10.57,2,4.52,0,913.5,27.63,138.68,29.8,2,1,0,0,1,1,0.29532710203211127,Moderate
R07032,State Highway,9.17,0,7.32,0,404.2,11.58,35.17,14.09,2,2,0,0,0,1,0.12121943886399997,Safe
R07033,District Road,7.11,1,10.79,0,358.7,10.0,46.16,26.69,3,2,1,0,0,1,0.3955981477391364,Moderate
R07034,District Road,17.04,1,6.2,1,2071.4,22.08,72.76,26.05,3,2,1,0,0,1,0.30989090918725115,Moderate
R07035,District Road,9.93,0,9.92,1,1889.3,12.03,110.48,23.01,1,2,0,0,0,1,0.1257324294492999,Safe
R07036,Village Road,16.74,1,9.08,1,1134.6,19.04,139.64,15.04,3,2,1,0,0,1,0.3655627096190612,Moderate
R07037,State Highway,2.55,1,8.75,0,285.0,19.81,45.23,20.42,2,0,1,0,0,1,0.29187253652305695,Moderate
R07038,District Road,3.25,0,10.61,1,1152.3,12.19,36.07,25.54,1,0,1,0,0,1,0.2776042144166014,Moderate
R07039,District Road,19.56,0,3.13,1,771.4,13.13,92.34,32.04,3,3,1,0,0,1,0.31771110829505006,Moderate
R07040,District Road,11.96,3,11.36,1,1955.9,43.78,114.46,29.95,1,0,1,1,0,0,0.674539189757748,High
R07041,Village Road,10.44,0,10.46,0,286.8,26.44,90.53,25.18,1,3,1,0,0,1,0.29015524636895895,Moderate
R07042,State Highway,10.7,0,11.44,1,1155.9,37.43,38.7,15.71,3,1,1,0,1,1,0.4518133523821357,Moderate
R07043,District Road,4.7,1,10.14,2,1498.9,2.06,86.82,15.42,2,0,0,1,0,1,0.3393934729992193,Moderate
R07044,State Highway,14.51,1,10.91,2,2465.0,0.09,39.49,30.35,2,0,1,0,0,1,0.3002995519693602,Moderate
R07045,Village Road,2.15,2,4.83,3,269.5,23.36,84.05,26.61,0,2,0,0,0,1,0.231040453575592,Safe
R07046,State Highway,11.68,2,5.87,2,329.2,37.21,27.07,18.95,2,2,0,1,0,0,0.4338427539302374,Moderate
R07047,District Road,11.63,0,5.84,0,2470.7,27.49,28.96,34.29,1,1,0,0,0,1,0.046715045560355446,Safe
R07048,Highway,18.33,1,3.98,0,1043.8,27.85,112.36,32.24,3,0,0,0,0,1,0.1632328292587278,Safe
R07049,State Highway,10.76,2,9.57,3,1872.1,6.27,149.66,26.79,5,2,0,0,0,1,0.24837017409408269,Safe
R07050,District Road,3.17,3,4.23,2,1969.5,44.04,49.03,19.23,2,0,0,0,0,1,0.226808455347946,Safe
R07051,Village Road,11.67,1,3.47,2,820.7,23.84,150.03,17.72,2,0,1,1,0,1,0.5891769008586839,High
R07052,District Road,2.28,0,9.98,2,575.0,4.62,65.3,33.48,1,1,0,0,0,1,0.14068639981696085,Safe
R07053,Village Road,4.47,1,11.14,0,726.4,18.64,117.73,21.09,1,1,0,0,0,1,0.18556651363289978,Safe
R07054,District Road,1.11,0,9.88,2,1922.8,3.24,114.82,30.0,3,2,0,0,0,1,0.17440331647811003,Safe
R07055,District Road,10.51,2,10.43,0,2109.2,18.82,62.28,33.49,1,2,0,1,0,0,0.3478055872736669,Moderate
R07056,Highway,2.15,0,8.36,1,1763.8,32.02,105.95,22.3,2,0,0,0,1,1,0.21623653905768947,Safe
R07057,Village Road,9.65,0,10.99,1,1131.0,14.56,57.18,26.33,5,1,0,0,0,1,0.17465384721112337,Safe
R07058,State Highway,18.69,1,7.47,1,693.3,14.09,67.48,12.16,2,1,0,0,0,1,0.17386725848629042,Safe
R07059,Village Road,14.54,1,11.89,1,1091.9,23.15,111.88,26.31,2,1,0,0,0,1,0.21281548925117705,Safe
R07060,Village Road,2.01,1,3.93,1,2290.6,22.43,67.33,15.38,1,2,0,0,1,1,0.236875894311235,Safe
R07061,Village Road,4.87,1,10.28,1,2164.8,21.02,93.03,26.76,0,0,1,0,0,1,0.3796395056642624,Moderate
R07062,District Road,13.64,2,8.77,1,842.3,23.26,169.78,12.53,2,1,0,0,0,1,0.22734152667818286,Safe
R07063,District Road,17.95,1,8.23,0,853.5,2.16,86.1,22.38,1,4,0,0,0,1,0.07857026928570286,Safe
R07064,Village Road,1.14,1,9.53,2,1960.9,21.34,115.03,23.03,2,0,1,0,0,1,0.3739087435596391,Moderate
R07065,Highway,16.34,0,10.56,2,1095.1,44.64,46.61,22.09,0,1,1,0,0,1,0.3716407433254886,Moderate
R07066,District Road,11.46,1,10.77,1,1453.2,34.4,107.64,28.92,1,1,0,0,0,1,0.21120543905602734,Safe
R07067,Highway,11.15,1,4.58,1,1084.7,12.94,78.54,28.86,3,3,1,1,0,1,0.5531487652218544,High
R07068,District Road,19.18,1,4.77,1,643.7,30.5,40.66,27.66,5,1,0,0,0,1,0.18290520684373437,Safe
R07069,State Highway,15.08,2,3.15,0,512.7,14.85,11.44,25.79,4,5,0,0,1,1,0.23028935875878048,Safe
R07070,State Highway,17.08,1,4.19,1,391.9,8.62,35.65,32.61,1,1,0,0,0,1,0.1415931772151728,Safe
R07071,State Highway,7.4,2,5.37,0,78.0,34.81,88.03,24.39,2,2,0,0,0,1,0.3097068684526778,Moderate
R07072,District Road,11.31,1,9.49,2,737.5,9.43,110.26,18.71,5,1,0,1,0,1,0.3720916432209275,Moderate
R07073,District Road,12.5,1,7.28,1,470.0,38.64,128.19,11.48,2,1,1,1,0,1,0.612259005100253,High
R07074,Highway,6.77,1,9.82,0,682.0,17.12,55.14,23.4,3,1,0,0,0,1,0.12509109812078156,Safe
R07075,District Road,11.62,0,7.38,1,235.7,34.06,68.4,15.69,3,2,0,0,0,1,0.17690764723936395,Safe
R07076,State Highway,5.11,1,8.0,2,886.8,11.68,84.73,19.67,1,1,0,0,0,1,0.10592607641825927,Safe
R07077,District Road,3.3,1,4.0,1,1323.9,29.37,72.95,11.25,0,1,0,0,0,1,0.10509118717710049,Safe
R07078,District Road,7.79,0,9.99,3,2364.2,9.56,93.16,26.02,3,0,0,1,0,1,0.3995331992352311,Moderate
R07079,District Road,14.92,1,9.82,3,900.3,0.98,89.11,32.17,4,1,1,0,0,1,0.4044741231205074,Moderate
R07080,District Road,18.37,1,5.77,2,126.0,36.66,25.85,18.13,2,2,0,0,0,1,0.14900733486455137,Safe
R07081,State Highway,9.43,3,5.96,2,937.8,38.53,158.2,30.12,2,2,0,0,0,1,0.34564556344199626,Moderate
R07082,Village Road,13.04,2,4.98,1,2052.2,39.63,18.34,13.16,4,2,0,0,0,1,0.2733716711803057,Moderate
R07083,District Road,2.51,0,10.32,1,883.4,1.63,173.61,28.08,3,1,0,0,0,1,0.19766403373362745,Safe
R07084,District Road,18.14,1,9.72,3,764.7,34.24,95.36,11.99,1,4,0,1,0,1,0.40759034965882324,Moderate
R07085,District Road,11.59,0,8.48,1,2301.5,37.61,33.82,16.47,2,2,0,0,0,1,0.07105643395501843,Safe
R07086,Highway,15.72,0,5.15,0,778.2,14.03,178.91,19.01,1,2,1,0,0,1,0.3406586553558875,Moderate
R07087,District Road,15.99,2,4.55,0,2427.1,21.17,107.45,13.92,2,2,0,0,1,1,0.2786681750488803,Moderate
R07088,District Road,5.5,0,3.45,2,2090.0,18.36,70.28,14.61,1,0,0,1,0,1,0.317575684121547,Moderate
R07089,State Highway,10.82,0,3.41,1,1726.4,19.8,43.82,27.47,1,2,1,0,0,1,0.2601336105871111,Moderate
R07090,Highway,19.23,3,4.68,0,1515.9,38.1,97.18,12.39,3,0,0,0,0,1,0.27980041218666174,Moderate
R07091,Highway,2.25,2,3.9,2,600.7,18.8,41.88,33.35,2,1,0,0,0,1,0.18495773094440757,Safe
R07092,Village Road,13.82,2,8.0,1,1839.5,13.61,136.25,29.21,2,1,0,0,0,1,0.2260835422901633,Safe
R07093,District Road,19.26,2,6.22,1,900.5,5.87,44.99,18.92,0,0,0,0,0,1,0.22341043412047185,Safe
R07094,Highway,6.36,2,7.0,0,1239.8,30.37,102.63,25.72,3,2,0,1,0,0,0.4082748155110211,Moderate
R07095,State Highway,17.3,0,8.35,0,305.0,3.79,28.1,27.99,3,2,0,0,0,1,0.07057967329868413,Safe
R07096,District Road,18.71,1,8.93,0,775.6,2.75,56.55,24.86,2,1,1,0,0,1,0.1606178908652907,Safe
R07097,Village Road,15.07,1,8.83,1,1346.3,30.67,43.08,25.46,3,0,0,0,0,1,0.1479985888464193,Safe
R07098,Highway,5.01,0,5.35,2,1196.7,31.24,130.26,32.9,3,6,1,1,0,1,0.6720388195039995,High
R07099,State Highway,7.01,2,10.29,2,891.6,8.96,49.02,32.03,2,0,0,0,0,1,0.11410192676524028,Safe
R07100,Village Road,1.2,1,11.26,0,1206.2,43.07,141.39,32.85,0,2,1,1,0,1,0.6862967196425159,High
R07101,Highway,16.71,0,5.84,2,1875.1,35.45,217.5,32.13,1,3,1,0,1,1,0.5781353045858268,High
R07102,State Highway,17.07,0,3.15,0,1175.3,30.89,149.24,27.13,1,3,1,0,0,1,0.31393021070133986,Moderate
R07103,Village Road,12.84,0,11.09,0,1290.1,33.95,88.4,22.29,0,2,0,0,0,1,0.18170037408056228,Safe
R07104,District Road,7.37,2,11.31,2,1767.8,18.53,37.59,22.18,2,0,0,0,0,1,0.18992533783530363,Safe
R07105,State Highway,2.0,1,3.46,0,2112.0,20.5,36.36,29.29,0,3,0,0,1,1,0.1926363631917376,Safe
R07106,Highway,15.18,1,3.04,2,1340.8,39.16,55.97,33.1,0,4,1,1,0,1,0.6284650110798302,High
R07107,Highway,14.67,1,10.35,0,2373.0,1.14,66.01,12.2,3,1,0,0,0,1,0.10031224947792827,Safe
R07108,State Highway,18.3,1,5.71,0,915.9,36.11,160.81,31.92,0,1,0,1,0,1,0.4315433942415759,Moderate
R07109,Village Road,14.75,2,11.23,1,668.8,20.14,66.41,31.24,1,1,0,0,0,1,0.18057233096123526,Safe
R07110,District Road,16.66,1,4.95,0,1748.1,20.88,61.66,12.19,1,2,0,0,0,1,0.10468644096631025,Safe
R07111,District Road,15.05,3,10.75,0,480.6,14.66,128.09,26.41,5,4,0,0,0,1,0.21390192727669555,Safe
R07112,Village Road,12.8,3,3.62,1,2254.9,27.32,54.67,34.3,2,0,0,1,0,0,0.47346872834833786,Moderate
R07113,District Road,8.83,3,5.35,1,997.1,30.41,81.95,31.29,1,1,1,0,0,0,0.4142852798547404,Moderate
R07114,State Highway,18.09,1,11.76,2,1760.5,7.23,21.47,11.57,2,3,0,0,0,1,0.08047326471800124,Safe
R07115,District Road,13.19,3,5.08,2,1446.9,25.46,44.26,33.13,1,1,0,0,0,1,0.2124599321013631,Safe
R07116,Village Road,8.27,1,4.2,1,183.3,20.92,77.95,14.33,1,1,0,0,0,1,0.18753730397059143,Safe
R07117,Village Road,2.13,2,10.71,0,1787.2,35.19,86.97,11.81,3,1,0,0,0,1,0.1856025397236614,Safe
R07118,Highway,6.17,3,4.06,1,1985.5,24.54,54.56,15.7,1,1,0,0,0,1,0.17782039283355439,Safe
R07119,District Road,11.1,3,3.88,2,2457.1,19.33,37.66,22.08,3,0,0,0,0,1,0.2117881982782872,Safe
R07120,District Road,5.87,2,5.91,0,1069.5,23.8,15.46,30.38,2,2,0,0,0,1,0.1418768372318879,Safe
R07121,Village Road,4.81,1,8.72,1,1282.2,22.08,73.31,16.68,2,3,1,1,0,1,0.5744634472259151,High
R07122,Highway,10.78,0,9.4,2,2193.4,42.08,164.98,19.76,3,1,1,1,0,1,0.6638002098148058,High
R07123,District Road,3.81,0,10.93,1,709.5,14.03,120.72,13.53,4,2,0,0,0,1,0.13742062231454033,Safe
R07124,Village Road,16.11,2,7.87,1,513.4,1.68,117.08,17.29,2,2,1,0,0,1,0.3853161341451646,Moderate
R07125,District Road,9.95,0,6.54,0,375.6,29.79,63.23,32.55,2,2,1,0,0,1,0.3193787552112328,Moderate
R07126,District Road,11.69,1,6.23,2,2446.7,27.17,32.99,27.02,5,3,0,0,0,1,0.17441395955069086,Safe
R07127,Highway,3.37,1,10.62,0,712.4,40.95,94.44,26.85,5,1,1,0,0,1,0.4051858727069991,Moderate
R07128,State Highway,6.83,1,9.51,2,1905.6,5.29,91.64,16.25,2,1,0,0,0,1,0.1841993408246176,Safe
R07129,State Highway,8.5,3,11.15,0,1151.7,23.52,64.48,13.66,1,2,0,0,0,1,0.22851820395610717,Safe
R07130,Village Road,16.26,1,11.68,2,639.4,6.78,82.8,32.19,1,1,0,0,0,1,0.2269089869022432,Safe
R07131,State Highway,15.52,2,5.7,1,2287.7,20.51,47.59,33.59,6,2,1,0,0,1,0.3840454408007597,Moderate
R07132,District Road,4.85,1,7.77,1,1186.3,35.97,142.52,11.34,0,3,1,1,0,1,0.6253549672802868,High
R07133,District Road,12.52,2,8.69,2,1436.6,38.58,125.97,23.25,3,4,1,1,0,0,0.6471681595744647,High
R07134,State Highway,5.25,0,4.47,0,595.1,37.52,94.95,21.0,2,1,0,1,1,1,0.484204335267806,Moderate
R07135,District Road,19.77,0,3.48,0,844.2,24.63,48.55,28.46,1,0,0,1,0,1,0.3122866423241201,Moderate
R07136,District Road,19.07,3,10.81,3,1881.8,28.53,49.71,17.54,3,0,0,0,0,1,0.18906602599711952,Safe
R07137,Village Road,11.48,1,7.82,1,890.5,24.82,157.52,25.51,2,1,1,0,0,1,0.470729496199295,Moderate
R07138,District Road,14.13,1,8.14,2,1289.6,25.26,85.06,12.06,5,1,0,0,0,1,0.22524587114785893,Safe
R07139,District Road,16.13,1,7.99,0,330.2,39.83,138.86,30.57,1,1,0,1,0,1,0.3834853297105889,Moderate
R07140,Highway,14.56,1,9.79,2,2132.7,9.42,175.37,15.97,2,2,1,0,0,1,0.3699527916661162,Moderate
R07141,Village Road,14.15,1,4.31,0,1857.1,19.74,41.45,17.85,0,0,1,0,0,1,0.27548885884972496,Moderate
R07142,Highway,19.19,0,8.53,2,1913.8,27.45,134.15,19.46,2,2,0,0,0,1,0.2560682433201201,Moderate
R07143,Village Road,12.13,1,7.23,1,486.6,34.44,96.37,15.17,1,1,0,1,0,1,0.43176518628615806,Moderate
R07144,State Highway,12.91,1,11.07,1,1263.1,34.29,225.28,30.22,2,2,1,0,0,1,0.48702471586312324,Moderate
R07145,Village Road,17.06,1,7.68,0,117.5,5.28,105.04,11.72,2,1,1,0,0,1,0.3105976194670344,Moderate
R07146,District Road,13.56,1,11.49,1,822.0,9.99,114.68,33.34,1,0,1,1,0,1,0.5269411206899033,High
R07147,Village Road,14.79,3,6.18,1,902.6,41.02,103.26,33.26,0,1,0,0,0,1,0.23723552770782277,Safe
R07148,State Highway,5.07,1,11.7,1,2288.5,16.09,285.62,30.68,1,0,1,1,0,1,0.7099598292641667,High
R07149,District Road,7.74,2,10.88,2,2482.3,0.12,49.32,33.8,2,2,0,0,0,1,0.1937958969994963,Safe
R07150,District Road,3.37,1,8.26,0,1563.5,8.99,85.27,29.03,1,0,0,0,0,1,0.19779537002250824,Safe
R07151,Village Road,10.36,1,6.18,2,1316.1,43.63,70.68,24.06,1,2,1,1,0,1,0.6495606352310962,High
R07152,Highway,9.39,0,6.38,2,1128.2,13.94,69.87,28.04,2,4,0,0,0,1,0.06168370391901107,Safe
R07153,Village Road,19.94,0,9.95,1,94.8,27.62,29.24,10.1,2,1,0,0,0,1,0.1314975296236932,Safe
R07154,Village Road,12.42,1,8.23,0,2010.3,32.7,141.31,27.14,2,0,1,0,1,1,0.46001029187620074,Moderate
R07155,State Highway,15.84,1,6.61,2,1696.0,29.1,85.26,11.05,2,2,0,0,0,1,0.2315196245783759,Safe
R07156,Village Road,7.01,2,8.72,0,1640.8,16.99,37.4,32.19,1,2,0,0,0,1,0.1381154233401624,Safe
R07157,District Road,16.72,1,9.6,2,2032.2,19.37,54.7,32.41,1,1,0,1,0,1,0.3957768983280446,Moderate
R07158,District Road,12.49,2,3.21,1,2323.7,37.71,125.8,12.86,3,0,0,0,0,1,0.3036179428455481,Moderate
R07159,State Highway,14.09,3,3.81,0,1004.3,29.83,62.73,26.99,0,3,1,0,0,0,0.37058492719614444,Moderate
R07160,District Road,6.24,0,3.85,0,1094.7,1.05,102.12,26.7,3,1,1,0,1,1,0.37582101365166765,Moderate
R07161,District Road,11.2,1,5.09,3,2439.1,9.16,74.9,22.45,3,2,0,0,0,1,0.2075868721073375,Safe
R07162,District Road,12.86,1,6.84,2,1677.8,12.88,53.91,10.63,2,1,1,0,0,1,0.29555619189106647,Moderate
R07163,District Road,11.99,0,10.23,0,2135.8,16.45,69.0,12.85,1,2,0,0,0,1,0.13648375787745706,Safe
R07164,District Road,18.35,0,6.16,3,592.8,25.96,53.3,26.48,2,1,1,0,0,1,0.28317941066233804,Moderate
R07165,District Road,18.02,2,3.16,0,826.8,16.49,84.74,23.24,0,1,0,0,1,1,0.28109852831697196,Moderate
R07166,Highway,19.43,3,7.35,2,1009.4,37.13,91.62,11.16,1,0,0,0,0,1,0.28912664543524647,Moderate
R07167,Village Road,13.51,2,11.97,2,826.5,21.32,18.67,22.94,1,2,0,1,0,0,0.3917073938352004,Moderate
R07168,District Road,19.45,1,6.14,2,2216.4,22.6,156.36,31.23,2,4,0,0,0,1,0.2208181605329478,Safe
R07169,State Highway,16.73,1,11.65,1,1303.2,19.23,193.68,32.26,2,2,1,0,0,1,0.39913597167387616,Moderate
R07170,State Highway,5.78,1,3.91,1,2386.4,13.97,100.79,27.42,2,1,0,0,0,1,0.09688367768241418,Safe
R07171,District Road,8.83,1,4.56,1,837.2,32.62,72.78,26.57,1,2,0,0,0,1,0.21878901713954502,Safe
R07172,Village Road,5.15,1,9.52,1,141.2,10.33,86.34,29.23,4,1,0,0,0,1,0.12162709417271625,Safe
R07173,State Highway,0.58,0,7.51,0,388.3,31.03,47.23,13.34,6,1,1,0,0,1,0.33614151555934335,Moderate
R07174,District Road,4.17,3,9.89,2,581.8,23.84,41.51,14.75,0,1,0,0,0,1,0.10508829806317917,Safe
R07175,Highway,0.58,2,10.77,1,1617.9,4.6,18.43,22.14,2,2,0,0,0,1,0.11700484922998845,Safe
R07176,District Road,14.54,1,5.26,1,493.7,0.81,28.31,21.28,1,2,0,0,0,1,0.0541561996316972,Safe
R07177,Village Road,8.8,3,9.15,1,984.7,7.62,113.63,14.61,3,1,0,1,0,0,0.43788563075890263,Moderate
R07178,Village Road,6.6,0,8.47,1,1998.7,34.25,59.88,26.96,4,1,0,0,0,1,0.0744739165145374,Safe
R07179,State Highway,15.35,0,10.75,2,355.7,17.31,126.61,28.53,3,1,0,0,1,1,0.2680939772025332,Moderate
R07180,District Road,16.73,2,6.87,2,247.2,36.22,101.81,16.77,2,2,1,0,0,1,0.4167435135308226,Moderate
R07181,State Highway,19.52,3,3.47,2,1372.9,22.59,86.46,17.82,3,3,0,1,0,0,0.46216261487064936,Moderate
R07182,District Road,13.02,1,8.17,2,1760.3,1.47,48.73,16.43,4,3,0,0,0,1,0.14937389393158035,Safe
R07183,Village Road,9.5,0,11.63,2,2281.8,38.07,129.61,16.97,0,3,0,0,0,1,0.23231837241605727,Safe
R07184,Village Road,6.45,2,3.13,0,1671.8,42.13,43.66,19.12,2,2,0,0,0,1,0.23669732184510334,Safe
R07185,State Highway,4.84,0,5.16,0,2368.1,3.34,73.34,21.03,3,3,0,0,0,1,0.11484028248983885,Safe
R07186,Village Road,4.65,1,5.84,2,649.1,9.38,37.52,22.1,0,4,0,1,0,1,0.34654786992487363,Moderate
R07187,District Road,8.48,0,9.89,0,887.5,32.2,36.41,22.12,1,1,1,0,0,1,0.2808207128161116,Moderate
R07188,State Highway,19.84,3,5.91,3,2106.3,44.87,114.92,25.43,0,1,0,0,0,1,0.2517081545454024,Moderate
R07189,District Road,0.52,1,5.15,2,2037.1,39.43,24.65,18.6,3,1,0,0,0,1,0.20791775039408186,Safe
R07190,District Road,4.35,2,8.84,1,1679.0,4.45,103.16,22.59,2,0,0,0,0,1,0.1867969382856346,Safe
R07191,District Road,4.17,0,3.42,1,1289.8,27.33,98.94,22.65,0,1,1,0,0,1,0.3172080675473431,Moderate
R07192,District Road,14.48,1,4.54,1,93.4,29.93,56.74,12.42,3,1,1,0,0,1,0.3559403972030244,Moderate
R07193,District Road,7.37,3,6.67,2,737.1,28.39,57.71,25.73,3,2,0,0,0,1,0.31283193243668916,Moderate
R07194,State Highway,9.42,0,6.2,2,437.9,25.56,10.56,16.95,0,4,0,1,0,1,0.34691094376026704,Moderate
R07195,Village Road,3.4,1,6.12,0,175.4,13.15,41.65,11.17,1,1,1,0,1,1,0.44592547034262775,Moderate
R07196,District Road,8.4,1,3.98,2,1951.4,30.08,95.01,26.18,3,1,0,1,0,1,0.43009594636455606,Moderate
R07197,Highway,2.51,2,6.25,1,371.7,32.78,168.33,11.21,2,3,1,1,0,0,0.617675464764917,High
R07198,Village Road,10.89,0,10.18,0,925.7,25.91,181.76,21.05,2,2,1,1,0,1,0.6614058569288905,High
R07199,Village Road,2.41,1,6.72,1,2444.8,22.37,118.7,25.53,1,0,1,0,1,1,0.448751385367878,Moderate
R07200,Village Road,15.91,1,8.28,1,1052.4,9.86,51.34,34.96,2,2,1,0,0,1,0.24573016112188145,Safe
R07201,State Highway,11.55,1,4.47,0,396.7,24.51,49.19,22.88,1,1,1,0,0,1,0.32760871676649994,Moderate
R07202,Highway,14.62,0,3.63,0,1739.9,5.77,101.65,17.95,1,0,0,0,0,1,0.06380746953009071,Safe
R07203,District Road,8.66,2,10.92,0,2034.4,3.27,114.96,22.3,1,0,1,0,0,1,0.32784034801317186,Moderate
R07204,Highway,7.94,1,5.98,3,733.9,35.0,72.94,14.89,1,4,0,0,0,1,0.1714146899799408,Safe
R07205,Village Road,2.42,0,6.15,0,2032.9,30.43,57.42,20.95,1,2,0,1,0,1,0.3267096971983131,Moderate
R07206,State Highway,10.72,1,10.9,1,715.2,29.21,44.72,31.83,1,1,1,0,1,1,0.4360288946391632,Moderate
R07207,State Highway,10.53,3,9.37,0,1748.1,41.77,28.89,13.4,4,2,0,0,0,1,0.21982300016301934,Safe
R07208,District Road,9.63,0,9.81,2,355.8,17.13,83.92,23.25,2,2,0,0,0,1,0.1583594485008591,Safe
R07209,State Highway,14.94,1,9.14,2,1098.2,17.99,182.18,25.52,3,1,0,0,0,1,0.2114250990037326,Safe
R07210,Village Road,16.73,2,3.95,2,1325.2,18.62,115.07,17.83,4,2,0,0,0,1,0.25553959812486593,Moderate
R07211,District Road,15.14,0,11.62,1,1826.9,20.94,21.49,28.4,3,1,0,0,1,1,0.1423626903537566,Safe
R07212,State Highway,3.31,0,11.18,1,1642.6,23.08,70.03,26.59,1,2,0,0,0,1,0.12985627904012617,Safe
R07213,State Highway,12.63,1,5.13,1,2140.7,35.01,44.09,21.6,1,1,0,0,0,1,0.11481975720123633,Safe
R07214,District Road,2.07,2,10.24,1,501.5,9.8,96.57,26.0,8,2,1,0,0,1,0.41918716533946876,Moderate
R07215,Highway,14.05,0,6.68,0,1670.1,19.53,143.85,31.01,5,1,1,1,0,1,0.5552549937258943,High
R07216,District Road,7.95,2,9.15,2,363.0,22.73,86.56,25.01,1,1,0,1,0,0,0.41992767391865937,Moderate
R07217,District Road,3.08,1,4.49,0,1221.3,7.61,54.05,24.22,0,4,0,0,0,1,0.05696006417868496,Safe
R07218,District Road,17.31,0,7.85,2,1335.2,31.59,144.22,25.54,1,0,1,1,0,1,0.6367090898092377,High
R07219,Village Road,12.47,1,4.14,1,116.8,2.53,106.32,26.89,2,3,1,0,0,1,0.31488541097145,Moderate
R07220,Village Road,7.42,3,7.83,1,222.4,26.37,52.19,20.08,1,2,0,1,1,0,0.5787073312249731,High
R07221,Village Road,1.1,0,5.19,1,2106.2,9.1,99.52,30.92,2,1,1,1,0,1,0.5525396330371171,High
R07222,State Highway,10.98,1,7.07,2,752.6,0.38,76.9,33.1,2,1,0,0,0,1,0.12053959807301827,Safe
R07223,Highway,18.5,1,9.01,1,898.1,14.21,253.32,25.55,0,2,1,1,0,1,0.6855045894228309,High
R07224,State Highway,12.13,0,10.89,1,1619.0,19.31,132.5,32.17,2,2,1,0,0,1,0.3551486348415673,Moderate
R07225,Village Road,19.45,0,4.49,0,590.8,36.78,96.18,28.62,3,4,0,0,0,1,0.18883934468858177,Safe
R07226,Village Road,3.16,0,11.04,0,522.5,18.35,34.98,20.57,1,1,1,0,0,1,0.2478828141188064,Safe
R07227,Village Road,11.58,0,6.51,0,1082.8,41.19,100.95,22.4,2,2,0,0,0,1,0.15452318729474765,Safe
R07228,Highway,16.06,0,10.59,0,194.5,37.91,54.04,24.25,1,0,0,0,0,1,0.1441690181660216,Safe
R07229,Village Road,10.75,2,7.61,2,2296.6,8.67,59.16,33.48,2,2,0,0,0,1,0.16984329584496574,Safe
R07230,District Road,2.28,3,10.76,2,2353.3,7.01,34.78,26.2,2,1,0,1,0,0,0.37107069482786065,Moderate
R07231,Highway,11.87,0,8.97,0,1148.1,10.97,28.45,22.71,2,3,0,0,0,1,0.0,Safe
R07232,District Road,12.43,1,7.58,0,562.6,16.19,63.53,13.08,0,0,0,1,0,1,0.30455303386635457,Moderate
R07233,Highway,14.71,0,5.81,1,1202.9,26.26,8.94,26.67,1,1,0,0,0,1,0.12131423278029543,Safe
R07234,District Road,15.34,0,11.72,1,294.8,5.58,48.74,23.87,1,2,1,0,0,1,0.31550608519174,Moderate
R07235,State Highway,15.53,0,10.21,2,1024.6,23.94,46.87,33.5,2,5,0,0,0,1,0.06212494355027552,Safe
R07236,District Road,13.44,1,6.43,1,230.5,26.13,50.51,18.55,2,3,0,0,0,1,0.19168498814817647,Safe
R07237,District Road,4.71,3,4.5,2,1780.1,29.74,146.26,29.89,0,2,0,0,0,1,0.3350108895103297,Moderate
R07238,Village Road,8.38,1,10.02,0,725.5,24.75,54.15,17.06,1,2,0,1,1,1,0.43948853559854695,Moderate
R07239,District Road,15.63,1,11.91,1,1325.6,37.13,14.09,14.29,2,3,0,0,0,1,0.16531410417296658,Safe
R07240,District Road,19.09,0,5.51,3,83.2,28.87,26.44,10.3,6,2,1,0,0,1,0.37896366579773516,Moderate
R07241,Village Road,2.04,0,11.24,0,1335.4,41.6,86.0,32.39,3,2,1,1,0,1,0.565741279937384,High
R07242,Village Road,10.94,2,4.13,1,58.0,31.54,74.14,21.12,3,0,0,0,0,1,0.20954319500348742,Safe
R07243,Highway,6.59,0,11.57,0,2316.7,19.62,50.36,17.03,0,3,0,1,0,1,0.3176430823057525,Moderate
R07244,District Road,4.9,3,9.71,1,1277.8,9.44,130.93,20.08,3,3,1,0,0,0,0.5076037636705119,High
R07245,State Highway,10.36,0,6.12,0,295.2,0.47,61.43,27.8,3,0,0,0,0,1,0.07732483531418737,Safe
R07246,Highway,12.32,1,5.74,2,885.6,4.07,62.61,19.83,1,1,1,0,0,1,0.2558810842808129,Moderate
R07247,District Road,0.69,3,8.79,3,162.9,8.54,56.53,15.64,2,0,1,0,0,0,0.41217323584321874,Moderate
R07248,Village Road,15.71,0,8.34,2,1350.7,9.74,138.31,12.19,0,0,1,0,0,1,0.3753642920458052,Moderate
R07249,State Highway,16.49,1,11.27,1,349.7,33.39,102.81,25.54,5,1,1,1,0,1,0.6748943413732582,High
R07250,Village Road,19.33,2,9.9,3,1209.1,17.37,157.45,34.32,0,2,0,0,0,1,0.22742517189212014,Safe
R07251,Village Road,4.02,0,7.86,2,798.5,14.6,139.69,25.87,3,1,0,1,0,1,0.4310438222479986,Moderate
R07252,Village Road,12.09,1,11.35,1,1915.9,2.36,84.95,33.67,3,1,1,1,0,1,0.4983001148344405,Moderate
R07253,State Highway,8.82,0,8.33,0,1231.5,24.24,87.31,31.95,1,1,1,0,0,1,0.4000762776775416,Moderate
R07254,Village Road,7.03,0,10.65,2,2128.1,27.58,183.07,13.9,3,2,0,0,0,1,0.24654339266588216,Safe
R07255,State Highway,11.53,0,10.57,2,2356.3,39.5,60.2,31.98,3,3,0,0,0,1,0.1946225191129083,Safe
R07256,District Road,15.76,3,11.27,0,2425.3,22.63,25.24,10.03,2,2,0,0,0,1,0.2214242769374183,Safe
R07257,Highway,0.95,0,3.61,1,687.5,0.35,116.58,22.74,4,2,0,0,0,1,0.18028978116577826,Safe
R07258,Highway,19.4,0,8.25,3,1930.5,2.94,140.24,23.07,1,3,1,0,0,1,0.3032024359932438,Moderate
R07259,District Road,16.29,1,7.22,1,1123.4,12.2,106.82,28.17,1,1,0,0,0,1,0.16111627045463767,Safe
R07260,District Road,15.15,0,7.41,1,1094.1,6.26,30.53,28.9,0,1,0,0,0,1,0.040311747187407626,Safe
R07261,State Highway,15.33,1,7.14,3,2177.2,34.68,131.6,15.79,1,3,1,1,0,1,0.5984998976157241,High
R07262,State Highway,8.09,0,10.54,0,406.9,4.85,118.62,32.05,2,4,0,1,0,1,0.3419208958578164,Moderate
R07263,District Road,15.16,2,5.87,3,1220.6,7.24,97.94,14.48,3,2,0,0,0,1,0.2677103699336527,Moderate
R07264,Highway,8.04,1,7.16,2,1502.6,30.01,53.94,34.04,1,2,0,0,0,1,0.23406244680689234,Safe
R07265,Village Road,18.02,1,4.81,1,212.0,10.78,54.65,34.63,1,3,0,0,0,1,0.08733419456809663,Safe
R07266,Highway,3.96,0,5.27,0,2168.1,43.61,38.74,27.42,3,1,0,0,0,1,0.09774157960075211,Safe
R07267,State Highway,6.2,1,8.94,0,820.1,38.84,68.24,26.22,1,1,1,0,0,1,0.38036272310987,Moderate
R07268,State Highway,11.25,2,4.05,1,1659.2,33.5,59.1,34.48,2,0,0,0,0,1,0.16973186271597007,Safe
R07269,District Road,6.72,0,4.69,2,2323.8,15.44,130.45,16.05,1,2,1,0,0,1,0.37466754505408073,Moderate
R07270,State Highway,8.77,0,7.75,1,1813.4,2.56,68.55,26.07,2,1,0,0,0,1,0.053757260214833215,Safe
R07271,State Highway,10.1,0,3.39,2,2220.7,15.14,42.07,20.15,0,2,0,0,0,1,0.07983263699781437,Safe
R07272,Village Road,17.2,1,4.14,2,220.4,16.95,41.75,14.19,4,0,0,1,0,1,0.3733962279189182,Moderate
R07273,District Road,10.7,3,10.77,1,1257.2,5.73,50.46,13.19,4,0,0,0,0,1,0.16103714732428362,Safe
R07274,Highway,7.57,0,10.62,3,1433.8,5.43,43.81,27.51,1,2,0,0,0,1,0.08757669232196703,Safe
R07275,District Road,5.33,0,6.13,2,1738.1,30.06,32.42,15.72,0,4,0,0,0,1,0.15143552971119204,Safe
R07276,Village Road,8.47,0,6.13,3,336.3,10.46,50.04,24.98,3,2,0,0,0,1,0.13053560528483998,Safe
R07277,State Highway,10.56,0,11.43,0,1659.1,30.51,59.64,15.94,3,4,0,1,0,1,0.31111886124932364,Moderate
R07278,Highway,15.05,1,3.23,2,407.7,24.67,34.17,21.35,1,1,0,0,0,1,0.22361287381694847,Safe
R07279,Village Road,2.86,3,8.22,1,215.7,40.57,35.74,28.56,1,2,0,0,0,1,0.3170764913805222,Moderate
R07280,District Road,4.82,0,8.38,3,1199.8,35.87,182.95,23.2,1,1,0,1,0,1,0.4744144181274032,Moderate
R07281,District Road,7.9,2,10.09,1,1520.9,6.81,281.05,31.79,3,0,1,1,0,0,0.6298980956673188,High
R07282,Highway,7.53,1,11.57,0,2397.4,27.46,69.27,23.16,2,2,0,0,0,1,0.12847152126087016,Safe
R07283,Highway,8.14,2,6.2,1,1761.6,29.39,257.98,14.86,3,0,0,0,0,1,0.26150267564464413,Moderate
R07284,District Road,15.97,1,6.94,0,1498.9,38.79,180.14,32.43,2,0,0,0,1,1,0.41947673269955915,Moderate
R07285,State Highway,6.82,0,9.04,0,575.7,28.84,55.21,20.45,2,0,0,0,0,1,0.07565401745982095,Safe
R07286,District Road,10.29,3,11.71,1,422.5,6.33,92.63,31.69,3,3,0,0,0,1,0.21509807204266876,Safe
R07287,District Road,12.67,0,11.02,2,1537.8,11.63,31.2,15.81,2,1,0,0,0,1,0.11235701192442141,Safe
R07288,State Highway,5.03,1,9.0,0,596.2,28.69,146.54,25.9,3,2,1,0,0,1,0.4331512012932781,Moderate
R07289,Village Road,14.51,2,10.71,0,1781.2,41.04,148.35,14.13,0,2,0,1,0,0,0.4498247578553949,Moderate
R07290,Village Road,11.17,0,3.77,2,330.5,40.12,30.81,12.0,2,1,0,0,0,1,0.18880979602514406,Safe
R07291,District Road,9.21,1,6.39,1,882.1,16.16,64.51,34.97,3,2,0,0,0,1,0.09053663592839026,Safe
R07292,Highway,16.29,2,3.12,3,1944.1,37.38,309.12,10.26,2,1,1,1,0,0,0.7694653155049023,Critical
R07293,Highway,5.25,3,4.6,0,2086.0,23.01,81.42,24.78,2,0,0,1,1,0,0.520495680142837,High
R07294,District Road,17.72,2,8.67,1,895.8,20.9,15.03,10.34,1,1,0,0,0,1,0.2264232564236628,Safe
R07295,State Highway,11.44,0,10.97,0,556.5,15.79,51.2,23.79,2,4,1,1,0,1,0.48077127150365984,Moderate
R07296,Village Road,12.38,1,8.7,3,2397.6,30.52,67.41,12.5,0,3,0,0,1,1,0.3567349644687652,Moderate
R07297,State Highway,17.56,2,8.98,2,1914.6,26.98,27.09,29.69,2,0,1,0,0,1,0.431064376319664,Moderate
R07298,District Road,16.44,1,3.93,2,2027.3,16.86,75.19,17.32,0,5,0,0,0,1,0.1541487559517364,Safe
R07299,State Highway,12.23,2,8.98,0,595.7,34.33,58.29,18.61,0,2,0,1,0,0,0.42760791898351147,Moderate
R07300,District Road,15.19,0,7.09,3,1089.9,17.07,88.19,16.31,1,2,0,0,0,1,0.1870489498249225,Safe
R07301,Highway,8.95,0,8.86,3,217.1,26.3,117.15,12.85,3,0,0,0,0,1,0.19709059087806505,Safe
R07302,District Road,11.17,1,5.94,1,318.0,17.66,351.35,22.51,6,3,1,0,0,1,0.494076893299649,Moderate
R07303,State Highway,1.71,3,8.23,2,591.3,5.26,82.15,21.19,3,1,0,1,0,0,0.4984254629167063,Moderate
R07304,Village Road,2.25,1,6.82,3,792.9,7.25,115.91,23.49,4,0,1,0,0,1,0.377143258104776,Moderate
R07305,Highway,16.67,3,8.03,1,2493.1,29.55,116.68,25.65,2,0,0,0,1,0,0.3023376651225552,Moderate
R07306,Village Road,1.66,3,4.32,0,1084.1,36.51,36.38,12.22,3,3,0,0,0,1,0.21036720591214428,Safe
R07307,Village Road,3.8,3,6.56,2,1759.8,21.08,36.15,20.34,1,1,1,0,0,0,0.4290549142453627,Moderate
R07308,State Highway,16.02,3,6.37,1,2265.9,14.65,100.42,24.81,2,1,0,0,0,1,0.21514169646317657,Safe
R07309,Village Road,0.52,2,9.63,3,652.8,15.14,68.35,18.08,1,0,0,0,0,1,0.2428300001377369,Safe
R07310,Highway,6.01,2,9.36,1,404.6,26.89,117.51,14.79,2,1,1,0,0,1,0.4082149684722271,Moderate
R07311,Village Road,11.89,1,11.18,0,646.0,21.05,90.53,25.16,1,1,0,0,1,1,0.2949425094981928,Moderate
R07312,District Road,12.11,0,8.69,1,2211.9,0.03,17.0,27.96,2,0,0,0,0,1,0.025157651545109568,Safe
R07313,State Highway,15.65,0,5.83,2,1680.9,34.72,119.32,28.76,0,0,1,0,0,1,0.3573377151503703,Moderate
R07314,State Highway,10.37,0,10.05,0,1155.8,6.4,23.95,18.14,1,0,1,0,0,1,0.22958716849860564,Safe
R07315,Highway,10.43,0,7.47,1,2059.7,30.37,95.98,12.47,2,1,0,1,0,1,0.3949254142547954,Moderate
R07316,Village Road,14.64,0,4.74,0,630.0,15.49,118.97,32.89,2,1,0,1,0,1,0.30175050058037634,Moderate
R07317,Highway,10.22,3,9.73,1,636.0,26.01,80.83,27.2,3,3,0,0,0,1,0.24463363942287034,Safe
R07318,District Road,12.37,1,4.19,3,1439.7,38.48,125.09,33.71,1,2,1,1,0,1,0.6452527060554223,High
R07319,District Road,18.01,0,4.6,1,1985.7,6.94,32.09,13.64,2,2,0,0,0,1,0.03524623518441885,Safe
R07320,Village Road,8.33,2,9.83,2,685.9,34.99,141.52,26.43,2,2,1,0,1,0,0.5786661121581588,High
R07321,State Highway,8.01,1,9.93,1,564.6,1.72,52.19,14.91,2,0,1,0,0,1,0.3423074115225898,Moderate
R07322,District Road,0.57,0,10.12,1,1211.2,41.46,156.13,31.66,0,2,0,0,1,1,0.33057593096542986,Moderate
R07323,District Road,12.46,2,5.64,1,378.8,9.07,99.71,22.99,0,4,0,0,0,1,0.15991286186205758,Safe
R07324,District Road,1.08,0,10.8,2,1882.1,35.75,63.74,23.32,2,2,0,0,0,1,0.14632857277899314,Safe
R07325,Highway,10.33,1,9.5,2,1464.5,3.02,19.98,33.27,0,2,0,0,0,1,0.029189451910846438,Safe
R07326,State Highway,16.18,0,10.51,2,1305.7,14.72,52.03,17.6,4,2,0,1,0,1,0.36530834670276263,Moderate
R07327,State Highway,11.22,1,9.38,3,2187.0,28.51,69.56,25.48,2,4,0,0,1,1,0.31628874583844874,Moderate
R07328,District Road,5.76,2,8.22,2,1844.8,29.65,93.41,13.61,1,0,0,1,0,0,0.40778750507896827,Moderate
R07329,State Highway,15.83,0,3.98,0,415.7,31.45,170.94,19.08,0,3,0,1,0,1,0.3836610347099572,Moderate
R07330,District Road,5.76,3,9.4,1,1080.1,15.79,39.24,14.87,1,3,0,0,0,1,0.17566885440042698,Safe
R07331,State Highway,14.79,0,9.21,3,837.1,29.97,24.43,15.03,4,2,0,0,0,1,0.19794752840420876,Safe
R07332,Village Road,12.4,1,5.81,3,2015.1,19.28,53.27,26.53,2,1,0,0,0,1,0.21119302161794182,Safe
R07333,Village Road,3.81,3,9.62,1,1811.6,25.47,143.11,17.16,1,2,0,0,0,1,0.30841036958338675,Moderate
R07334,District Road,18.15,3,7.95,2,1206.4,24.63,47.54,16.28,2,1,0,0,0,1,0.2167298337082892,Safe
R07335,State Highway,4.41,0,8.03,1,2067.9,7.57,53.83,30.2,4,0,0,0,0,1,0.1320455425553369,Safe
R07336,State Highway,19.8,0,6.31,0,1054.7,38.1,231.35,21.85,2,1,0,1,0,1,0.4593209630310093,Moderate
R07337,Highway,0.64,2,4.05,2,2018.7,39.02,105.17,19.5,0,1,1,1,0,0,0.6466402023538637,High
R07338,State Highway,5.64,0,4.95,3,128.6,9.17,20.3,30.38,1,0,0,0,0,1,0.0,Safe
R07339,District Road,4.4,1,9.92,1,379.8,18.74,145.09,22.22,1,1,0,0,0,1,0.2670978511036214,Moderate
R07340,District Road,0.77,2,5.44,0,1902.1,20.92,98.1,30.37,0,1,1,1,0,0,0.6136469537405853,High
R07341,Village Road,14.78,1,3.02,2,330.3,24.7,112.43,17.96,2,1,0,0,0,1,0.22664632803310703,Safe
R07342,State Highway,14.02,0,11.97,1,1725.2,1.0,27.01,34.05,3,0,0,0,1,1,0.11844825235377031,Safe
R07343,District Road,15.95,1,4.9,0,1822.8,34.15,120.41,33.09,3,2,0,0,0,1,0.22074705978194542,Safe
R07344,District Road,5.51,3,8.9,0,1672.4,38.79,105.46,30.59,2,1,0,1,0,0,0.4588643077628294,Moderate
R07345,District Road,9.16,1,11.34,0,2054.7,6.4,29.29,15.32,1,1,1,0,0,1,0.27481462630941283,Moderate
R07346,State Highway,13.35,2,8.4,2,1303.5,40.35,145.6,28.19,0,2,0,0,0,1,0.23162765582044276,Safe
R07347,District Road,9.08,0,10.19,0,2247.7,38.29,131.69,30.44,1,2,0,0,0,1,0.18584287940706912,Safe
R07348,District Road,14.1,0,11.79,0,1445.3,24.4,111.04,19.08,1,2,0,0,0,1,0.1660684429969726,Safe
R07349,District Road,12.86,0,10.74,3,1294.3,12.36,75.37,13.51,2,3,0,0,0,1,0.12680357122133457,Safe
R07350,Village Road,2.74,1,8.02,3,1298.0,9.34,41.03,16.74,1,2,0,0,0,1,0.13965608350511952,Safe
R07351,State Highway,15.73,0,6.27,0,2284.6,22.01,53.58,24.64,3,0,0,0,0,1,0.08165082448736738,Safe
R07352,Highway,14.55,1,7.34,0,647.1,22.82,98.24,16.29,3,0,1,1,0,1,0.5819735037110898,High
R07353,District Road,13.29,2,10.58,1,1752.8,29.33,56.06,26.54,5,1,0,0,0,1,0.1791630602220092,Safe
R07354,District Road,3.52,2,10.68,0,644.4,36.07,44.28,19.8,0,2,0,0,0,1,0.17675713290440895,Safe
R07355,State Highway,5.73,0,10.61,0,275.8,42.05,88.67,15.64,1,2,0,0,0,1,0.13850931078020207,Safe
R07356,Village Road,8.17,2,8.38,1,2386.7,35.83,23.85,25.33,1,2,0,1,0,0,0.34514875870420003,Moderate
R07357,Village Road,5.96,1,7.29,3,367.8,40.91,33.03,11.84,0,3,0,0,0,1,0.13969553478050006,Safe
R07358,Village Road,4.94,0,5.8,3,1731.2,22.47,101.61,25.62,0,1,1,1,0,1,0.5395198304272344,High
R07359,State Highway,16.2,0,3.03,2,1090.2,1.75,85.79,34.36,2,2,1,1,0,1,0.4907415699664406,Moderate
R07360,Village Road,12.95,1,9.88,2,2100.9,2.33,30.09,27.79,5,2,0,0,0,1,0.09648680290918156,Safe
R07361,District Road,11.53,1,5.49,2,1944.3,12.08,37.21,18.2,2,1,0,0,0,1,0.10656929034242353,Safe
R07362,District Road,4.91,0,5.97,1,402.2,27.63,79.53,32.53,1,3,0,0,0,1,0.09304362701915542,Safe
R07363,District Road,18.4,0,10.59,1,1196.2,15.09,110.59,23.2,1,1,0,1,0,1,0.317597221439743,Moderate
R07364,Village Road,4.23,0,3.47,1,117.5,7.48,17.16,23.21,4,4,0,0,0,1,0.038339126684367675,Safe
R07365,District Road,16.0,3,11.35,2,1102.3,38.27,28.86,19.46,1,3,0,0,0,1,0.23943563215099584,Safe
R07366,State Highway,19.35,2,3.01,0,1765.5,44.32,115.75,11.31,2,1,0,1,0,0,0.5396286778604232,High
R07367,District Road,14.68,1,11.45,0,618.8,0.75,19.98,16.75,3,2,0,0,0,1,0.04718871833177394,Safe
R07368,District Road,19.86,3,7.09,3,2034.6,4.02,22.5,30.46,2,2,0,0,0,1,0.20377674406762383,Safe
R07369,State Highway,13.2,1,3.92,1,180.3,22.47,150.15,16.49,4,1,0,1,0,1,0.4493071209016377,Moderate
R07370,Village Road,4.74,2,9.07,0,134.7,15.2,74.18,20.31,0,0,1,1,0,0,0.5756812656411965,High
R07371,District Road,4.47,0,11.06,1,117.3,35.2,38.48,25.85,1,4,0,1,0,1,0.28047088798455583,Moderate
R07372,District Road,6.83,1,6.94,0,736.1,29.44,216.48,17.06,2,1,1,1,1,0,0.7627007028555886,Critical
R07373,Highway,0.64,0,9.22,0,1194.4,3.08,98.68,30.3,0,2,0,0,0,1,0.012116950754407857,Safe
R07374,District Road,13.79,1,11.81,0,313.2,24.52,65.22,32.47,2,0,0,0,0,1,0.11401083937842219,Safe
R07375,Highway,5.74,0,5.17,1,2492.0,15.14,39.24,11.54,0,2,0,0,0,1,0.1521765508629273,Safe
R07376,Highway,16.4,0,10.38,0,2498.9,43.43,66.88,24.36,0,2,0,0,0,1,0.1033141092929899,Safe
R07377,District Road,7.5,0,5.66,1,1323.5,21.39,84.57,18.74,3,0,0,0,0,1,0.09539606875429782,Safe
R07378,District Road,9.86,1,6.84,0,1441.6,41.74,105.49,23.86,3,0,0,0,0,1,0.21721541441200104,Safe
R07379,District Road,19.33,2,5.54,0,2320.7,1.36,199.34,23.67,1,0,1,0,0,1,0.3887735790653969,Moderate
R07380,Highway,5.22,1,7.01,2,1936.0,4.65,78.36,10.25,4,1,0,0,0,1,0.16446242464353117,Safe
R07381,District Road,14.56,2,3.05,2,461.5,17.38,71.06,26.21,0,0,0,1,0,0,0.4070266023196477,Moderate
R07382,State Highway,15.22,1,5.73,2,1991.6,39.91,90.99,15.4,4,2,1,0,0,1,0.42734541408887106,Moderate
R07383,Village Road,4.81,1,7.01,0,615.8,24.51,51.6,23.98,3,2,1,0,0,1,0.32631604063489666,Moderate
R07384,District Road,10.27,0,8.69,0,1104.1,37.09,41.24,32.38,2,2,0,1,0,1,0.3779967645120263,Moderate
R07385,District Road,7.33,3,8.74,2,1354.6,12.76,70.68,14.81,0,2,0,0,0,1,0.25565025964250876,Moderate
R07386,State Highway,15.55,0,8.25,0,1806.6,5.02,55.19,16.75,1,3,1,1,0,1,0.49333374736460944,Moderate
R07387,Highway,12.64,1,5.64,2,417.9,11.07,57.47,11.59,3,4,0,0,0,1,0.12623614074640227,Safe
R07388,Village Road,9.78,1,11.53,1,236.6,29.04,199.0,22.29,0,3,1,0,0,1,0.43833711970908834,Moderate
R07389,State Highway,15.7,1,6.53,2,2172.0,39.21,56.07,31.75,2,3,1,0,0,1,0.4080332067643296,Moderate
R07390,District Road,5.09,0,4.95,1,2075.6,20.47,79.65,23.62,1,2,0,0,0,1,0.046843336491202744,Safe
R07391,District Road,15.2,1,7.99,1,1332.0,8.71,103.36,18.81,4,0,0,0,0,1,0.08140759697004257,Safe
R07392,Highway,17.37,2,9.74,0,1672.8,28.69,37.62,32.65,3,0,1,0,1,0,0.42696846909019304,Moderate
R07393,Village Road,17.63,2,3.11,2,1812.3,8.86,67.67,23.31,0,2,1,0,1,0,0.4257399821632663,Moderate
R07394,District Road,15.78,3,5.49,2,1217.5,25.66,37.59,34.34,1,1,0,0,0,1,0.21986963285931382,Safe
R07395,State Highway,8.46,0,10.42,0,680.2,4.6,121.81,28.76,0,1,0,0,0,1,0.12582054065162912,Safe
R07396,Highway,19.65,1,7.56,1,1229.4,36.5,149.1,32.78,0,1,1,1,0,1,0.621083235105449,High
R07397,State Highway,7.9,0,6.68,1,2379.5,36.23,48.76,26.21,8,0,0,0,0,1,0.13665144399384693,Safe
R07398,Village Road,12.95,3,11.38,1,2102.7,24.36,100.32,34.73,0,1,1,1,0,0,0.660418278396936,High
R07399,District Road,3.64,0,3.81,0,1190.6,1.72,66.3,23.14,0,2,0,0,0,1,0.06086717822805078,Safe
R07400,State Highway,19.62,1,8.54,3,602.7,12.61,112.28,26.02,1,2,0,1,0,1,0.3380041501144022,Moderate
R07401,Highway,14.23,3,6.08,1,2229.6,6.22,35.02,13.36,2,3,0,0,0,1,0.18964335554070405,Safe
R07402,District Road,15.19,1,3.64,3,1613.7,23.56,100.59,33.42,2,2,0,0,0,1,0.21162063646592366,Safe
R07403,District Road,1.78,1,4.92,2,1041.6,4.58,98.7,18.37,1,5,0,0,0,1,0.03901135896905086,Safe
R07404,District Road,15.39,0,8.65,0,323.6,39.14,72.91,26.63,3,0,1,0,0,1,0.31658727035256984,Moderate
R07405,State Highway,15.61,1,3.25,0,1891.8,38.26,120.04,19.01,3,1,0,0,0,1,0.1938084832435637,Safe
R07406,State Highway,13.6,3,8.33,2,826.6,7.02,146.08,32.13,2,2,1,0,0,0,0.4784187265249533,Moderate
R07407,District Road,6.19,1,11.61,1,1535.4,31.27,195.14,12.76,2,1,1,1,0,1,0.7062201435691915,High
R07408,Village Road,10.05,0,10.16,0,1445.6,31.34,33.22,32.54,0,0,1,0,0,1,0.34851292423730706,Moderate
R07409,State Highway,2.65,0,6.11,3,1764.1,17.85,124.77,25.64,2,1,0,0,0,1,0.1111245559771243,Safe
R07410,District Road,9.7,0,4.24,1,1367.2,6.88,17.01,33.91,3,0,0,0,0,1,0.04592730063848617,Safe
R07411,District Road,5.25,1,7.19,1,1594.5,5.94,95.35,22.59,1,1,0,1,0,1,0.3230087568197678,Moderate
R07412,District Road,7.31,0,6.54,1,249.8,33.28,70.6,22.33,1,0,1,0,0,1,0.30241317246677574,Moderate
R07413,State Highway,3.67,1,11.75,2,1679.9,9.91,94.92,18.97,3,0,1,0,0,1,0.3564948932308584,Moderate
R07414,Village Road,4.99,1,11.91,0,525.8,27.16,100.57,18.23,2,1,1,1,0,1,0.5713658505868044,High
R07415,District Road,1.99,2,6.7,1,1010.4,38.96,34.29,13.08,2,2,0,1,0,0,0.3403778154466564,Moderate
R07416,District Road,18.44,0,4.34,1,1305.7,26.69,68.48,18.18,2,1,0,0,1,1,0.1702302407760094,Safe
R07417,State Highway,10.84,2,11.2,2,1732.8,43.83,24.98,25.23,7,5,0,0,0,1,0.26073914445344537,Moderate
R07418,State Highway,8.24,1,10.14,2,1868.9,29.05,87.85,12.11,1,1,1,1,0,1,0.6547505482183116,High
R07419,Highway,10.93,1,7.6,1,1777.1,14.16,25.03,14.65,5,0,0,1,0,1,0.33989910413762503,Moderate
R07420,District Road,12.75,3,6.29,2,283.0,38.36,26.75,31.5,4,1,0,1,0,0,0.5237205875854682,High
R07421,State Highway,18.48,0,7.03,1,997.9,13.99,31.22,12.28,2,1,0,0,0,1,0.057830056633484825,Safe
R07422,District Road,3.98,1,11.12,1,737.6,43.72,52.98,16.03,2,1,0,0,0,1,0.1432351671170296,Safe
R07423,State Highway,6.26,0,4.66,3,1026.1,21.5,21.43,10.1,5,2,0,0,0,1,0.09928475308535578,Safe
R07424,District Road,19.53,1,10.26,1,1634.8,42.9,73.78,27.97,0,0,1,0,0,1,0.3517105087815418,Moderate
R07425,District Road,7.74,1,3.16,3,522.7,8.26,143.46,31.27,2,0,0,0,0,1,0.16712722805600855,Safe
R07426,State Highway,0.94,0,11.29,2,1280.1,0.51,155.82,31.99,3,4,0,0,0,1,0.07497123266986606,Safe
R07427,Highway,3.38,1,7.5,0,2217.9,8.83,88.46,32.5,0,2,0,0,0,1,0.14632620015154,Safe
R07428,State Highway,1.01,1,5.04,2,1841.3,4.43,128.04,20.09,3,2,0,0,0,1,0.09356198813644051,Safe
R07429,District Road,19.8,2,3.03,0,1827.1,33.03,45.21,23.99,1,1,0,0,0,1,0.14454632420695662,Safe
R07430,District Road,5.94,0,8.04,1,2129.4,11.9,100.43,26.94,1,1,0,0,0,1,0.14530600194580068,Safe
R07431,State Highway,18.51,0,5.2,1,1028.2,28.78,78.56,32.87,1,2,0,1,0,1,0.39100758741286235,Moderate
R07432,District Road,19.92,1,8.68,2,1910.7,30.09,144.88,29.91,1,3,1,1,0,1,0.6405840136398122,High
R07433,State Highway,12.2,0,5.53,0,193.8,30.97,135.16,22.23,2,0,1,0,0,1,0.37553030505668505,Moderate
R07434,State Highway,1.15,1,3.79,2,188.2,37.47,76.89,22.74,2,1,0,1,0,1,0.4291457934014487,Moderate
R07435,Highway,2.09,0,7.55,3,862.9,6.7,37.18,18.41,3,1,0,0,0,1,0.06126921527053616,Safe
R07436,Village Road,9.89,0,8.08,0,532.3,2.27,210.83,10.29,2,3,1,1,1,1,0.6494527241438147,High
R07437,State Highway,8.42,2,7.07,2,1320.4,1.34,126.39,13.61,3,2,0,0,0,1,0.18449881117776687,Safe
R07438,State Highway,12.32,2,7.12,0,498.8,4.67,37.9,18.29,3,3,0,0,0,1,0.09052059937895643,Safe
R07439,State Highway,9.06,1,8.31,0,2440.2,17.06,126.42,25.15,2,1,0,0,0,1,0.12466755306099989,Safe
R07440,Highway,18.71,2,7.74,3,2135.2,43.53,248.09,27.85,0,0,1,1,0,0,0.8179590726691024,Critical
R07441,District Road,10.93,2,4.19,1,2457.2,15.9,158.88,32.28,2,3,0,0,1,1,0.297704652500133,Moderate
R07442,Highway,14.03,1,4.77,1,2029.0,20.38,48.35,23.86,3,0,0,0,0,1,0.10835213091013607,Safe
R07443,Highway,17.98,3,4.28,1,2380.2,36.65,151.12,19.85,1,2,1,0,0,0,0.5043387106947387,High
R07444,District Road,3.36,1,9.24,0,951.9,41.34,79.52,27.29,2,1,1,1,0,1,0.5447668781858043,High
R07445,State Highway,4.98,1,7.76,2,1269.9,43.71,46.26,19.8,5,1,0,1,0,1,0.44010588794678573,Moderate
R07446,District Road,2.59,1,6.87,0,637.5,37.19,50.5,12.71,2,1,0,0,0,1,0.2528329962788454,Moderate
R07447,District Road,3.22,3,10.19,0,1607.7,22.61,54.22,10.1,2,0,0,1,0,0,0.3662616102470221,Moderate
R07448,State Highway,10.5,0,5.93,3,1981.2,10.33,126.21,27.71,2,3,1,1,0,1,0.6239103509947029,High
R07449,District Road,6.76,0,8.11,3,1271.9,26.93,50.41,32.48,1,2,0,0,0,1,0.19674731005087473,Safe
R07450,Highway,8.75,0,3.67,1,776.1,8.86,74.55,26.95,0,2,0,0,0,1,0.10545433248225919,Safe
R07451,District Road,19.66,0,9.7,0,1293.8,2.51,101.28,10.69,4,2,0,0,0,1,0.13654593246184576,Safe
R07452,District Road,3.56,0,9.26,1,204.1,41.37,74.04,15.48,1,2,0,0,0,1,0.14334747160314076,Safe
R07453,State Highway,11.05,2,10.22,2,1816.7,21.82,44.6,33.66,1,0,1,1,0,0,0.6015162896585761,High
R07454,District Road,2.43,1,10.96,0,1156.4,22.87,75.59,27.74,0,1,0,1,0,1,0.36167153823015685,Moderate
R07455,Village Road,6.71,0,9.82,0,2250.7,27.41,82.16,28.44,0,2,1,0,0,1,0.35198513321197955,Moderate
R07456,Village Road,10.79,2,10.6,2,2312.0,20.31,78.32,30.16,0,3,0,0,0,1,0.23468338739377775,Safe
R07457,District Road,18.96,1,6.11,1,357.5,20.0,77.15,32.81,2,3,0,0,0,1,0.1627408799521999,Safe
R07458,District Road,8.13,1,6.09,0,2490.5,41.18,69.76,20.98,1,1,0,0,0,1,0.17060493758175313,Safe
R07459,State Highway,1.77,1,11.5,0,2426.1,36.74,46.95,20.75,1,3,1,1,0,1,0.5805777304862583,High
R07460,State Highway,8.07,2,11.23,2,1586.5,9.57,105.85,10.58,0,0,0,0,0,1,0.20733781626456002,Safe
R07461,District Road,3.34,0,7.94,1,2072.3,13.13,69.57,33.43,2,1,1,0,0,1,0.37900774674338344,Moderate
R07462,State Highway,4.98,0,6.3,0,95.2,29.73,49.6,13.26,3,0,0,0,0,1,0.1108499951937828,Safe
R07463,Village Road,12.55,0,10.79,2,2427.4,25.7,83.71,21.27,1,2,1,0,0,1,0.2986789685376181,Moderate
R07464,State Highway,1.81,2,5.91,2,1168.0,34.48,86.69,25.0,2,0,0,0,0,1,0.22376362784781084,Safe
R07465,State Highway,9.56,1,4.38,0,2278.8,32.74,100.45,34.84,1,1,0,1,0,1,0.38870627538730107,Moderate
R07466,State Highway,12.38,0,8.76,1,993.6,31.88,83.51,19.98,3,1,0,0,0,1,0.13382501676621908,Safe
R07467,Village Road,8.73,0,3.38,0,1981.0,39.61,201.67,26.72,2,0,1,0,0,1,0.359957758951194,Moderate
R07468,District Road,0.87,1,6.41,1,1074.0,34.49,26.11,33.82,1,2,0,0,0,1,0.12281857823414448,Safe
R07469,District Road,19.72,1,10.27,0,938.6,10.93,43.7,24.29,1,2,0,0,0,1,0.1215465180897812,Safe
R07470,State Highway,7.66,1,5.66,1,2369.6,39.28,157.94,23.36,2,0,1,1,1,0,0.625950837344696,High
R07471,Village Road,15.68,2,11.38,1,1762.8,15.1,46.4,24.33,0,1,0,1,0,0,0.3950141186568816,Moderate
R07472,Highway,6.85,3,11.6,1,2108.2,40.99,47.23,30.45,0,1,1,0,0,0,0.478195973959871,Moderate
R07473,Village Road,9.76,0,10.34,1,1381.2,37.09,123.19,11.06,2,0,1,1,0,1,0.5918400883520707,High
R07474,District Road,8.08,1,11.89,0,2300.0,3.33,33.57,29.0,2,3,0,0,0,1,0.004254784410791912,Safe
R07475,State Highway,7.18,0,7.78,3,1862.9,34.71,101.66,14.31,0,5,0,1,0,1,0.3256906795545192,Moderate
R07476,District Road,0.93,2,8.12,0,226.8,22.51,78.28,29.18,1,1,0,0,0,1,0.17219712546909577,Safe
R07477,District Road,7.52,1,10.53,1,1928.8,43.97,169.16,30.0,0,2,1,0,0,1,0.4298275934997789,Moderate
R07478,Highway,17.85,0,7.44,0,95.8,20.63,135.25,25.65,3,5,1,0,0,1,0.3260212252982844,Moderate
R07479,Village Road,13.96,2,6.66,2,2081.2,3.02,34.44,20.98,3,1,0,0,0,1,0.17262338657652906,Safe
R07480,District Road,3.34,2,8.53,0,863.1,13.19,87.06,28.31,1,1,1,0,0,1,0.4085215405135651,Moderate
R07481,State Highway,12.03,0,8.92,0,1515.8,19.36,65.3,10.48,1,3,0,0,0,1,0.16016651604369964,Safe
R07482,Highway,17.9,0,9.76,1,1886.0,26.64,151.19,26.22,5,1,1,0,0,1,0.48149632602707004,Moderate
R07483,District Road,14.15,0,9.01,0,1610.6,6.84,120.5,15.81,3,2,0,0,0,1,0.12241327463731838,Safe
R07484,District Road,3.4,1,9.71,1,1697.3,23.18,155.07,26.51,5,1,1,0,1,1,0.4846735113560485,Moderate
R07485,District Road,17.42,2,9.07,0,2237.0,21.76,29.42,13.44,5,0,0,1,0,0,0.36449633507786633,Moderate
R07486,District Road,6.38,1,7.32,0,966.2,37.65,27.21,14.49,0,3,0,0,0,1,0.14191224429271376,Safe
R07487,District Road,9.35,1,4.21,2,1390.5,13.61,57.58,21.3,1,3,0,0,0,1,0.17659631540063878,Safe
R07488,Village Road,10.76,2,10.07,0,478.6,20.23,126.87,23.25,0,2,1,0,0,1,0.38480981682084664,Moderate
R07489,District Road,17.08,1,3.28,0,1195.5,17.49,41.44,20.41,7,2,0,0,0,1,0.16097135435522883,Safe
R07490,Village Road,18.67,1,11.93,0,417.6,28.45,60.18,25.28,3,1,0,0,0,1,0.15759216286058772,Safe
R07491,Highway,18.63,1,10.46,0,1602.3,37.63,56.78,11.34,2,0,0,0,0,1,0.15665421623460046,Safe
R07492,State Highway,0.66,2,9.04,0,844.4,30.4,17.74,14.83,1,6,0,0,0,1,0.21209031498961073,Safe
R07493,State Highway,18.48,0,11.7,0,2154.6,20.93,46.58,10.09,4,1,0,0,0,1,0.07975705319091562,Safe
R07494,District Road,1.56,0,8.51,0,891.8,28.7,29.15,24.15,2,2,0,0,0,1,0.10546842365932439,Safe
R07495,Village Road,5.68,0,3.51,2,752.7,14.5,204.48,27.27,0,0,1,1,0,1,0.5976019864636031,High
R07496,Highway,10.54,2,8.03,0,1253.6,6.48,89.81,22.09,5,2,0,0,0,1,0.11945262539808604,Safe
R07497,Highway,9.86,1,5.49,2,479.6,14.39,46.97,21.53,2,1,0,0,0,1,0.16278458130509965,Safe
R07498,Village Road,12.29,0,6.33,2,549.3,19.97,44.26,20.64,2,2,0,0,1,1,0.16363822904833156,Safe
R07499,State Highway,9.85,3,7.14,0,1968.7,19.77,113.5,18.4,1,0,1,1,0,0,0.6711095461873844,High
R07500,District Road,18.72,3,9.97,0,1268.2,33.19,68.95,24.71,3,1,0,0,0,1,0.23938745496724162,Safe
R07501,District Road,5.19,3,7.53,0,555.5,42.14,128.84,10.15,1,3,0,0,0,1,0.2651081369917718,Moderate
R07502,Village Road,5.84,0,7.27,1,127.2,17.5,58.18,24.89,0,1,1,0,0,1,0.31995755397989845,Moderate
R07503,Highway,18.45,2,5.72,2,1192.9,3.89,48.06,22.25,3,0,0,0,0,1,0.1489945427259679,Safe
R07504,Highway,2.0,0,7.86,1,1869.4,1.5,10.99,25.64,5,0,0,0,0,1,0.04593919572280172,Safe
R07505,District Road,12.39,0,5.24,1,910.4,0.18,114.57,31.36,3,0,1,0,0,1,0.2759158889380688,Moderate
R07506,Village Road,13.79,1,5.35,0,657.5,42.21,117.79,30.72,6,1,1,0,1,1,0.5208410668426103,High
R07507,District Road,10.36,1,9.82,2,1021.1,44.8,175.17,30.18,8,1,1,0,0,1,0.5363891930896266,High
R07508,State Highway,14.04,0,6.08,1,2399.9,2.31,31.39,20.29,0,2,0,0,0,1,0.09496194743592734,Safe
R07509,District Road,3.87,1,3.46,3,1086.7,16.12,273.56,19.75,7,2,1,0,0,1,0.5746604681564268,High
R07510,Village Road,17.13,2,6.09,1,686.1,30.12,35.17,15.17,2,2,0,0,0,1,0.13816250007848846,Safe
R07511,Village Road,3.23,1,8.75,0,1444.6,8.05,160.54,10.79,0,3,1,0,0,1,0.3171945720937369,Moderate
R07512,Village Road,8.32,1,10.33,2,2036.3,26.75,46.7,22.63,1,0,0,1,0,1,0.4020981156365342,Moderate
R07513,Highway,1.97,0,11.66,1,104.7,36.61,91.54,34.37,5,0,0,0,1,1,0.30599992543807397,Moderate
R07514,Highway,11.13,3,9.72,2,1417.3,38.61,69.25,28.8,0,2,0,0,0,1,0.3405619026206683,Moderate
R07515,District Road,13.56,0,6.86,1,2099.0,31.79,263.01,23.69,4,1,1,0,0,1,0.5159698876688094,High
R07516,Village Road,18.85,1,5.69,2,578.3,3.68,15.16,17.45,5,4,0,0,0,1,0.15675254492373858,Safe
R07517,State Highway,14.92,0,4.17,3,2308.1,15.68,143.36,13.05,3,1,0,0,0,1,0.15026566944194575,Safe
R07518,State Highway,11.05,2,8.65,1,1465.4,43.53,52.73,16.59,3,7,0,0,0,1,0.20689059189188302,Safe
R07519,Village Road,18.69,0,7.59,0,1316.0,8.67,151.71,23.36,3,3,0,0,0,1,0.15489420058412712,Safe
R07520,Highway,9.83,1,9.1,1,2411.0,20.43,131.81,25.6,3,1,1,0,0,1,0.39002180321125723,Moderate
R07521,State Highway,11.44,1,5.13,3,367.6,15.04,62.78,19.15,1,2,0,0,0,1,0.15166915221164481,Safe
R07522,District Road,12.12,2,5.91,1,1863.3,9.25,101.47,12.62,2,1,1,1,0,0,0.7129912102738523,High
R07523,District Road,8.49,0,5.63,3,2055.5,14.56,96.51,16.57,2,2,0,0,0,1,0.145814352861804,Safe
R07524,District Road,16.85,1,10.18,1,1247.0,8.53,89.2,16.43,1,0,0,0,0,1,0.1183488834240441,Safe
R07525,State Highway,4.11,0,4.54,3,65.9,39.48,82.46,23.38,1,2,0,1,1,1,0.4947988963229329,Moderate
R07526,District Road,11.32,3,8.48,0,1334.6,7.85,178.24,12.58,3,5,0,1,0,0,0.4279200437124696,Moderate
R07527,District Road,14.58,1,3.46,1,426.1,28.06,120.55,17.21,3,0,0,0,0,1,0.20836390636370875,Safe
R07528,District Road,18.13,1,7.95,1,1428.3,42.4,191.83,18.59,2,0,1,1,0,1,0.7593949075226938,Critical
R07529,District Road,17.74,1,3.58,2,1859.6,42.87,56.22,23.18,1,4,0,1,0,1,0.3817760768502414,Moderate
R07530,State Highway,10.42,0,4.58,0,1351.1,27.02,99.24,17.47,5,0,1,0,1,1,0.4559780964796252,Moderate
R07531,Highway,13.04,0,4.02,3,1595.5,12.19,84.86,13.75,7,2,1,0,0,1,0.36773830314107936,Moderate
R07532,Highway,8.19,1,6.12,3,304.7,11.16,115.83,10.64,3,0,0,1,0,1,0.3737932554815418,Moderate
R07533,State Highway,9.63,3,6.09,2,287.8,33.64,21.19,14.33,1,1,0,0,0,1,0.1987898937689689,Safe
R07534,District Road,18.17,1,10.44,0,2134.8,44.13,179.55,30.62,4,2,1,0,0,1,0.5301340624578509,High
R07535,Village Road,18.65,2,5.03,0,170.9,3.49,142.79,18.76,3,1,0,0,1,1,0.27555569129398993,Moderate
R07536,District Road,17.96,0,3.78,1,746.5,35.53,31.75,23.47,2,4,0,0,0,1,0.12118186190710739,Safe
R07537,Village Road,3.2,3,8.43,2,2347.4,5.53,43.18,22.25,2,1,0,1,1,0,0.5941006677719058,High
R07538,State Highway,17.08,1,9.19,0,1174.2,13.42,130.59,16.91,3,3,0,1,0,1,0.3451080862861378,Moderate
R07539,District Road,18.99,1,5.65,1,1702.6,25.5,46.52,31.09,3,2,0,0,0,1,0.21696636385479356,Safe
R07540,State Highway,7.54,1,8.43,1,593.1,13.38,63.77,33.47,0,1,1,0,1,1,0.4355322228611405,Moderate
R07541,State Highway,10.61,2,9.98,2,712.8,29.26,70.47,15.31,0,1,1,0,0,1,0.4329417092032333,Moderate
R07542,Highway,15.69,2,6.13,1,1297.1,18.77,32.06,30.19,3,1,0,0,0,1,0.18326247871949203,Safe
R07543,District Road,11.46,1,7.73,2,1613.3,9.86,43.96,28.89,3,1,0,0,0,1,0.1479825980225111,Safe
R07544,Village Road,19.87,1,4.32,0,2403.1,23.89,50.04,30.96,1,0,0,0,0,1,0.12253828692970208,Safe
R07545,State Highway,9.39,0,3.21,0,1457.3,1.08,151.01,20.22,1,2,1,0,0,1,0.3273159653749203,Moderate
R07546,Highway,14.42,0,11.83,3,285.1,33.35,188.39,27.16,2,1,1,0,1,1,0.585751212233979,High
R07547,Village Road,15.96,0,5.7,1,949.0,23.5,34.62,14.75,0,0,0,0,0,1,0.031571892730677474,Safe
R07548,State Highway,10.13,1,5.51,3,648.2,42.6,81.2,34.2,1,1,0,0,0,1,0.3078729541696328,Moderate
R07549,Village Road,17.21,1,11.76,0,673.3,4.63,34.84,28.07,2,2,0,0,0,1,0.08728022173375602,Safe
R07550,District Road,11.15,2,9.55,1,1288.2,32.95,62.45,11.91,1,4,0,0,0,1,0.22450866020720975,Safe
R07551,Village Road,8.53,2,8.27,1,825.8,13.54,32.31,31.95,0,4,0,0,0,1,0.16251058790564363,Safe
R07552,District Road,2.6,0,9.29,3,758.8,16.79,44.91,33.98,2,1,0,0,0,1,0.14597177721227222,Safe
R07553,District Road,8.17,2,9.39,3,2421.6,15.68,52.34,18.34,4,0,0,0,0,1,0.20327157993134604,Safe
R07554,District Road,14.81,0,9.87,0,1480.7,16.11,92.95,23.47,4,2,0,0,1,1,0.1444581150842796,Safe
R07555,District Road,18.47,2,3.6,0,691.4,19.39,136.5,34.8,2,1,0,0,0,1,0.14718869563760548,Safe
R07556,District Road,5.41,0,6.72,2,725.9,0.95,99.91,21.27,1,3,0,0,0,1,0.09782893368420001,Safe
R07557,State Highway,7.43,2,5.66,2,2037.0,38.1,65.96,26.64,5,1,0,0,0,1,0.1996099619967781,Safe
R07558,District Road,3.5,1,3.64,2,2221.9,39.68,157.1,21.31,5,0,1,0,0,1,0.5214598202062082,High
R07559,District Road,13.97,1,6.71,2,1713.6,1.78,69.21,11.89,1,1,0,0,0,1,0.15071925443738574,Safe
R07560,Village Road,19.22,1,8.55,0,1107.0,34.92,102.15,22.74,5,2,0,0,0,1,0.2240633196356804,Safe
R07561,District Road,13.0,0,4.61,1,1923.2,3.25,113.24,30.67,2,1,1,0,0,1,0.31720870036945337,Moderate
R07562,District Road,12.53,0,5.75,2,2346.6,36.35,171.91,11.04,2,0,0,0,0,1,0.23835297970735989,Safe
R07563,Highway,11.29,1,8.75,0,457.2,27.58,156.93,21.02,1,0,0,0,0,1,0.21283550757684508,Safe
R07564,District Road,2.22,2,8.21,2,2161.2,13.79,64.82,30.56,0,2,0,1,0,0,0.4173572637998604,Moderate
R07565,District Road,14.73,1,10.82,3,2129.6,27.62,140.53,18.84,3,0,1,0,0,1,0.4190175931302214,Moderate
R07566,Village Road,12.24,0,10.12,2,947.9,22.8,72.61,34.44,0,2,0,0,0,1,0.11457874295597703,Safe
R07567,Village Road,13.4,1,11.69,0,764.9,28.61,184.33,19.58,1,0,1,0,0,1,0.3939247326031724,Moderate
R07568,Highway,18.03,1,8.37,1,1435.0,21.39,60.09,29.58,1,1,0,1,0,1,0.3140652667939163,Moderate
R07569,Village Road,15.79,1,9.29,1,717.1,34.78,71.57,16.14,5,2,0,0,0,1,0.19868395539360126,Safe
R07570,Highway,15.73,2,10.74,0,406.2,2.04,54.92,18.31,0,0,0,0,0,1,0.15572780543561948,Safe
R07571,State Highway,18.58,1,10.56,3,2385.0,15.49,49.77,28.03,5,0,0,1,0,1,0.3624640079705837,Moderate
R07572,District Road,19.8,0,9.47,0,1253.8,25.17,122.69,11.43,1,1,1,1,1,1,0.7276225483576574,High
R07573,Highway,11.84,0,7.5,2,1207.0,26.47,30.92,12.34,4,2,0,0,0,1,0.14258361982236717,Safe
R07574,District Road,2.62,1,5.46,1,359.0,7.63,50.65,16.67,1,0,0,0,0,1,0.08776018314020673,Safe
R07575,Highway,9.45,1,10.89,1,1285.2,3.35,92.75,16.27,0,0,1,0,0,1,0.3881533658080793,Moderate
R07576,State Highway,15.86,0,9.99,0,1869.9,0.94,85.11,11.65,2,2,0,0,0,1,0.0716623278505324,Safe
R07577,District Road,1.04,3,10.54,0,657.7,18.59,114.28,34.3,4,3,1,0,0,0,0.4672242776376278,Moderate
R07578,District Road,1.61,0,4.27,1,953.8,14.87,193.25,17.34,2,0,1,1,0,1,0.5401534189690216,High
R07579,Village Road,1.81,1,5.83,2,488.3,25.55,30.79,28.06,1,2,0,0,0,1,0.14344922894422876,Safe
R07580,District Road,14.76,0,6.82,2,919.9,20.23,42.13,19.83,2,2,0,0,0,1,0.12913027977824468,Safe
R07581,District Road,10.27,2,10.55,0,2160.1,17.73,123.26,34.77,3,2,1,0,0,1,0.3725884336290757,Moderate
R07582,State Highway,7.69,2,11.04,0,630.8,37.95,74.05,13.51,1,0,0,1,0,0,0.38664404030984845,Moderate
R07583,Highway,2.56,0,5.56,2,122.4,27.97,32.84,19.36,1,1,1,1,0,1,0.5151913029696258,High
R07584,Highway,14.78,3,9.18,2,1363.7,29.07,19.49,20.79,2,1,0,0,0,1,0.24417127253673843,Safe
R07585,District Road,6.76,0,3.7,0,1469.8,17.18,77.33,27.93,2,0,1,0,0,1,0.1974707734141539,Safe
R07586,District Road,5.67,1,6.69,0,855.8,34.96,154.11,22.4,0,2,0,0,0,1,0.1653288889229721,Safe
R07587,District Road,13.22,2,7.38,0,1621.8,6.84,92.53,28.76,3,1,1,0,1,0,0.5053778142086438,High
R07588,District Road,11.4,2,9.89,0,142.9,18.09,83.89,31.03,2,3,0,0,0,1,0.2045628908811686,Safe
R07589,District Road,7.57,3,11.03,0,884.4,2.12,63.34,17.23,2,3,0,0,0,1,0.13415078493395335,Safe
R07590,Highway,13.01,2,6.04,1,404.2,5.19,48.18,30.1,2,2,0,0,0,1,0.16585017489690793,Safe
R07591,State Highway,5.79,3,7.75,3,613.0,3.67,46.42,22.29,1,0,0,0,0,1,0.19376068588406042,Safe
R07592,Village Road,16.0,0,8.83,0,987.2,19.86,132.83,11.91,1,3,1,0,1,1,0.3968524752979162,Moderate
R07593,District Road,4.97,0,5.96,2,1258.9,31.38,49.27,17.43,2,0,0,0,0,1,0.092039826680477,Safe
R07594,Village Road,3.6,1,11.87,1,278.3,14.07,33.1,30.07,3,3,0,0,0,1,0.06661484114255034,Safe
R07595,Highway,15.76,2,10.88,3,298.2,1.2,104.84,19.72,3,0,1,0,1,0,0.4777632356863614,Moderate
R07596,Village Road,14.3,1,5.67,2,1701.4,31.82,189.72,12.33,1,0,0,0,0,1,0.29668399872861373,Moderate
R07597,State Highway,4.06,0,7.57,2,1040.1,9.33,231.52,25.96,4,2,0,0,0,1,0.1908238087985256,Safe
R07598,Highway,2.77,2,5.08,1,482.5,32.52,183.76,31.26,1,3,0,0,0,1,0.26158155678572376,Moderate
R07599,Village Road,16.85,3,7.63,2,625.5,0.33,73.32,13.32,3,2,0,1,0,0,0.40699976497443485,Moderate
R07600,State Highway,15.64,1,9.15,1,1814.1,14.06,38.25,23.58,2,0,0,0,0,1,0.13384634984163435,Safe
R07601,District Road,6.88,0,3.77,0,176.8,27.96,111.65,15.19,0,2,0,0,0,1,0.12264771168674737,Safe
R07602,State Highway,13.33,0,10.83,3,1296.4,39.2,221.94,18.44,0,3,1,1,0,1,0.6613602579217798,High
R07603,District Road,2.92,0,8.34,2,932.8,33.94,171.95,20.35,3,2,1,1,0,1,0.5854454209299434,High
R07604,Village Road,10.39,1,11.91,0,2037.3,20.23,113.6,10.13,1,2,0,1,0,1,0.4492455227840754,Moderate
R07605,State Highway,0.87,3,3.23,2,1985.8,32.33,70.97,18.89,0,1,0,0,0,1,0.20696605949756142,Safe
R07606,District Road,8.14,0,10.48,1,1738.5,24.19,76.22,17.74,2,1,1,0,0,1,0.28620135892892073,Moderate
R07607,State Highway,1.96,1,10.13,0,992.7,36.6,20.86,26.71,4,2,0,0,0,1,0.08056249756229283,Safe
R07608,District Road,9.77,1,4.2,1,1596.5,34.74,42.87,32.0,0,1,0,0,0,1,0.20413755320063465,Safe
R07609,State Highway,8.72,0,6.02,1,1617.6,43.91,47.86,12.63,1,1,1,0,0,1,0.3940893471872424,Moderate
R07610,State Highway,9.17,1,10.96,1,863.9,4.72,137.98,22.07,1,1,0,0,0,1,0.174300788156784,Safe
R07611,State Highway,1.38,2,7.67,0,2205.9,15.33,60.32,16.92,1,3,0,0,0,1,0.12296380444017432,Safe
R07612,State Highway,7.55,2,6.61,3,2462.9,8.66,60.88,34.69,3,1,0,0,0,1,0.229644285892263,Safe
R07613,Village Road,15.25,1,11.15,3,820.4,28.38,105.81,29.51,2,3,0,0,0,1,0.23860988385860027,Safe
R07614,State Highway,7.69,2,3.84,0,2013.0,29.88,56.87,12.95,4,0,0,0,0,1,0.20037431670289904,Safe
R07615,State Highway,14.45,0,7.26,1,1277.2,9.17,117.57,19.22,1,1,0,1,1,1,0.4311181017566233,Moderate
R07616,District Road,7.7,0,8.87,0,1185.9,18.97,137.04,12.78,1,0,1,0,0,1,0.2577051728396007,Moderate
R07617,State Highway,8.75,0,8.48,2,997.1,27.1,104.16,29.68,1,2,1,0,0,1,0.37229810447105444,Moderate
R07618,District Road,11.5,1,5.38,2,765.5,29.65,89.76,22.18,2,1,0,1,0,1,0.38878766843094564,Moderate
R07619,Village Road,19.04,0,8.07,1,2302.8,4.62,143.85,26.18,3,3,0,0,1,1,0.2504703677995926,Moderate
R07620,District Road,2.62,0,9.38,2,1865.0,41.45,58.22,24.37,1,1,0,0,0,1,0.1488068454095888,Safe
R07621,Village Road,1.14,1,8.26,2,1129.7,1.53,55.25,14.57,3,1,0,0,0,1,0.13496533744782033,Safe
R07622,District Road,12.36,1,9.16,1,1891.3,43.78,98.68,10.32,1,2,0,1,0,1,0.460184991203177,Moderate
R07623,State Highway,19.01,0,5.3,1,1810.6,14.23,11.65,31.76,3,1,0,1,0,1,0.1464335972456206,Safe
R07624,District Road,19.8,0,10.5,0,705.0,14.24,174.5,12.31,1,1,1,0,0,1,0.42091179534198064,Moderate
R07625,District Road,9.94,1,7.05,0,481.5,20.07,90.68,29.79,3,1,0,0,0,1,0.15260346825552842,Safe
R07626,District Road,9.63,0,11.89,1,2098.9,31.27,6.6,14.79,3,2,0,0,0,1,0.07231403756106394,Safe
R07627,Village Road,13.08,1,3.21,0,2037.9,7.18,282.41,31.32,3,2,1,0,0,1,0.4508479835361797,Moderate
R07628,District Road,11.33,2,6.42,0,2492.3,11.47,120.79,24.84,4,2,0,0,0,1,0.17029497178143368,Safe
R07629,Village Road,12.86,0,4.62,0,97.4,43.27,179.35,19.98,4,1,0,0,0,1,0.19041725309728033,Safe
R07630,Village Road,17.54,0,8.0,1,1373.9,39.46,104.77,26.46,1,2,0,0,0,1,0.16125165851810402,Safe
R07631,District Road,15.05,0,5.19,3,1768.2,9.56,61.16,16.84,1,1,0,0,0,1,0.1475297820739011,Safe
R07632,District Road,10.19,0,9.64,2,1477.2,25.79,17.32,20.46,2,2,0,0,0,1,0.12474420747882775,Safe
R07633,State Highway,9.51,3,10.94,2,1790.6,9.16,93.31,30.59,2,2,0,1,0,0,0.4339910549394319,Moderate
R07634,Village Road,12.97,1,4.9,2,386.3,24.75,116.0,10.22,2,1,1,1,1,0,0.7345951587215844,High
R07635,District Road,9.39,1,4.45,1,53.7,16.46,89.31,15.85,3,0,1,0,0,1,0.43589800362095255,Moderate
R07636,Highway,9.43,2,10.88,0,277.9,16.31,41.84,28.53,3,4,1,1,0,0,0.5224034330691988,High
R07637,State Highway,0.82,0,6.25,1,981.1,28.58,14.47,27.99,1,1,0,0,0,1,0.18204208072179462,Safe
R07638,District Road,3.89,0,6.91,0,855.9,11.33,49.69,14.09,3,2,0,0,0,1,0.07654692271035514,Safe
R07639,Highway,10.03,2,4.99,1,2191.3,18.19,65.68,34.57,7,2,1,0,0,1,0.3807794866228503,Moderate
R07640,Highway,16.54,2,6.83,0,254.6,41.64,33.15,26.91,1,0,0,0,0,1,0.1330784720889664,Safe
R07641,District Road,5.94,1,5.08,2,1134.6,33.99,28.95,19.28,1,3,1,0,0,1,0.3571803279732453,Moderate
R07642,State Highway,10.69,1,8.99,0,2396.7,17.25,95.53,18.77,2,1,1,0,0,1,0.38355503156138226,Moderate
R07643,District Road,7.23,2,7.49,0,1282.1,10.36,90.28,23.07,2,3,0,0,0,1,0.12225751609100391,Safe
R07644,State Highway,2.54,0,10.09,3,374.4,29.66,44.86,10.9,2,2,0,1,1,1,0.4037883888708417,Moderate
R07645,State Highway,19.19,0,5.81,0,763.6,36.35,51.3,27.86,1,2,0,1,0,1,0.3063968299688841,Moderate
R07646,District Road,17.17,0,7.55,1,1585.6,38.73,134.33,11.71,1,0,1,0,0,1,0.45492916721929094,Moderate
R07647,District Road,2.03,1,5.34,0,79.4,25.39,72.42,26.33,1,2,0,1,0,1,0.3444260112897166,Moderate
R07648,State Highway,14.54,0,11.41,0,2421.8,23.26,139.63,30.04,3,1,1,1,0,1,0.5871567680569648,High
R07649,State Highway,7.28,1,7.7,1,1439.1,32.38,64.12,32.63,2,1,0,0,0,1,0.16299950963717408,Safe
R07650,District Road,19.9,2,4.56,1,1775.1,7.91,76.63,13.69,2,1,0,0,0,1,0.1534115988756953,Safe
R07651,Highway,6.4,1,5.45,0,1272.5,38.35,81.0,28.64,4,3,0,0,0,1,0.10334459594807949,Safe
R07652,Highway,5.16,0,3.75,2,2396.9,3.33,129.11,34.58,1,1,0,0,0,1,0.1421127588047681,Safe
R07653,Highway,11.57,1,3.25,2,1493.6,27.14,79.28,11.7,0,1,1,0,0,1,0.41693157027934175,Moderate
R07654,Village Road,16.78,2,7.73,1,1671.9,26.54,33.1,10.71,0,0,0,0,0,1,0.1482744280378822,Safe
R07655,Village Road,4.25,0,6.03,0,2159.1,13.98,126.73,15.31,0,3,0,0,0,1,0.11228969262478992,Safe
R07656,Village Road,14.33,0,11.67,2,2160.8,1.6,47.24,15.13,1,2,0,0,0,1,0.14697663082406365,Safe
R07657,District Road,1.7,1,4.54,2,119.0,32.3,133.82,17.99,2,1,1,0,0,1,0.5005090916094669,High
R07658,District Road,18.42,0,10.15,0,744.1,1.09,83.99,33.09,0,1,0,0,0,1,0.0651678121776451,Safe
R07659,District Road,2.08,3,5.84,1,653.5,8.08,102.94,27.08,1,0,1,0,1,0,0.5593550818944718,High
R07660,District Road,18.33,1,5.01,0,66.3,24.49,27.11,10.27,1,3,0,0,0,1,0.12292210059178271,Safe
R07661,Highway,10.07,0,11.73,0,2198.1,42.3,97.45,22.38,4,0,0,0,1,1,0.3120513096624446,Moderate
R07662,District Road,9.24,2,10.22,0,827.0,2.97,19.58,31.89,1,2,0,0,0,1,0.16042439089543542,Safe
R07663,Village Road,19.48,1,8.68,3,900.0,26.05,30.46,23.36,3,0,0,0,0,1,0.1609602815410669,Safe
R07664,District Road,19.81,0,9.27,2,294.1,14.8,104.63,14.86,3,4,0,0,0,1,0.1425348249189831,Safe
R07665,State Highway,13.18,0,11.92,2,2474.8,30.12,29.43,33.85,0,2,0,0,0,1,0.06670379536269995,Safe
R07666,State Highway,2.98,1,8.34,0,2074.3,42.88,16.21,17.68,1,2,0,0,0,1,0.13788423274826667,Safe
R07667,District Road,10.37,0,3.92,0,1451.1,12.09,75.95,18.75,5,2,0,0,0,1,0.06456675416099696,Safe
R07668,District Road,10.82,0,3.58,0,1941.2,43.02,33.12,18.91,4,1,0,1,0,1,0.32933440061609814,Moderate
R07669,Village Road,10.53,0,9.0,1,1953.9,39.18,63.16,19.87,2,3,1,0,0,1,0.37012278848875635,Moderate
R07670,State Highway,11.61,0,8.92,0,1659.0,27.32,43.73,27.72,3,1,0,0,0,1,0.09824671180774569,Safe
R07671,Village Road,0.87,1,9.73,0,476.3,34.12,58.75,17.86,3,2,0,0,0,1,0.18059363153022484,Safe
R07672,District Road,14.37,2,3.98,0,1814.8,38.92,90.08,21.63,1,2,0,0,0,1,0.24496277020919804,Safe
R07673,Village Road,14.39,2,11.5,2,1445.6,36.16,98.47,16.59,2,0,0,0,0,1,0.16718164653455042,Safe
R07674,District Road,2.75,1,7.96,1,1824.0,14.7,130.78,22.7,2,2,0,0,0,1,0.16520489486080775,Safe
R07675,District Road,11.62,3,8.85,0,1381.5,36.57,100.35,33.68,3,4,1,1,0,0,0.7185694197182007,High
R07676,District Road,11.58,0,3.31,2,2393.0,14.11,91.74,17.24,1,1,0,0,0,1,0.20927262970808017,Safe
R07677,District Road,13.81,0,11.65,2,1586.2,39.02,134.27,30.41,2,1,0,0,0,1,0.16022554330815994,Safe
R07678,Village Road,2.17,1,8.06,0,1455.5,11.5,39.6,15.47,0,2,0,0,0,1,0.13075494517865024,Safe
R07679,Highway,12.72,1,8.07,0,2114.8,25.75,132.13,13.62,4,1,0,0,0,1,0.20185496533780894,Safe
R07680,Highway,5.97,1,11.49,2,979.1,31.18,78.65,12.28,1,1,1,0,0,1,0.4135448096970989,Moderate
R07681,Village Road,10.39,0,11.36,1,823.7,19.16,155.16,34.5,2,0,0,0,0,1,0.10576613257545078,Safe
R07682,District Road,15.58,0,4.98,2,1282.8,35.23,37.17,24.26,0,2,0,0,0,1,0.14775566671098356,Safe
R07683,District Road,14.26,1,11.38,0,1481.9,41.64,74.3,22.86,1,0,1,0,0,1,0.387688774145959,Moderate
R07684,District Road,2.82,3,9.63,1,590.2,8.38,102.78,10.18,1,1,1,0,0,0,0.4693604776741431,Moderate
R07685,Highway,12.03,1,3.17,0,1721.6,1.5,78.49,22.11,2,5,0,0,0,1,0.12286191229973888,Safe
R07686,Village Road,19.4,0,5.16,2,2015.8,28.19,99.23,26.57,2,0,0,0,0,1,0.14958760283068162,Safe
R07687,District Road,3.56,2,6.72,3,1464.4,27.1,180.98,20.25,3,0,1,0,0,1,0.478762540528911,Moderate
R07688,State Highway,17.13,0,8.25,1,1331.3,15.36,54.48,13.22,3,2,0,1,0,1,0.32862114094472544,Moderate
R07689,State Highway,14.2,0,9.31,0,771.9,35.35,48.71,16.69,3,1,0,0,0,1,0.19819196623081556,Safe
R07690,Village Road,15.59,0,4.89,1,2278.5,37.18,143.67,27.85,0,2,0,1,0,1,0.3999359076282435,Moderate
R07691,Highway,6.0,2,10.53,2,1898.5,14.94,92.23,21.88,4,3,1,1,0,0,0.6041823450681927,High
R07692,Village Road,6.11,2,10.61,2,1226.7,30.7,47.9,21.98,0,3,0,1,0,0,0.4030463912521111,Moderate
R07693,State Highway,18.17,1,8.71,0,1664.8,28.89,42.91,10.96,2,3,0,0,0,1,0.1396606629124342,Safe
R07694,District Road,7.52,0,11.29,3,875.4,15.42,90.17,23.23,0,2,0,0,1,1,0.24179292707144168,Safe
R07695,Village Road,1.73,0,10.32,1,196.6,43.61,133.78,20.62,1,0,1,1,0,1,0.5964609081849892,High
R07696,District Road,12.21,0,4.99,0,549.6,15.59,64.02,31.99,2,2,1,0,0,1,0.2944444361844445,Moderate
R07697,District Road,2.93,3,10.19,1,244.7,27.91,89.53,19.52,3,1,0,1,0,0,0.439378729059787,Moderate
R07698,District Road,16.03,1,11.58,1,1295.0,17.11,45.89,25.23,4,3,0,0,0,1,0.20273829572807558,Safe
R07699,State Highway,13.01,0,4.24,2,1574.1,0.53,107.03,33.4,2,0,0,0,0,1,0.10926908613028782,Safe
R07700,State Highway,17.56,1,11.81,1,982.1,4.12,182.83,24.16,0,0,0,0,0,1,0.22605695367990147,Safe
R07701,Village Road,15.8,1,3.22,2,1348.9,10.45,67.28,10.74,1,4,0,0,0,1,0.15532243120364733,Safe
R07702,Village Road,2.69,3,7.7,2,259.3,36.55,82.6,12.54,1,2,0,0,0,1,0.28837788628783245,Moderate
R07703,District Road,7.93,2,9.97,2,1936.4,19.89,43.55,34.17,0,0,0,0,0,1,0.13873252425080143,Safe
R07704,State Highway,15.6,0,10.11,0,130.3,26.49,65.91,23.8,2,2,0,1,0,1,0.348013401673951,Moderate
R07705,Highway,8.64,2,9.61,3,1604.3,42.47,17.63,14.73,1,4,0,1,0,0,0.5015515666724908,High
R07706,Highway,19.46,1,7.76,1,1111.7,6.62,16.07,24.19,1,1,0,0,0,1,0.05968579068791638,Safe
R07707,District Road,14.85,0,8.86,3,500.3,38.78,106.76,33.94,3,2,0,1,0,1,0.4114125923084853,Moderate
R07708,Village Road,0.8,1,9.3,0,1331.5,17.07,38.5,11.12,1,2,0,0,0,1,0.0421377467459301,Safe
R07709,District Road,17.66,1,7.45,3,1963.3,15.19,32.65,23.18,5,3,0,0,0,1,0.15065292898831584,Safe
R07710,Village Road,2.47,0,8.36,2,1063.1,28.15,48.88,13.4,3,1,0,0,1,1,0.22694225547754954,Safe
R07711,Highway,3.24,1,10.62,3,950.9,40.44,14.3,21.17,2,3,0,1,0,1,0.3730915031835145,Moderate
R07712,State Highway,14.82,1,5.82,0,399.0,15.68,20.8,26.36,2,1,0,0,0,1,0.05270332040328049,Safe
R07713,State Highway,17.37,0,7.71,1,1506.7,34.26,16.24,21.48,2,5,0,0,0,1,0.17547404593596255,Safe
R07714,District Road,10.96,0,3.08,0,2078.6,0.87,99.52,34.07,2,0,0,1,0,1,0.24305927582974568,Safe
R07715,Highway,6.14,1,9.19,0,1425.3,28.04,39.16,24.61,2,2,1,0,0,1,0.30180186795317093,Moderate
R07716,Village Road,7.35,0,4.76,0,454.5,28.38,112.65,34.09,3,2,1,0,0,1,0.33221862437715655,Moderate
R07717,State Highway,7.19,2,7.33,3,1670.0,25.02,32.17,17.86,3,3,1,0,0,1,0.4884066482585915,Moderate
R07718,Village Road,6.87,0,4.89,2,123.8,42.2,124.51,10.53,1,0,1,0,0,1,0.458782344674749,Moderate
R07719,District Road,5.24,0,3.21,1,2103.2,42.24,131.15,13.86,4,1,0,0,0,1,0.17992724269381977,Safe
R07720,Village Road,12.37,0,7.35,3,2307.7,15.39,72.57,11.79,0,2,0,0,0,1,0.1510881857118076,Safe
R07721,District Road,18.06,1,6.82,2,1512.7,20.54,49.57,28.47,1,0,0,0,0,1,0.11549373814061144,Safe
R07722,Village Road,6.49,1,6.83,3,2210.4,35.66,90.86,14.75,0,1,0,0,0,1,0.23551401985840204,Safe
R07723,Highway,4.14,1,4.88,3,257.0,37.98,248.79,28.93,4,2,1,0,0,1,0.579100975587547,High
R07724,District Road,16.85,0,11.52,2,609.4,18.81,73.6,23.44,2,2,0,1,1,1,0.418784937427937,Moderate
R07725,Village Road,14.96,2,3.03,0,827.3,15.71,186.98,15.42,1,0,1,0,0,1,0.44532988269337376,Moderate
R07726,Highway,18.65,0,11.02,3,1944.3,36.93,11.42,25.34,2,1,0,0,0,1,0.08159221540959914,Safe
R07727,Highway,3.73,0,9.63,1,1236.4,16.96,24.61,10.29,2,1,1,1,0,1,0.4872421693532572,Moderate
R07728,District Road,3.31,0,4.55,2,903.5,18.24,42.48,18.37,2,1,0,0,0,1,0.1692233632976397,Safe
R07729,Village Road,11.06,0,7.25,2,437.3,6.1,184.27,29.62,2,2,1,0,0,1,0.31541729691369386,Moderate
R07730,District Road,12.48,1,11.9,0,2036.1,24.43,87.75,28.73,3,2,1,1,0,1,0.5798426032977729,High
R07731,District Road,9.86,0,8.79,1,100.3,14.69,93.36,29.77,1,0,0,0,0,1,0.08760792239313966,Safe
R07732,Highway,12.18,0,4.15,1,876.3,26.58,39.52,24.69,1,2,0,0,0,1,0.08740199378418252,Safe
R07733,Highway,4.02,2,7.12,0,644.8,20.17,47.99,24.33,3,2,0,1,1,0,0.37914806193383116,Moderate
R07734,Village Road,9.85,0,7.21,0,366.1,33.67,115.07,20.18,0,0,1,0,0,1,0.4027223851513445,Moderate
R07735,Highway,13.33,2,10.22,2,471.5,12.5,93.18,33.71,5,1,0,0,0,1,0.294881142477481,Moderate
R07736,District Road,8.94,1,11.25,0,1259.8,7.74,73.06,33.74,1,1,1,1,0,1,0.4803677761664432,Moderate
R07737,Village Road,13.75,0,3.74,2,1093.8,31.63,19.34,10.22,1,0,0,0,0,1,0.14013754087842353,Safe
R07738,State Highway,9.3,1,5.83,1,1320.0,17.29,121.33,34.06,2,3,0,0,0,1,0.10283173163106814,Safe
R07739,District Road,7.01,1,5.69,1,1832.7,25.36,54.51,31.76,3,0,0,0,0,1,0.2549489233477977,Moderate
R07740,Highway,6.42,0,11.96,2,2236.2,42.35,74.2,25.15,1,3,0,0,0,1,0.1638623520832404,Safe
R07741,District Road,8.51,3,8.03,1,340.2,21.78,60.88,18.11,0,2,0,1,0,0,0.3375737252085597,Moderate
R07742,State Highway,0.95,1,10.92,1,252.6,6.86,28.83,20.52,4,2,0,1,1,1,0.39497803429356787,Moderate
R07743,District Road,13.54,2,6.83,0,834.9,19.2,66.7,31.21,0,4,0,0,0,1,0.07954896774602249,Safe
R07744,State Highway,16.98,2,9.5,1,1388.4,21.53,35.08,13.69,3,0,0,0,1,1,0.27600480321953275,Moderate
R07745,District Road,7.42,0,5.58,1,294.7,34.47,24.76,25.52,1,3,0,0,0,1,0.07889767235205972,Safe
R07746,District Road,1.4,0,11.21,0,1804.1,8.78,28.55,15.77,3,2,0,0,0,1,0.0870321946396782,Safe
R07747,State Highway,19.74,0,7.1,1,1412.4,15.61,36.11,19.45,2,1,0,0,0,1,0.07769613450102057,Safe
R07748,District Road,5.64,2,10.23,1,1883.7,2.25,20.12,10.12,1,2,0,0,0,1,0.1250947491560086,Safe
R07749,State Highway,2.97,2,5.3,2,926.9,31.59,35.08,34.23,1,2,0,0,1,1,0.3000785548982345,Moderate
R07750,District Road,7.71,1,9.24,1,1032.7,33.48,257.73,12.72,1,2,1,1,0,1,0.6878482698151903,High
R07751,State Highway,14.9,0,6.65,3,2028.6,20.57,96.93,29.09,1,3,1,1,0,1,0.5610596831942903,High
R07752,District Road,6.23,0,3.28,1,704.2,24.22,97.04,24.04,3,2,0,0,0,1,0.09694002769868959,Safe
R07753,Highway,11.71,2,6.72,2,984.5,33.74,40.83,30.7,2,1,1,0,0,1,0.4830166534027077,Moderate
R07754,District Road,8.6,3,7.95,1,83.1,12.07,246.24,22.89,3,3,1,0,0,0,0.4791958252801765,Moderate
R07755,State Highway,2.8,0,4.37,1,1410.5,27.31,212.74,34.61,2,2,0,0,0,1,0.2330656138950101,Safe
R07756,District Road,6.94,0,4.66,1,2136.1,43.38,16.27,25.18,2,1,0,0,0,1,0.10114226751602809,Safe
R07757,State Highway,14.63,0,7.18,1,118.3,29.61,104.68,25.41,0,1,0,1,0,1,0.3859155431715335,Moderate
R07758,Village Road,12.43,0,6.08,3,1553.8,3.51,133.53,33.02,4,2,0,0,0,1,0.1320774634068472,Safe
R07759,Village Road,2.84,2,6.97,0,2121.3,13.06,111.76,16.45,3,1,0,0,0,1,0.14369143718306224,Safe
R07760,State Highway,3.68,1,7.15,0,1260.1,23.36,110.94,19.07,1,1,0,0,0,1,0.14788979195767588,Safe
R07761,District Road,12.99,1,4.26,2,816.9,3.27,62.45,26.62,3,1,1,0,0,1,0.28113337731170135,Moderate
R07762,Highway,16.36,1,4.63,1,2491.6,30.45,93.29,13.53,1,0,0,0,0,1,0.08394679296109156,Safe
R07763,State Highway,7.31,0,10.63,0,208.8,29.44,26.2,30.24,1,0,0,0,1,1,0.19340325190028518,Safe
R07764,District Road,12.11,0,4.46,1,565.5,39.43,118.06,24.8,2,3,1,1,1,1,0.6806258501048968,High
R07765,District Road,3.83,2,8.99,1,2218.8,22.5,111.65,28.87,1,0,0,0,0,1,0.19212655956743507,Safe
R07766,District Road,6.57,1,6.77,1,778.4,31.15,40.33,34.76,0,1,0,0,0,1,0.20624375721610125,Safe
R07767,State Highway,0.9,1,11.71,2,2058.6,8.19,111.09,34.42,3,1,1,0,0,1,0.4397367840062173,Moderate
R07768,State Highway,15.48,0,3.59,1,866.3,0.13,78.3,21.19,3,0,0,0,0,1,0.024479726917202342,Safe
R07769,Highway,8.32,0,10.47,2,2039.4,7.75,99.4,17.03,1,2,1,0,1,1,0.3958599405403562,Moderate
R07770,District Road,16.41,0,7.42,2,1730.0,2.8,104.22,25.86,1,2,1,0,0,1,0.34810098017774266,Moderate
R07771,District Road,14.31,1,3.05,2,1197.9,19.25,148.51,27.78,2,1,1,1,0,1,0.5757680403732091,High
R07772,District Road,16.66,1,5.37,0,1331.2,21.07,156.96,17.37,1,1,1,1,0,1,0.5470381741287483,High
R07773,State Highway,6.07,1,6.67,1,485.3,29.0,100.43,17.03,2,2,0,1,0,1,0.35911118780876594,Moderate
R07774,State Highway,4.11,2,5.83,1,333.9,6.33,165.49,15.37,0,1,1,1,0,0,0.6333330023863372,High
R07775,State Highway,19.45,1,6.26,2,1806.5,9.66,66.13,32.74,0,0,0,0,0,1,0.09700480619612019,Safe
R07776,Highway,14.49,1,11.25,2,2129.0,35.92,173.48,12.54,4,2,0,0,0,1,0.27641314425478886,Moderate
R07777,State Highway,16.76,0,6.25,1,1818.8,25.94,61.99,16.16,2,1,0,0,0,1,0.10086618076320511,Safe
R07778,Village Road,0.76,2,6.77,3,2286.5,1.32,73.72,25.61,4,2,0,0,0,1,0.1788762053879252,Safe
R07779,Village Road,7.41,1,9.85,1,2230.7,38.18,116.29,21.69,1,0,0,1,0,1,0.47707667185180463,Moderate
R07780,District Road,14.98,0,10.14,2,1956.6,28.34,51.13,13.02,1,2,1,0,0,1,0.35749409281487066,Moderate
R07781,District Road,2.02,1,3.76,2,2250.4,8.4,33.74,17.24,0,3,0,0,0,1,0.15127175436880433,Safe
R07782,Highway,11.56,1,9.34,3,459.7,11.34,122.97,20.2,2,2,0,0,0,1,0.1601770548811261,Safe
R07783,Village Road,8.87,2,7.34,3,1841.8,24.91,117.52,33.97,1,2,0,0,1,1,0.3439425408330537,Moderate
R07784,Highway,0.84,3,4.2,1,1896.5,25.24,113.77,19.89,3,0,0,0,0,1,0.28612214086509363,Moderate
R07785,Village Road,5.1,1,5.38,0,427.2,36.23,59.68,12.9,1,0,0,0,0,1,0.19245302310094542,Safe
R07786,District Road,6.05,2,3.41,1,2278.5,16.14,42.97,34.31,4,1,0,0,0,1,0.08442272499230659,Safe
R07787,State Highway,2.68,0,6.24,2,71.5,24.72,15.15,20.85,2,3,0,0,0,1,0.18835504872538758,Safe
R07788,Village Road,12.81,1,5.3,2,1114.8,26.21,29.07,13.49,1,1,0,1,1,1,0.44704265262214904,Moderate
R07789,Highway,5.23,2,6.44,1,102.6,25.14,213.7,25.28,3,2,0,1,0,0,0.5407019962311117,High
R07790,District Road,5.91,1,8.22,0,1332.2,3.28,89.45,30.21,1,2,0,0,1,1,0.19975086485111326,Safe
R07791,District Road,18.02,1,9.59,1,1059.8,18.51,102.45,27.76,2,2,0,1,0,1,0.2913971968289723,Moderate
R07792,State Highway,9.61,2,8.45,1,1576.5,15.25,158.57,17.79,6,0,1,0,0,1,0.41329598794988437,Moderate
R07793,District Road,8.15,0,9.11,0,1927.8,44.67,115.27,15.97,4,0,0,1,0,1,0.257503905921452,Moderate
R07794,District Road,14.62,0,10.79,2,1933.0,20.96,20.62,32.07,1,2,0,0,0,1,0.060724150513619464,Safe
R07795,District Road,18.24,1,10.86,0,1819.4,19.59,138.66,14.85,5,4,1,0,0,1,0.3251784340627957,Moderate
R07796,Highway,0.99,2,10.75,1,299.6,21.77,36.86,28.92,3,1,0,0,0,1,0.13168822062188285,Safe
R07797,Village Road,9.24,2,4.38,0,1072.7,41.37,232.93,10.57,4,1,1,1,0,0,0.7440096309906018,High
R07798,State Highway,12.41,1,5.26,2,2049.1,27.52,108.55,20.49,2,3,0,0,0,1,0.13492263743480873,Safe
R07799,State Highway,6.71,2,7.52,2,1653.0,17.51,131.05,34.62,2,3,0,1,0,0,0.4355453586360582,Moderate
R07800,State Highway,15.56,2,6.23,1,1718.5,41.07,60.69,25.85,3,3,0,0,0,1,0.15377776472557333,Safe
R07801,Highway,19.44,0,4.19,1,606.0,41.84,95.54,17.77,8,1,0,0,1,1,0.27142188468432044,Moderate
R07802,Highway,18.9,2,5.59,0,846.4,11.89,164.01,27.49,2,0,1,1,0,0,0.5987309170432926,High
R07803,Village Road,5.69,0,11.78,3,2391.7,17.7,214.66,18.83,0,4,1,0,0,1,0.4358434947079384,Moderate
R07804,State Highway,4.91,0,6.12,2,2125.0,43.49,129.89,33.47,1,2,0,1,0,1,0.432597396876854,Moderate
R07805,Highway,19.17,1,6.77,2,454.1,24.35,93.95,15.87,2,1,1,1,0,1,0.5773450806818118,High
R07806,Highway,9.44,0,3.06,0,1384.5,19.43,46.27,18.0,0,3,0,0,0,1,0.040209981710996434,Safe
R07807,District Road,4.56,0,9.47,0,1251.7,8.79,111.62,27.22,1,2,0,0,0,1,0.08046211509834972,Safe
R07808,Village Road,14.29,0,6.72,1,1137.0,17.3,26.92,29.88,1,1,0,0,0,1,0.09569087750630223,Safe
R07809,State Highway,6.05,0,3.93,0,1203.0,28.41,118.19,24.41,2,0,1,0,0,1,0.3847853912067888,Moderate
R07810,Highway,5.71,0,11.72,2,1625.1,1.74,140.27,17.23,4,1,1,0,0,1,0.3502363293578381,Moderate
R07811,State Highway,17.65,1,10.0,1,2419.5,3.75,41.98,24.33,1,1,0,0,0,1,0.07057253629717666,Safe
R07812,Highway,3.67,2,9.54,1,2194.5,0.24,117.92,15.48,2,0,0,0,0,1,0.11070636218104009,Safe
R07813,Highway,1.76,2,11.62,0,2194.1,9.85,92.46,11.44,1,1,0,0,0,1,0.07498495543820677,Safe
R07814,District Road,5.75,2,6.67,3,1773.3,8.23,191.89,32.99,4,1,1,0,0,1,0.49133935838866527,Moderate
R07815,State Highway,12.34,1,9.47,3,93.1,38.29,131.37,22.03,1,2,0,0,0,1,0.21822454641757918,Safe
R07816,District Road,2.9,2,4.86,0,1129.1,8.34,171.57,22.01,4,0,1,1,0,0,0.5847363613798299,High
R07817,State Highway,9.7,0,9.27,1,1302.3,29.75,360.0,28.62,3,1,1,1,0,1,0.687892248630129,High
R07818,Village Road,12.73,0,3.13,1,2114.1,5.33,103.5,24.0,2,4,0,0,0,1,0.10128484509969138,Safe
R07819,Village Road,17.05,1,4.14,0,2311.0,26.71,64.33,21.36,3,2,1,0,1,1,0.4749322884648064,Moderate
R07820,District Road,4.98,1,6.83,3,1156.3,19.6,70.76,29.87,3,0,0,0,0,1,0.14646539401920294,Safe
R07821,State Highway,16.44,2,3.11,2,786.1,18.39,19.18,21.88,2,0,0,0,1,1,0.21152043633654716,Safe
R07822,State Highway,5.08,1,7.16,3,876.5,38.55,90.64,32.82,1,3,1,0,0,1,0.43976847107055206,Moderate
R07823,District Road,13.7,0,7.71,2,1467.7,7.55,62.19,17.66,2,1,1,0,0,1,0.348522514658165,Moderate
R07824,District Road,8.9,2,8.59,2,723.7,26.78,80.17,10.84,3,3,0,1,0,0,0.40327288750912077,Moderate
R07825,District Road,2.74,1,3.9,2,2281.3,36.98,37.74,13.73,4,1,0,1,0,1,0.3231050731528405,Moderate
R07826,Village Road,14.43,2,4.63,2,1075.7,32.13,51.93,30.48,1,1,0,0,0,1,0.20408053161005832,Safe
R07827,Village Road,4.75,2,8.52,2,2475.7,44.25,38.0,33.16,2,1,0,0,0,1,0.25261081333085955,Moderate
R07828,State Highway,3.94,0,8.92,0,318.3,0.09,117.86,11.88,0,3,0,0,0,1,0.09900378049292424,Safe
R07829,District Road,7.49,0,3.23,1,510.3,39.8,102.4,32.72,0,3,0,1,0,1,0.3489017611361289,Moderate
R07830,Highway,13.24,0,7.86,1,1303.4,27.61,64.81,33.59,1,2,0,0,0,1,0.05211112916036184,Safe
R07831,State Highway,5.06,0,10.06,3,2177.3,0.11,68.74,28.86,2,0,0,0,0,1,0.13448459441666202,Safe
R07832,District Road,4.08,0,3.62,1,917.2,20.95,97.91,29.03,4,1,0,0,0,1,0.1444345389274523,Safe
R07833,State Highway,0.69,1,6.72,0,2101.8,34.53,118.96,10.04,4,0,0,1,0,1,0.3968654349583167,Moderate
R07834,Village Road,9.7,3,5.94,0,1092.4,8.21,76.4,15.57,1,1,1,0,0,0,0.3497358506522964,Moderate
R07835,State Highway,8.86,2,11.22,3,2139.8,30.53,8.52,15.37,2,4,0,0,0,1,0.2421786890661609,Safe
R07836,District Road,5.06,2,4.67,3,729.7,6.29,81.83,24.54,3,0,0,1,0,0,0.37463314496171385,Moderate
R07837,District Road,1.55,0,5.87,2,1206.1,36.16,65.05,26.42,0,0,1,0,0,1,0.37575049211452893,Moderate
R07838,District Road,8.87,0,11.09,0,732.9,25.58,57.08,32.54,4,1,0,0,0,1,0.10764133929700437,Safe
R07839,State Highway,15.87,1,5.98,0,577.3,1.52,92.77,22.2,1,3,1,0,0,1,0.3146782300119093,Moderate
R07840,Village Road,14.45,0,7.78,1,1081.8,4.09,16.64,22.53,0,1,0,0,0,1,0.021844820384636084,Safe
R07841,District Road,17.29,2,3.3,3,870.0,38.87,91.14,11.36,1,2,0,0,0,1,0.2442598851434753,Safe
R07842,District Road,0.69,3,11.86,2,1978.5,1.49,118.35,34.94,1,0,1,0,0,0,0.3821144354786007,Moderate
R07843,Highway,19.35,1,10.42,3,1881.7,13.43,161.99,33.64,4,2,1,1,1,0,0.7375474881240309,High
R07844,District Road,7.16,2,8.71,1,928.5,25.51,60.45,11.8,2,2,1,1,0,0,0.6274840667989056,High
R07845,Village Road,19.81,0,3.55,2,2481.1,9.6,112.79,23.94,2,2,0,1,0,1,0.34138124661374164,Moderate
R07846,District Road,5.43,1,3.67,1,2435.9,10.09,22.14,18.7,2,2,0,0,0,1,0.12348221110433624,Safe
R07847,Village Road,9.69,0,7.9,0,2298.7,34.92,128.39,20.71,2,1,0,0,0,1,0.1866313122561601,Safe
R07848,District Road,7.4,0,5.57,3,1486.9,13.09,152.46,26.29,1,4,1,0,0,1,0.39846644003219683,Moderate
R07849,Highway,7.44,2,8.61,0,1060.2,1.74,41.55,20.49,1,2,0,0,0,1,0.03933800445685806,Safe
R07850,Highway,16.92,2,8.38,2,816.9,32.45,41.9,22.39,2,5,0,0,0,1,0.22743010427658275,Safe
R07851,State Highway,15.06,1,10.55,2,86.8,42.95,33.46,16.83,1,1,0,0,0,1,0.16318223363350315,Safe
R07852,District Road,19.85,1,5.53,0,1597.9,37.44,117.66,12.06,2,1,0,0,0,1,0.17873323013456574,Safe
R07853,Village Road,12.46,1,8.2,0,1405.2,24.69,12.4,28.88,2,2,0,0,0,1,0.0862333211037208,Safe
R07854,State Highway,9.53,2,10.0,1,1593.2,19.12,100.81,19.46,1,2,0,1,0,0,0.42354054062396895,Moderate
R07855,District Road,2.26,3,7.42,2,1461.1,41.63,51.8,32.16,5,0,0,0,1,0,0.3313926615033513,Moderate
R07856,District Road,19.93,2,10.48,0,387.4,34.48,94.97,33.62,1,0,0,1,0,0,0.3358734650413204,Moderate
R07857,District Road,11.25,2,4.18,1,1753.7,25.68,172.1,12.21,0,2,1,0,0,1,0.3997044043216248,Moderate
R07858,State Highway,14.16,1,9.61,2,933.1,39.59,100.75,27.11,3,2,0,0,0,1,0.16906129022938154,Safe
R07859,Highway,8.43,1,11.49,0,1314.9,27.08,35.02,30.5,1,1,0,0,0,1,0.06150748791947435,Safe
R07860,State Highway,11.18,0,5.99,0,945.9,43.81,139.34,26.18,1,0,0,0,0,1,0.2211731671246491,Safe
R07861,Highway,18.88,0,6.3,1,103.9,38.62,56.27,18.22,5,1,0,1,0,1,0.33524082747762923,Moderate
R07862,State Highway,3.75,2,3.75,0,2197.6,24.77,36.6,17.11,2,2,0,1,0,0,0.3146406744295824,Moderate
R07863,Highway,6.2,2,8.77,1,414.4,41.53,215.44,21.56,0,1,1,1,0,0,0.7572704160411661,Critical
R07864,District Road,3.47,1,7.97,3,1476.3,15.41,44.12,16.47,1,2,0,0,1,1,0.3309304104397789,Moderate
R07865,State Highway,15.95,1,3.36,0,2213.7,31.54,48.46,32.39,1,2,1,1,1,0,0.6592389933081035,High
R07866,Village Road,1.71,0,9.77,3,592.3,7.71,49.77,11.23,1,0,0,1,0,1,0.2595319486103168,Moderate
R07867,State Highway,2.09,0,10.46,1,1059.4,40.29,83.46,12.82,3,0,0,0,0,1,0.16806055347400564,Safe
R07868,State Highway,6.32,1,11.16,2,975.4,11.16,168.79,25.16,1,1,1,0,0,1,0.3435325199426933,Moderate
R07869,State Highway,10.53,1,7.91,2,268.6,42.71,93.92,26.46,1,4,1,0,0,1,0.41990781724190723,Moderate
R07870,Highway,8.42,3,7.07,1,1087.6,0.76,106.74,28.4,2,1,0,0,0,1,0.17655753758597745,Safe
R07871,Village Road,1.37,0,10.89,0,1224.7,30.68,19.98,16.89,1,3,0,0,0,1,0.06412419964219589,Safe
R07872,Highway,19.17,1,6.59,0,115.2,6.75,12.45,17.36,3,1,0,0,0,1,0.050706839841818105,Safe
R07873,Village Road,19.08,1,8.9,2,1246.0,34.69,180.66,20.34,2,3,1,0,0,1,0.5258489922559875,High
R07874,Village Road,5.95,3,8.54,0,279.9,22.14,97.91,15.86,1,2,0,0,0,1,0.21095347214859717,Safe
R07875,District Road,14.76,2,6.35,1,2236.5,40.93,33.75,19.43,1,0,0,0,0,1,0.20855443166382448,Safe
R07876,District Road,11.78,1,3.78,1,1642.9,32.18,233.33,27.42,3,0,0,1,0,1,0.5606687577013326,High
R07877,District Road,5.13,3,3.19,1,188.2,34.57,38.72,22.47,6,1,0,0,0,1,0.2994730660329592,Moderate
R07878,State Highway,5.61,1,6.85,2,2076.3,5.42,86.34,34.17,0,3,0,0,0,1,0.14190788791481682,Safe
R07879,District Road,10.08,0,7.33,2,935.9,4.35,26.38,24.49,2,2,0,0,0,1,0.11167532049247358,Safe
R07880,Highway,8.68,1,10.4,1,602.8,38.28,67.8,18.22,4,0,1,0,0,1,0.4163889874893677,Moderate
R07881,Highway,6.18,0,6.73,1,672.1,10.16,89.81,14.55,2,0,0,0,0,1,0.11246724767382275,Safe
R07882,District Road,16.25,1,5.53,0,1514.4,39.01,149.32,15.5,2,2,0,1,0,1,0.4340638960448412,Moderate
R07883,District Road,9.89,3,7.16,1,249.8,6.41,113.15,10.4,0,1,1,0,0,0,0.38071976169013144,Moderate
R07884,Village Road,13.27,2,5.14,2,193.9,13.88,29.02,21.05,1,1,0,0,0,1,0.15811261844846072,Safe
R07885,Highway,4.19,0,3.82,1,1587.4,41.79,104.44,34.0,2,1,0,0,0,1,0.182525985909832,Safe
R07886,Village Road,10.9,0,4.02,3,2455.7,37.79,154.34,29.43,1,0,1,1,0,1,0.6426160024790549,High
R07887,State Highway,6.7,0,5.87,0,1234.4,2.44,209.49,17.52,0,0,0,0,0,1,0.05134240820387695,Safe
R07888,State Highway,10.77,0,3.11,3,1062.5,20.16,160.5,29.97,1,2,1,0,1,1,0.4890487734027112,Moderate
R07889,State Highway,15.73,0,4.98,2,2370.6,40.94,62.17,33.29,1,3,0,1,1,1,0.47285756932385886,Moderate
R07890,District Road,15.49,1,10.09,2,640.4,0.66,164.1,26.82,1,1,1,0,0,1,0.43738246987329304,Moderate
R07891,State Highway,7.41,2,5.11,1,639.3,4.83,38.48,22.8,2,1,1,0,0,1,0.37181804925064416,Moderate
R07892,District Road,14.04,2,4.0,1,2267.5,29.03,34.04,13.4,0,3,0,0,1,1,0.24856217169284162,Safe
R07893,Village Road,18.86,0,11.54,2,1635.0,4.72,83.79,11.99,3,2,1,0,0,1,0.3529065185874178,Moderate
R07894,District Road,12.7,0,8.6,2,181.8,20.2,63.52,15.47,1,4,0,0,0,1,0.22188395696738825,Safe
R07895,District Road,3.39,0,3.54,1,1701.2,22.85,105.29,26.58,2,0,0,1,0,1,0.3633874223974398,Moderate
R07896,Village Road,13.75,0,3.56,1,2059.1,38.71,92.31,13.87,2,2,0,0,0,1,0.22786546822409384,Safe
R07897,District Road,2.55,1,8.51,2,721.2,43.08,84.74,23.33,5,1,0,0,0,1,0.22369516001553422,Safe
R07898,District Road,17.51,0,7.86,3,988.1,23.05,95.28,20.91,0,2,1,0,0,1,0.27650825214066743,Moderate
R07899,State Highway,10.57,1,3.62,1,534.3,22.97,104.98,25.71,1,1,0,0,0,1,0.17666373967516066,Safe
R07900,Village Road,8.01,2,5.02,1,1601.7,32.71,49.5,11.3,1,2,0,0,0,1,0.23829213784030226,Safe
R07901,District Road,1.61,1,11.36,2,1677.3,8.66,27.52,34.51,1,4,0,0,0,1,0.08380108066698391,Safe
R07902,State Highway,7.93,2,8.15,2,217.9,42.34,93.5,27.25,1,1,0,1,0,0,0.4474182515661888,Moderate
R07903,State Highway,18.11,0,6.96,1,1710.4,0.05,150.89,28.04,2,7,1,0,0,1,0.30539095723931337,Moderate
R07904,Village Road,0.91,2,5.25,0,1663.2,0.08,74.07,10.41,1,1,0,1,1,0,0.4308739769218923,Moderate
R07905,Highway,9.76,0,4.2,2,136.1,28.15,34.47,11.99,2,2,0,1,0,1,0.379746164123603,Moderate
R07906,Village Road,18.66,0,6.62,1,1410.7,15.37,78.01,27.2,2,2,0,0,0,1,0.12995696548533953,Safe
R07907,Highway,8.2,0,11.3,0,1554.1,17.92,70.69,12.74,6,1,0,0,0,1,0.1145539273641046,Safe
R07908,Village Road,8.85,0,3.44,1,1103.9,9.96,130.55,32.38,3,1,0,0,1,1,0.23599696640701381,Safe
R07909,State Highway,11.78,1,11.92,1,2258.2,18.35,68.1,25.54,5,3,1,0,0,1,0.3338542897747138,Moderate
R07910,District Road,9.53,3,4.87,1,854.5,37.26,6.32,11.78,1,2,0,0,0,1,0.2117421071199549,Safe
R07911,Village Road,3.79,2,6.68,1,214.6,31.47,51.75,25.34,2,1,0,0,0,1,0.1810567662280166,Safe
R07912,District Road,0.86,1,3.41,2,1696.0,4.26,75.4,30.07,4,3,0,0,0,1,0.1693878263168839,Safe
R07913,District Road,12.39,1,8.26,0,1532.8,2.55,38.55,30.02,2,0,0,0,0,1,0.08733805144485329,Safe
R07914,Highway,18.46,1,7.35,0,2473.2,22.78,69.71,20.03,0,0,0,0,0,1,0.11651807057114764,Safe
R07915,Highway,2.57,2,9.0,1,616.7,32.86,14.6,21.5,3,3,0,0,0,1,0.19267821888975847,Safe
R07916,State Highway,4.61,2,7.88,0,1019.0,29.9,122.08,28.4,2,1,0,0,0,1,0.20682874906957294,Safe
R07917,District Road,7.72,1,6.58,2,1179.9,38.89,7.82,31.85,1,1,0,0,0,1,0.11765985297551923,Safe
R07918,Highway,16.27,1,9.64,3,2160.7,6.0,123.73,29.84,1,4,0,0,0,1,0.18457677204690495,Safe
R07919,Highway,5.75,2,3.23,2,1065.7,27.26,36.1,24.9,2,5,0,0,0,1,0.19761205297585197,Safe
R07920,District Road,17.7,0,7.87,0,1941.8,34.47,43.66,28.12,1,1,1,0,0,1,0.3338767017410921,Moderate
R07921,District Road,1.57,0,4.02,0,434.5,42.2,55.89,26.31,1,1,1,0,0,1,0.41185106282523043,Moderate
R07922,District Road,18.85,1,6.92,0,1054.0,4.54,183.52,24.43,1,1,1,0,0,1,0.4343208213916837,Moderate
R07923,State Highway,11.43,2,10.12,0,429.7,10.78,23.73,32.99,1,2,0,0,0,1,0.10963960848069024,Safe
R07924,Highway,13.35,1,4.28,1,2376.7,15.96,104.45,26.2,1,4,0,0,0,1,0.14905657575499104,Safe
R07925,Village Road,7.67,3,11.42,0,485.5,24.33,57.91,19.55,0,0,0,0,0,1,0.2445151259207369,Safe
R07926,State Highway,15.75,0,11.0,2,1076.7,18.39,35.36,34.36,2,1,0,0,0,1,0.0917695399764705,Safe
R07927,Village Road,3.75,1,6.73,2,251.5,38.75,125.54,33.74,0,2,0,0,0,1,0.20041453457422276,Safe
R07928,Village Road,1.45,1,3.05,1,2307.4,42.77,36.85,29.51,0,1,0,0,0,1,0.12298638927325031,Safe
R07929,Village Road,8.21,3,10.11,0,1578.4,3.15,44.78,10.82,2,4,0,0,0,1,0.20797707851830233,Safe
R07930,State Highway,17.15,0,10.93,2,2408.0,31.49,53.51,28.21,4,2,0,1,1,1,0.3852699448392489,Moderate
R07931,Village Road,15.22,1,4.57,0,153.6,5.14,197.3,10.75,0,0,1,0,0,1,0.3876780556655313,Moderate
R07932,Village Road,10.58,0,11.25,0,478.7,40.41,8.3,11.84,0,2,0,0,0,1,0.09508063514806187,Safe
R07933,District Road,11.66,1,11.23,1,981.1,6.39,44.09,18.81,1,0,0,0,0,1,0.10128612872743911,Safe
R07934,State Highway,3.03,2,7.24,1,1572.3,44.62,74.27,17.9,2,0,0,0,0,1,0.2940157918419441,Moderate
R07935,State Highway,16.89,0,10.18,1,857.3,19.25,80.13,24.09,1,2,1,0,0,1,0.313637543207215,Moderate
R07936,Highway,15.85,2,7.0,0,1794.1,17.19,57.52,16.1,2,2,1,0,0,1,0.35023769987542347,Moderate
R07937,District Road,13.3,3,8.08,0,454.6,26.38,200.91,14.98,2,2,1,0,0,0,0.41137599416026427,Moderate
R07938,District Road,9.59,0,5.88,2,1521.6,17.75,49.88,26.66,1,1,0,0,0,1,0.09308746872038066,Safe
R07939,State Highway,19.31,2,4.44,1,1025.0,10.56,108.19,21.08,1,3,0,0,0,1,0.1825333456595895,Safe
R07940,District Road,17.64,0,9.72,0,1295.2,28.31,133.31,11.32,1,1,1,0,0,1,0.3881352918533976,Moderate
R07941,State Highway,13.07,0,3.01,1,1445.6,32.78,26.09,21.06,3,2,0,0,0,1,0.11433330445569839,Safe
R07942,District Road,7.75,1,8.22,0,196.7,42.54,31.74,28.97,0,3,1,0,0,1,0.3521004179613396,Moderate
R07943,Village Road,12.55,2,10.78,1,2313.9,18.41,76.46,11.67,6,1,0,0,0,1,0.14676829297212912,Safe
R07944,State Highway,11.72,1,4.99,0,1975.9,31.76,67.23,32.9,5,0,0,1,0,1,0.40245298658579576,Moderate
R07945,State Highway,8.19,0,6.0,1,1134.0,37.51,82.24,21.91,1,0,0,0,0,1,0.12353732086678065,Safe
R07946,Highway,6.48,3,8.29,1,1391.3,37.41,41.19,22.8,2,0,0,0,0,1,0.25218318718737076,Moderate
R07947,District Road,8.44,2,5.22,2,129.7,1.54,70.0,17.49,1,0,0,0,0,1,0.17138408114812634,Safe
R07948,District Road,11.69,0,10.63,0,1270.0,16.01,94.43,26.17,6,1,1,0,0,1,0.24190788853162515,Safe
R07949,Village Road,8.85,1,6.3,1,1094.5,0.6,58.01,10.54,2,2,0,0,0,1,0.08703680856317848,Safe
R07950,State Highway,5.64,0,8.23,3,967.5,25.16,127.91,28.46,1,1,0,0,1,1,0.3512840511017826,Moderate
R07951,Village Road,15.34,0,5.04,2,2047.6,38.93,30.65,12.48,2,0,1,0,0,1,0.3526702837152333,Moderate
R07952,Highway,10.86,1,3.37,3,495.7,36.67,52.18,21.12,5,3,0,0,0,1,0.20378105353353418,Safe
R07953,District Road,1.82,1,4.56,3,482.0,36.51,193.74,13.68,0,1,0,0,0,1,0.2993044965054077,Moderate
R07954,Highway,7.68,0,3.42,1,1328.1,15.83,85.62,14.24,3,2,0,0,0,1,0.07513905084106866,Safe
R07955,Village Road,17.76,2,7.22,0,1733.5,2.08,88.48,21.61,2,3,0,0,0,1,0.14442329660321757,Safe
R07956,District Road,15.23,0,8.28,2,105.0,7.76,67.01,11.63,1,1,0,0,0,1,0.06724795672463008,Safe
R07957,District Road,6.8,1,3.4,2,1387.3,30.18,180.95,13.75,4,2,0,0,0,1,0.3182487787234382,Moderate
R07958,Village Road,18.79,0,3.81,1,781.8,6.02,49.25,23.59,4,2,0,0,0,1,0.08813798013517708,Safe
R07959,State Highway,1.99,1,7.37,2,1904.4,5.64,113.08,27.4,4,1,0,0,0,1,0.16298301409357888,Safe
R07960,Highway,19.24,0,10.19,1,1198.7,15.92,196.31,18.99,4,1,1,0,0,1,0.4293031045156048,Moderate
R07961,Village Road,5.29,1,8.65,1,2093.5,4.25,121.4,31.65,2,1,0,0,0,1,0.09256980715272584,Safe
R07962,State Highway,0.68,1,3.94,1,1022.6,14.84,130.6,14.02,1,0,0,0,0,1,0.17259718296784807,Safe
R07963,Highway,8.96,0,10.99,0,2076.4,43.64,235.12,24.01,0,4,1,1,0,1,0.7141948424603112,High
R07964,District Road,7.5,0,11.26,2,1805.4,0.9,115.47,12.23,1,2,0,0,0,1,0.13038249221495307,Safe
R07965,District Road,11.01,1,5.92,2,2079.2,37.37,17.37,14.19,2,1,0,1,0,1,0.3684544122718649,Moderate
R07966,Highway,16.04,0,8.54,1,2040.4,44.71,52.84,32.72,4,0,1,1,0,1,0.5616994530984885,High
R07967,State Highway,16.93,1,7.43,0,1241.6,19.64,112.6,34.82,2,0,1,0,0,1,0.2942004772720269,Moderate
R07968,Highway,8.32,1,11.48,0,951.8,42.44,68.61,34.94,2,1,1,0,0,1,0.32517512645721425,Moderate
R07969,District Road,8.88,1,7.58,0,1924.6,11.75,71.96,30.01,1,1,0,0,0,1,0.07924065681609246,Safe
R07970,Village Road,3.39,3,11.64,0,935.7,44.2,162.86,14.99,2,1,0,1,0,0,0.5158964535558305,High
R07971,Village Road,1.43,1,4.79,1,269.0,38.77,73.75,17.15,0,2,0,1,1,1,0.4629854103476657,Moderate
R07972,District Road,13.0,2,6.11,0,2154.2,39.81,125.32,12.23,3,2,1,1,0,0,0.6381912013214033,High
R07973,State Highway,1.76,2,10.03,0,1023.1,5.87,34.15,11.35,2,2,0,0,0,1,0.1901258479066998,Safe
R07974,Village Road,14.81,3,10.05,2,374.9,39.15,77.76,28.32,1,2,0,1,0,0,0.5353000986716923,High
R07975,District Road,11.01,0,9.59,3,1633.9,42.38,105.83,23.51,1,1,1,0,1,1,0.47945657904860245,Moderate
R07976,State Highway,4.37,2,10.74,0,2229.9,36.86,63.34,26.51,4,2,0,0,1,1,0.3498191958280391,Moderate
R07977,Village Road,11.02,3,9.32,1,2159.4,4.11,81.91,24.5,2,0,1,0,0,0,0.4253971502934122,Moderate
R07978,Village Road,4.07,1,8.72,3,1408.4,3.81,48.34,10.3,2,1,0,0,0,1,0.17699800573381574,Safe
R07979,District Road,9.06,0,7.13,3,265.8,16.09,116.31,17.99,1,0,1,1,0,1,0.5659089412322521,High
R07980,District Road,16.09,3,7.2,1,1756.7,31.72,22.04,27.28,3,2,0,1,1,0,0.5351551600416071,High
R07981,State Highway,9.51,1,6.66,1,1541.6,0.56,74.45,31.53,4,1,0,0,1,1,0.20017438110780467,Safe
R07982,State Highway,3.4,1,8.58,0,564.9,42.78,34.3,13.86,1,3,0,0,0,1,0.11124627070780169,Safe
R07983,District Road,14.61,2,6.66,0,2256.3,23.65,248.31,12.95,3,1,0,0,0,1,0.3691945236128596,Moderate
R07984,State Highway,4.14,0,4.33,1,262.3,16.13,48.96,33.97,0,1,0,1,0,1,0.31480072757870126,Moderate
R07985,District Road,14.9,0,3.96,1,963.9,25.26,110.03,34.18,3,4,1,0,0,1,0.4042070329304271,Moderate
R07986,Village Road,9.85,1,11.32,2,281.6,32.21,42.72,28.75,1,2,0,1,0,1,0.45086861802782313,Moderate
R07987,Village Road,9.35,1,3.22,0,2284.3,12.3,62.72,11.48,2,3,0,0,0,1,0.12483139074415113,Safe
R07988,District Road,17.1,2,3.95,2,136.7,13.1,107.5,25.76,3,2,1,0,0,1,0.3674129305812215,Moderate
R07989,Village Road,14.32,1,7.01,0,1093.1,21.07,19.37,13.21,1,2,0,0,1,1,0.1699033991979278,Safe
R07990,Village Road,1.14,2,5.37,1,2161.4,30.15,48.27,31.14,2,2,0,0,0,1,0.18275653563965572,Safe
R07991,District Road,6.28,0,6.65,1,665.9,31.79,34.58,17.58,0,1,0,0,0,1,0.088930775214492,Safe
R07992,State Highway,17.48,1,4.06,2,307.3,14.58,161.61,21.88,3,4,1,1,0,1,0.5977470181425621,High
R07993,State Highway,0.86,0,4.18,0,361.2,14.51,90.86,14.67,1,1,0,0,0,1,0.08363835616631139,Safe
R07994,State Highway,11.13,1,10.21,0,1042.1,21.92,180.98,28.13,2,2,0,0,0,1,0.2655308513391815,Moderate
R07995,Highway,14.69,2,9.83,0,1100.0,24.39,121.07,22.55,2,1,1,0,0,1,0.39713066121579876,Moderate
R07996,State Highway,12.63,0,3.94,1,1809.3,29.22,79.89,27.65,3,0,1,0,0,1,0.3667122268194545,Moderate
R07997,State Highway,15.33,2,9.01,0,632.9,27.8,78.04,17.99,0,1,1,0,1,0,0.49444886631780416,Moderate
R07998,District Road,14.65,0,8.48,1,1769.5,16.76,212.4,19.42,1,0,1,1,0,1,0.5857947703941813,High
R07999,Village Road,13.99,0,9.42,0,2497.5,13.36,233.6,32.41,0,1,1,1,0,1,0.5415049713814903,High
R08000,Highway,16.52,0,7.27,1,2167.4,13.86,136.13,16.36,3,5,1,0,0,1,0.3580154445068749,Moderate
R08001,District Road,13.09,2,5.43,2,1607.2,29.04,102.8,32.58,4,3,1,0,0,1,0.4478097582417383,Moderate
R08002,District Road,8.35,0,8.97,1,2352.8,19.49,62.25,11.89,0,2,0,1,0,1,0.3131018323969617,Moderate
R08003,Highway,9.7,1,6.34,0,2478.2,6.05,97.37,13.97,1,0,1,0,0,1,0.3377300012687176,Moderate
R08004,Village Road,14.48,1,4.97,1,1447.2,0.27,57.44,26.58,2,3,0,0,0,1,0.03496943840831203,Safe
R08005,District Road,17.59,0,6.68,2,720.4,1.34,99.47,34.85,3,3,0,0,0,1,0.11155827677585911,Safe
R08006,State Highway,5.81,1,9.87,0,2291.7,39.04,145.61,33.35,0,2,0,0,1,1,0.27764762299221085,Moderate
R08007,Village Road,7.17,1,7.28,0,2118.3,20.6,122.25,22.71,1,1,0,1,0,1,0.35408687375956316,Moderate
R08008,State Highway,18.65,3,5.7,1,257.3,29.58,77.28,23.2,3,1,0,0,0,1,0.3081542856737194,Moderate
R08009,District Road,11.78,0,10.49,3,2344.1,41.81,61.13,24.34,2,0,0,1,0,1,0.45380211840368234,Moderate
R08010,Highway,3.99,0,10.93,0,947.2,5.68,82.55,29.81,4,0,0,0,0,1,0.1282725437303144,Safe
R08011,Village Road,13.44,1,6.9,2,839.1,20.14,21.13,23.77,2,0,0,1,0,1,0.30604059735974737,Moderate
R08012,District Road,19.82,1,6.37,3,891.0,24.26,85.7,12.94,2,2,1,0,0,1,0.38944255385366056,Moderate
R08013,District Road,16.56,1,8.51,1,834.0,37.87,13.09,30.96,4,1,0,0,0,1,0.20753477375164764,Safe
R08014,State Highway,15.04,3,3.52,1,1314.3,44.72,133.94,32.13,2,0,0,0,0,1,0.32611273167213073,Moderate
R08015,District Road,4.56,2,9.22,2,1470.4,32.03,100.42,32.95,3,2,1,0,0,1,0.42904288208658065,Moderate
R08016,Village Road,17.58,0,10.04,0,1092.8,28.88,122.56,20.52,0,1,1,1,1,1,0.7049326578816476,High
R08017,District Road,10.75,1,6.58,1,1060.8,41.41,83.57,15.53,0,3,0,0,0,1,0.20296089525388084,Safe
R08018,District Road,17.84,2,4.57,0,1856.4,37.68,442.82,12.99,1,1,1,1,0,0,0.7683350384631289,Critical
R08019,District Road,6.93,3,3.26,0,57.4,38.93,232.7,23.12,3,0,1,0,0,0,0.48777226741177626,Moderate
R08020,Village Road,1.71,0,8.74,0,2369.9,0.12,94.97,16.94,3,2,0,0,0,1,0.08948471740968926,Safe
R08021,District Road,9.78,1,5.42,2,1800.4,23.15,79.86,20.68,1,3,1,0,0,1,0.3444108966403081,Moderate
R08022,Village Road,5.76,2,7.18,3,1782.8,35.22,56.23,12.48,0,0,0,1,0,0,0.44526402466105264,Moderate
R08023,Village Road,14.45,1,6.48,1,1083.8,8.17,22.92,14.98,2,1,0,0,0,1,0.09666541568363951,Safe
R08024,District Road,19.16,1,4.57,0,2416.2,33.82,40.17,20.96,2,1,0,0,0,1,0.1250442841274782,Safe
R08025,State Highway,13.97,3,7.58,2,50.8,0.41,52.88,14.46,2,5,0,1,0,0,0.40420892683002585,Moderate
R08026,District Road,17.8,2,7.14,1,237.4,25.88,111.38,15.63,1,0,0,0,0,1,0.23976710825762657,Safe
R08027,Village Road,9.33,0,8.62,2,2020.0,38.31,154.12,10.5,2,0,0,0,0,1,0.227672529553375,Safe
R08028,State Highway,15.55,0,5.27,1,1859.8,19.41,56.31,11.83,2,0,1,0,0,1,0.28573148031866713,Moderate
R08029,District Road,16.94,1,4.93,3,714.8,33.28,77.11,12.91,2,2,0,1,0,1,0.4034820740791584,Moderate
R08030,Village Road,14.36,3,10.33,0,1507.2,23.87,73.13,26.41,2,0,0,0,0,1,0.23976527153177668,Safe
R08031,State Highway,10.4,3,9.32,0,1353.5,29.13,121.41,13.75,1,1,1,0,0,0,0.43464805255064637,Moderate
R08032,District Road,12.7,2,9.95,1,1341.4,23.25,6.36,32.01,0,1,0,0,0,1,0.19280450498212093,Safe
R08033,State Highway,14.16,1,4.11,1,1509.1,21.41,117.18,29.63,2,3,0,0,0,1,0.15579794057444984,Safe
R08034,Highway,5.44,0,5.02,3,2484.7,37.87,41.82,30.43,3,2,0,1,0,1,0.4503564637312433,Moderate
R08035,Village Road,16.29,1,8.18,3,2469.0,4.17,78.18,18.8,3,2,1,0,1,1,0.41410329430967746,Moderate
R08036,Highway,19.03,1,10.71,2,2455.1,26.31,133.3,11.44,2,2,1,1,0,1,0.6254775645646552,High
R08037,State Highway,9.57,1,11.03,0,1394.3,5.17,27.2,11.91,2,0,0,0,0,1,0.0046743432273833735,Safe
R08038,Village Road,14.17,1,10.49,2,829.3,25.33,94.47,27.24,2,1,0,0,0,1,0.2033117321192,Safe
R08039,State Highway,14.87,1,3.39,1,1422.3,43.36,54.24,33.08,2,4,0,0,0,1,0.16500919054966035,Safe
R08040,Village Road,13.41,3,10.39,3,1575.6,2.57,35.45,14.38,2,0,0,0,0,1,0.13122926765193568,Safe
R08041,Village Road,11.17,0,11.09,0,813.0,18.99,18.06,31.61,5,1,0,0,0,1,0.06357744666272915,Safe
R08042,State Highway,17.69,2,3.51,0,1600.3,36.09,48.86,26.32,4,0,0,1,0,0,0.31831703870462846,Moderate
R08043,Highway,9.25,1,6.75,2,1573.9,16.64,120.84,26.92,3,2,1,0,0,1,0.41192546292734383,Moderate
R08044,District Road,1.69,2,7.83,2,2263.5,23.41,76.79,27.44,3,1,0,1,0,0,0.378163101680358,Moderate
R08045,District Road,16.97,1,5.09,2,632.1,5.16,71.71,11.56,1,0,0,0,0,1,0.10164100077594743,Safe
R08046,Highway,13.64,0,7.65,0,1759.1,10.04,155.59,25.1,4,5,0,0,0,1,0.16006892572649228,Safe
R08047,District Road,17.06,0,10.97,2,1154.4,30.89,102.47,22.08,5,2,0,0,0,1,0.19971728716703907,Safe
R08048,Highway,3.2,0,10.8,2,368.3,37.29,44.31,30.91,1,3,0,0,0,1,0.20939948445148543,Safe
R08049,Village Road,1.1,0,11.46,2,824.6,29.09,142.93,20.7,2,0,1,1,0,1,0.656771097086106,High
R08050,Highway,18.72,2,7.36,1,190.3,37.66,99.81,22.74,7,1,0,0,1,1,0.386058010166804,Moderate
R08051,Highway,3.38,0,6.7,2,832.4,27.25,42.69,24.51,3,0,0,1,1,1,0.4234107966928029,Moderate
R08052,State Highway,16.29,1,8.99,1,219.1,36.46,42.8,24.67,4,1,0,1,0,1,0.37953664665151826,Moderate
R08053,Village Road,16.55,0,6.75,0,2317.3,44.23,62.68,20.0,2,1,0,0,0,1,0.16264922960460299,Safe
R08054,District Road,14.32,1,3.38,1,299.3,3.73,25.3,14.16,1,0,0,0,0,1,0.12800879645872115,Safe
R08055,Village Road,3.06,2,9.48,2,2052.5,21.58,227.48,16.28,1,1,1,1,0,0,0.663586051684525,High
R08056,State Highway,13.51,0,5.53,0,2270.0,8.55,68.24,20.31,5,4,0,0,0,1,0.03341172222447372,Safe
R08057,State Highway,17.84,1,3.44,0,1195.8,20.94,64.03,25.49,6,1,0,0,0,1,0.14076252588526963,Safe
R08058,State Highway,8.8,2,3.19,2,182.1,22.48,275.97,21.36,1,2,1,1,0,0,0.7214792487460138,High
R08059,District Road,8.56,0,11.38,0,1509.7,27.99,52.36,29.79,4,3,0,0,0,1,0.09406894520269611,Safe
R08060,District Road,9.14,2,5.27,0,625.2,19.77,24.73,24.38,2,2,0,1,1,0,0.4791888808587579,Moderate
R08061,District Road,2.1,0,7.03,2,482.8,14.61,106.41,18.57,1,1,0,0,0,1,0.1962570908666007,Safe
R08062,State Highway,17.89,0,11.56,0,1438.6,1.94,85.87,22.43,2,2,1,0,0,1,0.30404155544379996,Moderate
R08063,Village Road,17.45,1,7.21,1,923.1,1.57,83.8,18.98,4,1,1,0,0,1,0.2916807500338978,Moderate
R08064,State Highway,19.96,0,3.71,1,1839.4,7.88,14.83,10.76,0,3,0,0,0,1,0.07136955505241716,Safe
R08065,Village Road,11.91,2,7.97,1,1498.6,20.2,8.8,17.03,3,1,0,1,0,0,0.31307673013073806,Moderate
R08066,Highway,15.15,0,3.79,1,2081.9,18.79,16.16,21.27,3,1,0,0,0,1,0.03851709638675708,Safe
R08067,District Road,4.45,0,3.86,3,193.0,8.58,131.94,16.38,1,5,0,1,0,1,0.3986467324778997,Moderate
R08068,State Highway,13.52,1,10.66,2,625.6,37.01,80.2,27.99,5,0,0,0,0,1,0.20471916945774168,Safe
R08069,District Road,13.17,1,5.6,1,1439.1,30.76,26.7,31.55,1,0,0,0,1,1,0.24867064226136912,Safe
R08070,District Road,18.07,2,9.11,1,2207.0,15.44,73.35,17.42,1,2,0,0,0,1,0.24228800489372698,Safe
R08071,District Road,16.7,0,7.58,1,2042.9,35.86,44.41,10.61,2,1,0,0,0,1,0.2090544657562617,Safe
R08072,District Road,18.8,2,5.0,0,1714.9,44.52,59.07,31.89,1,5,1,0,0,1,0.44657375675392547,Moderate
R08073,District Road,17.44,3,7.66,3,1456.5,11.03,70.19,24.43,2,2,0,0,0,1,0.2491645864972273,Safe
R08074,District Road,17.44,1,3.62,0,1597.1,16.32,33.36,10.15,1,4,0,0,0,1,0.1199543856624283,Safe
R08075,Village Road,1.74,2,6.12,2,573.3,44.68,51.43,22.5,4,1,0,0,0,1,0.2762616815074712,Moderate
R08076,State Highway,17.0,1,7.71,2,1508.2,6.2,286.78,12.42,1,1,1,0,0,1,0.48960425162556065,Moderate
R08077,District Road,12.35,0,5.06,2,1259.7,3.47,84.2,26.85,1,4,1,1,0,1,0.5225693660582983,High
R08078,District Road,7.92,0,8.94,0,991.9,23.44,204.77,23.35,1,2,1,0,0,1,0.4048077288806519,Moderate
R08079,State Highway,1.6,0,3.47,1,2224.9,21.08,129.31,32.83,1,1,0,0,0,1,0.13841794705460633,Safe
R08080,District Road,13.71,3,7.36,0,2082.1,3.52,57.59,19.88,4,0,1,0,0,0,0.40802044299168927,Moderate
R08081,State Highway,6.9,0,9.43,2,238.0,13.05,99.05,33.09,2,3,0,0,0,1,0.13348778598296746,Safe
R08082,Highway,9.62,1,6.87,1,2465.0,18.85,95.87,30.91,2,0,0,1,0,1,0.3745092460753303,Moderate
R08083,State Highway,13.79,0,10.87,0,613.5,37.0,41.38,28.81,2,1,1,0,0,1,0.31856373719984155,Moderate
R08084,Highway,18.28,1,8.69,2,577.6,31.85,31.34,20.95,3,2,1,0,0,1,0.3788167740347684,Moderate
R08085,District Road,16.6,0,11.63,1,2362.3,41.15,25.53,20.36,4,0,0,0,0,1,0.10329083599238335,Safe
R08086,District Road,9.29,2,5.56,0,1139.8,14.96,72.71,19.87,1,2,0,0,0,1,0.09902195737406402,Safe
R08087,Village Road,8.06,0,11.45,1,2023.1,13.92,63.87,11.29,0,1,0,1,0,1,0.2904370694319333,Moderate
R08088,District Road,5.18,2,8.46,0,756.1,20.84,62.19,25.15,2,0,0,0,0,1,0.1812337206933404,Safe
R08089,Highway,7.76,2,9.71,3,2189.3,0.34,21.5,29.95,4,0,0,0,0,1,0.17559747422292987,Safe
R08090,Village Road,2.67,1,11.12,1,2089.1,9.33,14.37,28.6,1,1,0,0,0,1,0.054087830799192826,Safe
R08091,Village Road,19.44,0,7.96,1,1322.7,9.52,43.82,24.57,4,2,0,0,0,1,0.06352374771994004,Safe
R08092,District Road,11.69,0,10.76,3,1777.4,2.75,75.2,18.93,2,3,0,0,0,1,0.08134599973845068,Safe
R08093,District Road,2.99,2,7.88,1,2411.9,20.48,61.65,27.37,0,1,0,0,0,1,0.1694864603900111,Safe
R08094,Village Road,7.38,0,8.39,1,1157.5,40.75,62.71,23.22,1,2,1,1,0,1,0.5434116205593208,High
R08095,District Road,11.17,0,7.01,0,1260.8,0.18,41.38,30.99,3,2,0,0,0,1,0.0261192134606816,Safe
R08096,Village Road,10.89,1,4.31,3,1820.9,28.28,63.44,16.83,3,1,0,0,0,1,0.216534724846386,Safe
R08097,Highway,1.19,0,7.98,2,996.7,39.57,22.27,12.55,0,3,0,0,0,1,0.11570880406847217,Safe
R08098,State Highway,19.04,0,11.8,0,2405.0,4.84,77.1,10.08,2,1,0,0,0,1,0.02264576449493117,Safe
R08099,District Road,5.87,1,10.08,1,149.1,41.28,88.39,28.58,2,2,0,0,0,1,0.1844398505745584,Safe
R08100,District Road,0.82,1,9.73,3,1038.3,36.83,26.31,24.98,1,2,0,1,0,1,0.44629970930675794,Moderate
R08101,Village Road,1.99,0,8.79,1,1798.9,9.66,84.42,11.5,0,0,0,0,0,1,0.05543928142996173,Safe
R08102,Village Road,11.81,1,6.13,1,1102.0,40.74,81.42,31.0,3,4,0,0,0,1,0.21529659988289807,Safe
R08103,State Highway,3.19,1,4.53,1,685.2,36.18,51.29,21.93,3,2,0,1,0,1,0.3666727805496657,Moderate
R08104,Highway,1.31,2,5.02,2,1063.0,5.01,139.99,21.53,0,1,1,0,0,1,0.47334001646903323,Moderate
R08105,Village Road,7.9,0,3.06,3,2209.7,37.38,28.19,27.11,1,1,0,0,1,1,0.2573709887861706,Moderate
R08106,District Road,12.64,1,9.06,2,1390.2,24.4,95.11,25.87,2,0,1,0,0,1,0.2811254137010657,Moderate
R08107,State Highway,2.68,1,10.31,3,871.0,36.72,171.95,15.97,3,2,0,1,0,1,0.5019456477983789,High
R08108,District Road,6.61,1,5.42,2,1695.2,27.79,29.91,26.12,3,1,0,0,0,1,0.18361442037144574,Safe
R08109,District Road,8.65,0,3.83,0,1549.0,17.63,40.46,31.45,1,1,0,0,0,1,0.0979720516082529,Safe
R08110,Village Road,3.61,0,6.02,0,1423.1,27.05,30.07,19.79,6,2,0,0,1,1,0.21188650348792484,Safe
R08111,District Road,10.37,2,5.63,2,1008.3,28.63,39.33,17.24,1,1,1,1,0,0,0.5741001728455009,High
R08112,State Highway,2.16,0,7.06,0,226.9,34.48,108.63,11.5,1,0,0,0,0,1,0.14702523939909704,Safe
R08113,Village Road,1.41,1,5.38,2,1570.8,37.38,42.36,25.13,3,2,0,0,0,1,0.19828427868107024,Safe
R08114,District Road,10.64,3,6.06,2,1078.5,29.84,40.79,28.88,1,1,0,0,0,1,0.21423138249361107,Safe
R08115,District Road,5.33,1,11.17,1,1100.5,44.53,88.67,34.19,1,1,0,0,0,1,0.22672872483320133,Safe
R08116,State Highway,2.36,1,6.01,1,623.5,35.03,26.11,25.3,0,0,0,0,0,1,0.11947882190062631,Safe
R08117,District Road,8.77,0,10.07,0,661.1,40.98,102.42,21.2,1,1,1,0,0,1,0.34551483005494926,Moderate
R08118,State Highway,18.35,3,8.63,0,1979.3,14.38,77.29,33.38,2,5,1,0,1,0,0.5367787182729878,High
R08119,State Highway,14.62,1,6.04,2,1224.4,14.23,14.26,14.47,2,0,0,0,1,1,0.2662484318935959,Moderate
R08120,District Road,16.4,1,10.36,0,317.8,16.31,69.04,27.71,2,0,1,0,0,1,0.27685136017097883,Moderate
R08121,State Highway,17.5,1,8.36,3,162.3,19.79,156.36,18.18,2,1,0,0,0,1,0.25376854482262334,Moderate
R08122,District Road,19.47,2,3.08,0,600.6,43.26,47.95,31.54,2,1,0,0,0,1,0.22327224937281612,Safe
R08123,Highway,15.38,2,3.62,2,1244.2,3.31,79.77,28.63,3,1,0,0,0,1,0.16620897701285045,Safe
R08124,District Road,12.36,0,9.77,0,1562.3,22.43,126.84,18.34,4,2,1,0,0,1,0.36585185101080625,Moderate
R08125,State Highway,7.63,1,7.02,1,402.0,7.25,92.04,29.37,1,1,0,0,0,1,0.05459274384963003,Safe
R08126,Highway,4.04,1,6.65,1,1113.0,36.49,94.61,32.26,4,4,0,0,0,1,0.20300317944705448,Safe
R08127,Highway,13.89,0,4.31,0,227.8,1.4,104.45,16.31,0,0,0,0,0,1,0.15358813522756976,Safe
R08128,Village Road,19.9,2,4.42,2,142.4,20.48,47.35,24.29,2,4,0,0,0,1,0.21908049383658962,Safe
R08129,Village Road,9.61,0,10.18,3,2165.2,17.76,143.84,20.49,2,2,0,0,0,1,0.17573121584999096,Safe
R08130,State Highway,14.61,1,10.46,0,1662.9,4.15,50.04,33.15,1,2,0,1,0,1,0.353098303010429,Moderate
R08131,Village Road,10.15,0,8.04,0,1963.7,16.95,9.5,34.31,1,1,0,0,0,1,0.06301736206761237,Safe
R08132,District Road,8.92,0,5.66,2,495.6,36.41,125.45,12.6,3,0,1,0,0,1,0.44502116373565587,Moderate
R08133,Village Road,8.5,1,11.39,2,839.3,6.19,204.71,23.72,5,1,1,1,0,1,0.5878033111699336,High
R08134,State Highway,10.34,3,8.62,0,1137.3,44.26,81.69,23.27,1,0,1,0,0,0,0.4822716110557304,Moderate
R08135,District Road,7.65,1,10.17,0,1662.2,2.63,67.48,31.72,1,0,0,0,0,1,0.1115548708245408,Safe
R08136,Highway,15.1,0,3.03,0,1360.4,13.01,197.13,29.48,2,3,1,0,0,1,0.389813685699478,Moderate
R08137,State Highway,17.55,1,7.05,0,1401.1,34.87,74.72,17.18,4,1,0,0,0,1,0.17865973329188622,Safe
R08138,Village Road,17.72,0,10.84,0,434.5,16.09,69.97,23.05,5,1,1,1,0,1,0.4457311549365453,Moderate
R08139,District Road,4.94,0,6.04,1,1213.2,21.62,109.45,19.45,3,3,0,0,0,1,0.18603764648853388,Safe
R08140,State Highway,17.97,0,9.54,1,2068.3,8.4,71.66,18.83,1,0,0,0,0,1,0.10148681711100899,Safe
R08141,Highway,7.16,0,8.92,1,1298.2,32.2,40.43,28.27,0,1,1,0,1,1,0.40708813115328346,Moderate
R08142,District Road,6.53,1,4.37,0,539.4,8.08,149.37,24.98,4,0,1,0,0,1,0.3361051689842657,Moderate
R08143,District Road,14.67,1,9.97,1,1062.8,38.19,58.93,14.97,2,1,0,0,0,1,0.18954580145094432,Safe
R08144,State Highway,6.44,0,4.01,0,1899.3,24.28,67.98,25.52,3,1,0,0,1,1,0.2640346641229877,Moderate
R08145,Village Road,1.53,2,9.55,0,380.7,24.67,14.23,21.59,1,0,0,0,0,1,0.14239769822020157,Safe
R08146,Highway,7.79,0,11.92,1,1472.1,42.01,54.42,18.53,2,6,0,0,1,1,0.3443693395668426,Moderate
R08147,State Highway,14.57,3,11.62,0,2415.0,34.78,99.19,11.66,3,0,0,0,0,1,0.18439119840848675,Safe
R08148,Village Road,6.88,1,10.2,2,981.7,33.44,51.67,33.22,0,1,0,0,0,1,0.14689765402234922,Safe
R08149,State Highway,12.78,0,7.81,0,156.9,38.61,34.42,31.54,4,3,1,0,0,1,0.3773875173408646,Moderate
R08150,State Highway,13.37,3,9.07,2,1601.1,4.13,128.98,17.59,4,2,0,0,0,1,0.2004572776933463,Safe
R08151,District Road,14.81,0,9.55,1,165.4,32.67,85.0,23.91,3,1,0,0,0,1,0.17272284959453416,Safe
R08152,Village Road,17.99,1,3.08,1,519.4,10.49,38.02,31.62,3,3,0,0,1,1,0.23649161756345868,Safe
R08153,Highway,8.94,0,3.92,1,168.6,12.64,83.62,22.99,2,0,0,0,0,1,0.09492048897997768,Safe
R08154,Village Road,3.75,2,8.37,0,468.1,0.68,49.01,13.55,2,2,0,0,0,1,0.09052121934450715,Safe
R08155,Village Road,6.72,1,3.06,0,2144.6,40.22,65.73,21.87,1,0,0,0,0,1,0.16191736014656452,Safe
R08156,State Highway,8.93,0,11.18,1,1850.4,33.26,78.08,17.85,4,1,0,0,0,1,0.1622314346084976,Safe
R08157,District Road,14.42,0,7.41,1,887.5,6.27,120.27,21.45,3,1,1,1,0,1,0.4468510309731081,Moderate
R08158,State Highway,0.76,2,5.32,1,2248.0,14.76,36.46,31.2,4,3,0,0,0,1,0.17597209982257767,Safe
R08159,District Road,6.66,0,6.54,2,1679.7,21.6,82.93,20.22,5,0,0,0,0,1,0.13111223066817873,Safe
R08160,Village Road,15.71,0,10.66,0,1147.0,22.23,139.57,29.98,1,3,0,1,0,1,0.3141945312592231,Moderate
R08161,Village Road,13.58,1,11.34,3,217.4,26.8,84.25,15.82,2,5,0,0,1,1,0.28261273229663897,Moderate
R08162,Highway,14.77,2,4.05,0,1840.3,21.25,143.76,24.84,0,1,0,0,0,1,0.27887549070380035,Moderate
R08163,District Road,16.33,0,10.0,0,970.0,29.19,196.17,20.65,2,1,1,1,0,1,0.6178322391859822,High
R08164,District Road,15.77,0,8.2,3,791.9,39.77,29.51,34.33,0,3,0,0,0,1,0.18073232217113422,Safe
R08165,State Highway,13.8,2,8.27,0,756.3,17.91,198.65,10.02,2,0,1,0,0,1,0.5249585844747651,High
R08166,State Highway,9.07,0,10.02,3,68.9,39.45,84.99,19.09,3,4,0,0,0,1,0.2074722833706853,Safe
R08167,Highway,19.68,1,5.01,0,1869.5,9.88,74.81,30.33,3,1,0,0,0,1,0.0747426747279197,Safe
R08168,District Road,11.6,3,7.78,0,406.0,5.46,72.0,19.79,1,0,0,0,0,1,0.19910101506364436,Safe
R08169,District Road,4.45,2,5.87,0,1325.6,10.77,32.87,15.44,0,2,0,0,0,1,0.11241206012065176,Safe
R08170,State Highway,6.21,0,3.85,1,89.4,9.3,100.5,31.33,2,0,1,0,0,1,0.25320231802612597,Moderate
R08171,Village Road,14.02,0,3.95,1,1588.3,44.33,35.53,24.79,2,2,0,0,0,1,0.12039082857437361,Safe
R08172,Village Road,18.53,0,4.23,0,955.3,17.15,92.44,23.92,1,2,1,0,0,1,0.324910746569556,Moderate
R08173,District Road,3.99,3,8.53,0,1595.3,29.32,84.69,20.02,1,2,0,1,0,0,0.4084484056996435,Moderate
R08174,State Highway,2.11,3,3.95,0,270.2,31.32,108.11,13.94,5,2,0,1,0,0,0.5110714384078905,High
R08175,District Road,17.69,0,8.13,0,702.5,20.03,91.62,24.39,3,3,0,1,0,1,0.35781523513980645,Moderate
R08176,State Highway,18.35,1,8.29,3,320.3,10.06,66.96,22.63,2,2,0,0,0,1,0.13642259001454604,Safe
R08177,State Highway,5.89,2,11.14,1,1632.9,19.71,34.64,20.05,0,1,0,0,1,1,0.23418551107919605,Safe
R08178,District Road,7.86,0,8.64,2,316.0,21.32,136.93,11.92,4,2,1,1,0,1,0.5762178678579963,High
R08179,Highway,13.37,0,11.87,0,1561.9,42.93,28.09,26.27,4,1,0,0,0,1,0.12519496886003498,Safe
R08180,Highway,6.93,0,3.28,0,380.0,25.59,42.81,25.79,2,2,0,1,0,1,0.2078210306544927,Safe
R08181,Highway,17.6,1,9.34,1,2361.2,43.64,57.79,23.98,1,2,1,1,0,1,0.5325126117709135,High
R08182,State Highway,2.6,2,3.24,2,1070.1,25.95,42.92,13.29,2,3,0,0,0,1,0.20186865872342197,Safe
R08183,Highway,1.24,3,9.56,2,360.1,6.52,37.25,17.57,0,0,0,0,0,1,0.1624630123642741,Safe
R08184,Village Road,4.57,0,6.47,1,152.4,17.3,111.51,21.75,4,1,1,0,0,1,0.3744215478287735,Moderate
R08185,State Highway,6.08,0,8.5,0,857.1,35.65,38.79,28.36,2,1,0,0,0,1,0.10363233101362071,Safe
R08186,Highway,2.7,1,5.79,0,2233.9,18.97,142.82,15.57,2,0,0,0,0,1,0.13622142549202915,Safe
R08187,State Highway,1.78,2,4.43,2,402.3,4.49,77.93,30.02,1,1,0,0,0,1,0.1738767829406624,Safe
R08188,Village Road,15.23,1,9.51,0,1987.5,4.32,32.79,17.98,2,1,0,0,0,1,0.1550637573994146,Safe
R08189,District Road,3.7,1,11.14,2,1072.6,10.67,291.06,26.64,1,1,1,0,0,1,0.5231425440285253,High
R08190,State Highway,18.32,1,4.65,1,2017.2,25.41,53.35,33.42,3,2,0,0,0,1,0.13664133515728066,Safe
R08191,Village Road,7.68,0,11.29,2,2192.0,37.36,98.24,27.85,1,2,1,0,0,1,0.37958305353809485,Moderate
R08192,State Highway,13.58,1,4.26,1,2494.7,24.02,17.93,11.73,1,5,0,0,0,1,0.1934636427005058,Safe
R08193,State Highway,4.9,3,9.62,2,217.1,33.57,72.1,19.41,5,1,0,1,0,0,0.48188491973685993,Moderate
R08194,State Highway,5.19,0,11.64,0,2000.9,29.05,131.37,24.45,4,0,0,0,1,1,0.2606787962912703,Moderate
R08195,State Highway,11.71,1,4.33,1,220.7,23.58,18.24,26.83,1,1,0,0,0,1,0.15496353334888652,Safe
R08196,State Highway,11.43,0,6.92,0,821.2,9.67,222.74,18.62,2,1,1,0,0,1,0.3313848789874951,Moderate
R08197,District Road,15.49,1,6.04,1,1633.3,39.74,56.71,20.72,3,0,0,0,1,1,0.24881743592804545,Safe
R08198,State Highway,15.28,1,6.5,1,1145.9,12.41,47.02,19.4,1,2,0,0,0,1,0.09287337363288395,Safe
R08199,District Road,13.58,1,9.78,2,1434.9,11.38,63.31,27.45,1,2,0,0,0,1,0.09516566293451292,Safe
R08200,Highway,9.26,2,8.95,2,2417.2,11.6,76.18,32.84,1,3,0,0,1,1,0.23357518387028656,Safe
R08201,State Highway,17.87,1,11.72,1,2055.7,4.31,58.28,29.46,1,1,0,1,0,1,0.35206034995355506,Moderate
R08202,District Road,12.64,1,4.67,0,941.0,22.44,146.84,16.58,3,0,0,1,0,1,0.3758389120993738,Moderate
R08203,Village Road,19.81,0,7.89,3,1519.9,14.74,94.33,23.5,1,3,1,0,0,1,0.30630915982363816,Moderate
R08204,State Highway,16.48,2,7.04,0,168.8,23.49,54.66,21.95,0,2,0,0,0,1,0.2744858875378761,Moderate
R08205,District Road,1.36,0,11.27,2,1159.6,20.39,50.28,10.39,0,1,0,0,0,1,0.08593292222442456,Safe
R08206,State Highway,6.75,2,3.1,1,1540.6,23.39,25.88,33.46,3,1,0,0,1,1,0.21895546926604587,Safe
R08207,Highway,11.65,0,11.9,2,1801.1,13.39,54.86,21.65,0,2,1,0,0,1,0.2850864503116338,Moderate
R08208,Highway,14.57,0,7.32,1,2258.7,36.68,106.41,33.58,2,0,1,0,0,1,0.3842985567412115,Moderate
R08209,State Highway,11.23,0,8.63,1,743.5,24.04,22.15,26.6,0,2,0,1,0,1,0.2291739597238482,Safe
R08210,State Highway,15.83,3,6.24,1,2260.3,9.38,21.72,27.7,2,2,0,0,0,1,0.16442623395641273,Safe
R08211,State Highway,6.01,0,10.67,2,1670.7,40.58,205.4,20.67,1,2,1,0,0,1,0.38701414407340884,Moderate
R08212,Village Road,4.09,0,8.06,0,240.2,4.93,36.61,31.45,0,1,0,0,0,1,0.05447565084974415,Safe
R08213,Highway,1.55,0,8.97,2,981.8,33.0,47.53,14.64,1,1,0,0,0,1,0.1848938648651917,Safe
R08214,District Road,11.68,0,8.84,0,1217.7,30.53,58.0,33.98,4,3,0,0,0,1,0.08206703370647414,Safe
R08215,State Highway,13.93,0,6.28,2,913.6,3.28,23.54,25.41,1,2,0,0,0,1,0.099345802351181,Safe
R08216,District Road,6.86,1,3.68,0,334.1,40.57,116.74,18.31,2,0,0,1,0,1,0.4032851506550526,Moderate
R08217,District Road,12.46,0,10.27,0,1401.4,14.23,2.26,28.48,0,1,0,0,0,1,0.0018632660840927906,Safe
R08218,State Highway,1.52,1,5.61,2,372.8,33.34,75.97,28.63,2,3,0,1,0,1,0.3846722286563247,Moderate
R08219,State Highway,2.44,0,10.64,2,2291.8,12.47,198.92,29.36,0,3,0,0,0,1,0.19266324523932116,Safe
R08220,District Road,14.18,1,8.48,2,2169.9,23.66,53.08,17.34,0,2,0,0,0,1,0.14497994512820458,Safe
R08221,Village Road,7.68,1,6.18,3,1214.3,43.76,66.67,10.64,5,2,0,0,0,1,0.27056836007205337,Moderate
R08222,State Highway,13.59,0,8.35,0,216.0,27.48,40.34,32.23,4,1,0,0,0,1,0.1223706618789481,Safe
R08223,Highway,16.72,1,8.81,0,1402.9,13.33,26.29,29.94,2,1,0,0,0,1,0.1515568439943964,Safe
R08224,Village Road,17.13,0,9.36,0,1501.0,20.63,188.57,20.05,1,4,1,0,0,1,0.38196531859773275,Moderate
R08225,State Highway,3.86,0,10.4,1,2226.6,30.42,97.29,14.16,0,2,0,1,0,1,0.2731434473268177,Moderate
R08226,District Road,9.98,1,4.44,1,215.4,20.03,38.16,21.72,1,3,0,0,0,1,0.21155909715372917,Safe
R08227,State Highway,14.81,1,11.5,2,1745.7,40.98,17.87,17.64,2,1,0,0,0,1,0.17881842363908182,Safe
R08228,Highway,15.59,1,6.7,0,1428.9,39.04,80.01,14.85,0,1,1,0,1,1,0.4962010690735947,Moderate
R08229,District Road,15.8,0,10.74,0,478.2,6.61,30.42,22.15,1,0,0,0,0,1,0.04510113871392395,Safe
R08230,District Road,4.95,0,4.98,1,348.2,35.32,48.74,30.74,2,2,0,0,0,1,0.175993951543656,Safe
R08231,State Highway,4.25,0,3.26,0,1750.2,42.41,73.92,24.54,2,1,0,0,0,1,0.1798457719381371,Safe
R08232,District Road,12.01,1,8.16,1,882.6,14.26,153.36,22.19,3,3,1,1,0,1,0.5492070565349354,High
R08233,Village Road,14.95,1,5.92,0,2499.9,10.72,83.69,34.85,3,0,0,0,0,1,0.19086660461885047,Safe
R08234,District Road,6.72,0,11.86,3,2240.3,0.43,72.33,29.01,2,0,0,0,0,1,0.11522556916034156,Safe
R08235,Highway,2.54,2,3.94,1,1436.0,5.2,141.92,13.3,2,4,1,0,0,1,0.42007815355962685,Moderate
R08236,District Road,14.48,0,3.43,2,1622.2,43.24,64.29,20.42,1,2,0,0,0,1,0.2055799158928566,Safe
R08237,District Road,6.34,3,3.41,1,439.3,17.6,10.97,21.62,3,1,0,0,0,1,0.12433857035936269,Safe
R08238,Village Road,3.74,0,4.95,0,2240.3,17.43,70.86,25.26,3,1,0,0,0,1,0.13866837996323697,Safe
R08239,District Road,3.38,2,8.21,0,1174.4,12.0,104.5,27.04,1,4,0,1,0,0,0.4402252622366867,Moderate
R08240,State Highway,6.64,1,7.55,2,1327.3,7.38,53.15,18.14,3,0,0,1,0,1,0.35861729659610914,Moderate
R08241,District Road,12.06,2,6.15,3,2189.2,22.9,49.51,19.18,1,0,1,0,0,1,0.3923878284399078,Moderate
R08242,District Road,7.49,0,3.8,0,65.3,32.54,63.87,12.59,1,0,1,1,0,1,0.5272278607210402,High
R08243,Highway,0.9,1,5.1,0,1261.1,24.79,54.02,12.23,2,3,0,0,0,1,0.20957294273405858,Safe
R08244,District Road,2.39,0,4.66,1,1585.6,1.6,188.09,28.95,3,0,1,1,0,1,0.5304482464646537,High
R08245,State Highway,6.16,3,9.71,1,440.3,36.16,49.42,33.15,0,1,0,0,0,1,0.20991491132354764,Safe
R08246,District Road,13.36,3,10.02,2,217.3,41.92,93.89,14.92,2,1,0,0,0,1,0.2840007109912785,Moderate
R08247,State Highway,2.42,0,9.99,1,1360.6,19.82,97.93,33.08,4,2,1,0,1,1,0.47436476672566397,Moderate
R08248,District Road,11.43,1,11.72,0,1391.4,16.49,57.19,18.59,0,1,1,0,1,1,0.40848337349499414,Moderate
R08249,Village Road,2.84,1,10.96,3,859.1,10.34,84.57,32.02,4,2,0,1,0,1,0.3648659291162665,Moderate
R08250,Village Road,4.63,0,7.48,1,2211.5,13.58,26.44,10.65,0,3,0,0,0,1,0.07375229002462565,Safe
R08251,Village Road,3.86,0,6.73,2,787.7,29.0,120.0,12.26,0,5,1,0,0,1,0.38664551857417784,Moderate
R08252,Village Road,1.81,3,11.24,2,1315.4,34.66,28.69,20.87,2,3,0,0,0,1,0.21439556154925907,Safe
R08253,Highway,13.59,1,8.5,0,507.5,14.95,62.28,31.2,2,3,1,0,0,1,0.3427528545725719,Moderate
R08254,District Road,9.54,0,5.65,0,77.3,15.29,80.61,21.23,2,3,0,1,0,1,0.3428255776861817,Moderate
R08255,District Road,16.71,0,8.08,0,1093.8,20.3,37.4,30.99,0,1,0,0,0,1,0.09351790368318905,Safe
R08256,Village Road,2.43,0,11.93,3,1341.0,7.66,124.79,18.52,0,2,1,0,0,1,0.39716480104550533,Moderate
R08257,State Highway,3.32,1,10.65,2,1923.5,41.72,51.46,13.31,2,1,0,1,0,1,0.3857366691789559,Moderate
R08258,Village Road,6.48,0,5.53,0,1149.5,31.75,75.24,33.14,3,3,1,0,0,1,0.2530250898606782,Moderate
R08259,District Road,15.43,1,11.58,1,732.9,19.51,86.06,11.91,3,1,0,0,0,1,0.1524028259871515,Safe
R08260,Village Road,6.46,0,11.83,1,1530.4,5.5,77.72,27.68,0,0,0,1,0,1,0.30597187422455296,Moderate
R08261,Highway,8.46,0,5.08,0,983.9,38.2,110.04,32.07,0,2,0,0,0,1,0.1741012845285939,Safe
R08262,State Highway,6.38,0,11.06,1,621.9,21.77,68.9,13.0,0,5,0,1,0,1,0.3162978383192303,Moderate
R08263,Village Road,2.06,2,10.95,2,2280.4,35.86,68.46,22.98,2,3,0,1,0,0,0.4462171946056759,Moderate
R08264,Highway,18.82,0,3.36,0,1364.9,1.5,43.81,11.32,1,2,0,0,0,1,0.02899521194382998,Safe
R08265,Village Road,11.2,2,9.03,2,541.2,12.31,58.83,21.47,1,2,0,0,0,1,0.16546968242764185,Safe
R08266,Highway,15.86,0,5.75,2,1693.7,27.99,325.94,29.68,0,4,1,0,0,1,0.4579229542137665,Moderate
R08267,District Road,13.34,1,9.07,0,2017.5,21.96,88.09,17.6,2,4,0,0,0,1,0.15771932419925297,Safe
R08268,State Highway,10.53,0,11.22,2,1908.4,13.28,77.72,15.83,0,2,0,0,0,1,0.1140857743001277,Safe
R08269,District Road,2.25,1,7.49,0,1518.9,9.05,19.83,16.29,4,0,0,0,0,1,0.09652976612702702,Safe
R08270,District Road,13.03,2,6.73,2,1323.1,13.58,24.86,29.78,1,0,0,0,0,1,0.2067511525761931,Safe
R08271,State Highway,3.53,0,11.29,1,1954.4,33.41,156.73,34.34,1,0,1,0,0,1,0.42920938866197655,Moderate
R08272,Highway,8.58,0,11.77,2,1784.9,8.27,64.87,15.71,5,0,0,1,1,1,0.3787509886133301,Moderate
R08273,Highway,12.77,1,3.56,2,1450.1,26.72,72.37,11.72,2,1,0,0,0,1,0.2630450770763451,Moderate
R08274,District Road,15.75,0,11.31,0,1661.4,19.07,184.26,13.15,0,2,1,1,0,1,0.6151549313232809,High
R08275,District Road,13.86,1,3.74,1,463.1,34.34,116.19,25.71,3,3,0,0,1,1,0.30757728235701726,Moderate
R08276,District Road,13.59,0,6.04,1,98.8,9.07,153.75,26.9,0,1,0,0,0,1,0.16004461190066305,Safe
R08277,District Road,3.41,1,9.86,1,2331.3,12.15,108.04,21.23,4,0,0,1,0,1,0.3165625267246621,Moderate
R08278,District Road,7.25,1,9.99,0,2341.4,17.94,159.84,11.98,1,1,0,0,0,1,0.17597746097914102,Safe
R08279,State Highway,1.34,0,9.53,3,1980.5,7.5,17.36,33.2,0,2,0,0,0,1,0.07738865930648109,Safe
R08280,Highway,14.53,1,3.35,2,962.1,20.75,48.69,33.25,4,4,1,0,0,1,0.3594688900543868,Moderate
R08281,State Highway,19.08,1,4.2,0,419.3,18.72,68.62,19.84,2,2,0,0,0,1,0.13015152028759985,Safe
R08282,Village Road,5.65,0,11.43,1,925.5,44.55,31.72,30.52,2,1,0,1,0,1,0.3394628906788901,Moderate
R08283,Village Road,2.21,1,3.73,1,1829.3,26.72,11.38,32.46,3,0,0,0,0,1,0.17566012917619556,Safe
R08284,State Highway,9.77,1,3.71,2,871.2,3.13,33.55,22.7,2,1,0,0,0,1,0.12898919369175385,Safe
R08285,District Road,17.21,0,10.52,1,2000.0,20.7,85.0,25.04,2,4,0,1,0,1,0.24565745172428455,Safe
R08286,Village Road,11.26,3,8.77,0,1698.9,39.53,78.83,28.33,4,2,0,1,0,0,0.4371898971271266,Moderate
R08287,District Road,1.41,1,6.16,0,1593.5,39.0,162.13,32.28,0,0,0,1,0,1,0.40412875000476906,Moderate
R08288,Highway,19.5,0,4.49,3,2329.1,43.28,55.65,12.23,4,1,1,0,0,1,0.36843054178093065,Moderate
R08289,Highway,16.66,2,10.96,1,2238.9,40.24,116.29,11.32,2,1,1,0,0,1,0.4443541910406134,Moderate
R08290,District Road,3.07,0,11.9,0,1793.6,7.93,249.71,26.88,4,3,1,1,0,1,0.5988906504881123,High
R08291,Village Road,18.48,1,3.45,1,538.2,0.16,108.06,11.19,0,1,0,0,0,1,0.01186265845665771,Safe
R08292,District Road,9.29,0,7.99,0,2350.4,27.73,45.25,12.61,1,1,0,0,0,1,0.06197301306737747,Safe
R08293,Highway,7.75,2,5.35,0,606.5,31.61,230.45,20.56,1,3,1,1,0,0,0.6759824952801262,High
R08294,State Highway,9.49,2,10.49,1,962.8,5.9,163.31,14.56,2,2,1,0,0,1,0.4217547054953317,Moderate
R08295,Village Road,16.77,1,6.11,0,2075.6,7.51,153.95,32.47,3,1,0,0,0,1,0.18480940090107892,Safe
R08296,Village Road,13.36,0,9.43,1,561.2,43.34,112.62,18.29,5,2,1,0,0,1,0.3911290604818732,Moderate
R08297,District Road,1.66,0,7.86,1,1614.6,42.47,120.84,24.44,3,0,0,0,0,1,0.18692163800949485,Safe
R08298,District Road,19.17,1,7.87,1,1171.7,7.06,62.6,10.25,4,1,1,0,0,1,0.3605815241481178,Moderate
R08299,Highway,3.38,0,10.72,1,1578.9,11.12,48.23,22.84,4,1,0,0,0,1,0.14318886367255174,Safe
R08300,Village Road,15.04,0,7.23,1,2397.2,40.15,216.57,30.25,2,1,0,0,0,1,0.2881478872419491,Moderate
R08301,Village Road,12.9,1,10.61,0,2030.5,19.57,62.35,34.21,0,3,1,0,0,1,0.3644202402948963,Moderate
R08302,State Highway,4.16,2,6.27,1,774.8,35.91,204.24,26.97,2,2,1,1,1,0,0.8241800795225606,Critical
R08303,District Road,3.83,0,4.57,0,190.3,17.82,19.81,15.07,4,3,0,0,0,1,0.06665975042741638,Safe
R08304,State Highway,17.47,0,7.1,1,2419.3,33.14,30.93,19.08,2,0,0,0,0,1,0.11848583502085708,Safe
R08305,Highway,8.68,2,7.49,1,1483.7,17.86,86.09,13.92,2,3,0,0,0,1,0.25048707025401623,Moderate
R08306,State Highway,13.26,2,7.31,1,474.1,40.46,37.84,18.45,1,3,0,0,0,1,0.1523900686477393,Safe
R08307,State Highway,10.33,1,10.27,1,1586.4,14.65,28.59,24.03,1,3,0,0,0,1,0.10663552048539261,Safe
R08308,State Highway,14.68,0,8.08,1,153.4,23.54,57.59,22.18,1,1,0,1,0,1,0.29156179869226484,Moderate
R08309,District Road,9.85,1,11.0,0,509.4,23.48,109.86,31.84,5,1,0,0,0,1,0.19150547036885235,Safe
R08310,District Road,6.1,2,7.63,1,1599.9,29.2,45.6,15.1,0,0,1,1,0,0,0.5665643004456308,High
R08311,District Road,7.59,0,5.02,3,1036.1,13.8,34.69,20.84,2,0,0,0,0,1,0.08306736636415432,Safe
R08312,State Highway,17.25,1,4.17,0,846.5,28.92,56.22,25.8,3,0,0,0,0,1,0.1321121684598247,Safe
R08313,Highway,9.63,1,10.82,0,1656.0,6.35,30.7,34.53,1,1,0,0,0,1,0.05441922515050188,Safe
R08314,District Road,4.66,1,3.51,0,2172.7,40.21,108.3,15.35,3,1,0,0,0,1,0.14511168947597147,Safe
R08315,State Highway,18.72,2,4.06,1,1712.5,6.49,57.42,30.83,2,2,0,0,1,1,0.23761819308890478,Safe
R08316,State Highway,16.03,1,3.57,1,1185.4,37.81,53.02,25.44,1,0,0,0,0,1,0.1660469280537964,Safe
R08317,Village Road,1.59,1,6.81,2,1664.2,31.19,67.72,13.35,0,2,1,0,0,1,0.39519514873405864,Moderate
R08318,District Road,19.98,1,7.79,1,1754.3,15.35,95.99,29.6,1,1,0,1,0,1,0.28223295409456306,Moderate
R08319,Village Road,14.05,0,3.18,0,1948.9,14.73,54.92,14.37,0,1,0,0,1,1,0.22357967524504532,Safe
R08320,District Road,3.63,1,7.64,3,802.3,43.47,2.73,27.49,3,0,0,0,0,1,0.21019442320928575,Safe
R08321,Highway,5.12,2,6.54,0,330.4,8.77,108.04,16.01,2,1,0,0,0,1,0.18295587613155737,Safe
R08322,District Road,14.0,3,9.96,0,1720.6,32.53,46.02,21.71,1,1,0,1,0,0,0.46719944784374023,Moderate
R08323,State Highway,15.71,1,10.47,0,346.7,8.27,121.3,29.58,2,1,0,0,1,1,0.2522377414822529,Moderate
R08324,District Road,5.16,0,9.16,0,1181.9,40.74,70.83,25.86,5,3,1,0,0,1,0.2696227374082936,Moderate
R08325,Highway,5.51,3,7.26,2,615.2,33.39,73.85,28.51,1,1,1,0,0,0,0.45493287341754723,Moderate
R08326,Village Road,6.49,1,4.95,1,863.6,41.97,360.68,30.08,5,1,1,1,0,1,0.7726693592977455,Critical
R08327,Highway,12.16,3,10.62,2,1203.0,39.56,67.31,10.87,1,1,0,0,0,1,0.2276614877205233,Safe
R08328,Village Road,3.85,0,6.08,2,2245.6,24.73,43.2,22.01,1,1,0,0,0,1,0.1575351593997632,Safe
R08329,Village Road,2.53,0,6.21,0,1717.0,6.85,34.48,34.64,2,1,1,0,0,1,0.20846781350997426,Safe
R08330,District Road,13.74,0,11.24,1,470.5,9.97,57.68,29.88,2,1,0,0,0,1,0.11901601982210722,Safe
R08331,District Road,15.69,2,11.78,1,2204.6,9.08,87.34,19.15,1,1,1,0,0,1,0.32374901829668656,Moderate
R08332,District Road,10.27,2,11.08,2,1276.3,9.93,98.89,17.13,1,1,1,0,0,1,0.46716805398044936,Moderate
R08333,Village Road,7.59,1,11.98,0,550.4,21.44,80.67,27.62,2,0,0,0,1,1,0.29272891394766404,Moderate
R08334,District Road,8.92,0,10.82,1,1342.2,39.05,13.66,13.43,0,1,0,0,0,1,0.11808699551894827,Safe
R08335,Village Road,8.07,0,9.34,2,517.8,1.04,160.71,32.07,0,2,1,0,0,1,0.36631987673212985,Moderate
R08336,District Road,19.22,1,5.64,0,949.9,10.73,223.94,12.05,2,3,1,0,0,1,0.4428481184635874,Moderate
R08337,Village Road,15.48,1,11.58,0,2023.5,26.86,217.05,23.98,0,2,1,1,0,1,0.5897747801411528,High
R08338,District Road,4.56,1,10.89,1,1663.6,38.94,52.52,31.17,3,1,1,0,0,1,0.4020641985911952,Moderate
R08339,District Road,7.99,0,5.17,1,1221.0,13.39,46.94,28.0,4,0,0,0,0,1,0.04250125204036915,Safe
R08340,Village Road,11.11,1,7.4,1,604.8,17.21,121.35,22.14,4,1,0,0,0,1,0.18523606243651144,Safe
R08341,Village Road,12.45,0,3.63,2,741.3,16.8,166.31,15.74,1,2,1,0,0,1,0.370250311600739,Moderate
R08342,District Road,9.63,1,11.58,1,2446.7,13.22,54.6,25.01,1,2,0,0,0,1,0.13878201804249682,Safe
R08343,State Highway,16.3,1,8.15,1,890.2,31.44,102.59,34.16,1,3,1,0,0,1,0.4258488589569438,Moderate
R08344,District Road,15.47,3,5.21,0,1559.5,29.51,174.79,12.38,1,0,1,0,0,0,0.4224778549608759,Moderate
R08345,Village Road,10.35,1,5.63,2,1274.4,37.95,98.98,10.79,0,1,0,0,0,1,0.25045086851473086,Moderate
R08346,Village Road,17.16,1,11.83,2,106.6,41.29,56.74,20.49,3,1,0,0,0,1,0.12784629693276112,Safe
R08347,Village Road,15.15,0,8.54,0,2364.5,40.52,57.8,24.78,1,2,0,0,0,1,0.16845733280238606,Safe
R08348,Highway,15.68,3,6.79,1,265.4,24.31,39.59,18.95,1,0,0,0,0,1,0.1790582427056441,Safe
R08349,District Road,19.15,0,7.5,2,1663.8,8.36,78.7,27.94,2,1,0,0,0,1,0.14626855907788452,Safe
R08350,District Road,5.7,0,3.89,1,2037.0,10.0,52.47,23.07,3,0,0,1,0,1,0.2165079235322696,Safe
R08351,Village Road,5.72,3,3.68,1,1884.4,26.56,14.15,18.68,2,1,0,0,0,1,0.18211721135253725,Safe
R08352,Highway,17.83,1,8.33,1,2032.7,41.33,44.61,29.85,4,2,0,0,1,1,0.28873376681833546,Moderate
R08353,Village Road,15.56,1,7.61,0,1862.3,23.87,83.14,12.49,0,4,1,0,0,1,0.2725684108154166,Moderate
R08354,District Road,18.57,0,6.23,1,1141.7,42.11,114.02,11.0,2,2,0,0,0,1,0.19896335913652413,Safe
R08355,State Highway,1.73,2,8.1,2,2245.9,11.8,26.28,11.42,5,1,0,0,0,1,0.1419248973755025,Safe
R08356,State Highway,12.74,0,3.65,1,2285.5,3.89,171.84,30.36,4,2,0,0,0,1,0.21835437114514122,Safe
R08357,State Highway,3.32,0,11.5,1,1120.5,35.83,57.93,29.95,2,2,0,1,0,1,0.3708150152631003,Moderate
R08358,District Road,10.33,0,5.64,0,1237.7,39.57,40.52,30.77,1,4,0,0,0,1,0.2041866872869723,Safe
R08359,Highway,3.54,0,3.65,0,1239.8,20.16,56.27,17.09,2,3,0,1,0,1,0.2569262042151273,Moderate
R08360,State Highway,3.0,3,4.53,0,733.3,4.61,134.68,22.29,0,2,0,0,0,1,0.24280097684460591,Safe
R08361,Village Road,0.74,1,3.86,0,331.6,1.9,87.41,17.99,2,2,0,0,0,1,0.10548891598438224,Safe
R08362,Highway,12.79,1,4.61,1,691.8,2.82,279.72,24.68,4,3,0,0,0,1,0.24616626501589065,Safe
R08363,State Highway,7.5,3,6.75,1,2118.1,19.76,78.3,31.13,3,0,0,1,0,0,0.43149466589505414,Moderate
R08364,District Road,2.55,0,9.64,0,1380.5,10.57,81.96,10.5,0,4,0,0,0,1,0.11233490071737896,Safe
R08365,District Road,6.8,0,5.45,3,2133.0,20.79,27.62,24.24,0,2,0,0,0,1,0.13108443550382665,Safe
R08366,Village Road,3.79,1,6.92,1,1875.6,21.98,82.44,15.03,5,2,0,0,0,1,0.1689133337880189,Safe
R08367,District Road,18.86,1,11.36,2,904.1,20.61,33.74,31.75,2,1,1,0,0,1,0.3105873768421529,Moderate
R08368,Village Road,6.74,1,5.66,0,504.0,27.9,96.95,33.92,0,0,0,0,0,1,0.18594322915415593,Safe
R08369,District Road,7.01,0,10.15,0,1439.7,30.57,110.8,30.7,3,2,0,0,0,1,0.17052394170103047,Safe
R08370,Highway,16.88,1,4.42,1,2342.8,17.82,102.67,10.84,2,1,0,0,0,1,0.16735480549425594,Safe
R08371,State Highway,13.13,0,4.6,0,2106.6,15.17,124.15,17.57,1,0,1,0,0,1,0.23860443593718378,Safe
R08372,District Road,14.35,0,7.11,0,1921.4,16.58,68.66,15.74,1,1,0,0,0,1,0.061523201818841716,Safe
R08373,State Highway,12.9,0,5.11,0,1922.2,3.16,58.96,30.66,3,0,0,0,0,1,0.026379214475596567,Safe
R08374,District Road,18.95,0,11.13,0,1343.0,14.47,127.49,10.45,1,3,0,0,0,1,0.1954216870860818,Safe
R08375,District Road,4.54,1,3.46,1,465.3,9.0,119.8,33.07,4,1,0,0,0,1,0.139149333104555,Safe
R08376,State Highway,19.79,0,8.38,2,749.6,13.09,128.38,24.69,1,0,0,0,0,1,0.22000725519006356,Safe
R08377,State Highway,16.7,3,8.44,1,1465.8,32.15,88.18,28.6,4,0,1,0,1,0,0.6091587256650596,High
R08378,State Highway,11.98,3,3.59,0,825.1,44.48,182.61,21.39,3,3,1,0,0,0,0.5062044593509938,High
R08379,District Road,13.42,1,9.59,2,1964.8,41.56,140.25,27.68,5,3,1,1,0,1,0.6034157016816581,High
R08380,District Road,13.15,3,7.22,0,964.4,36.97,165.03,18.36,2,0,1,1,0,0,0.6426777592638911,High
R08381,District Road,1.64,3,9.51,2,329.0,33.17,24.9,26.5,1,1,0,0,0,1,0.26560845877589806,Moderate
R08382,State Highway,4.75,1,10.44,3,1967.2,42.52,37.7,20.77,3,0,0,0,0,1,0.18907898166767984,Safe
R08383,District Road,19.25,1,5.91,0,1760.4,33.84,73.8,33.3,2,0,0,0,0,1,0.1158535486774391,Safe
R08384,Village Road,10.92,3,7.36,0,670.2,21.19,16.22,33.26,5,1,0,0,0,1,0.1934836703274666,Safe
R08385,State Highway,7.88,1,5.35,3,2453.7,27.06,3.42,24.26,1,2,0,1,0,1,0.31594083450319643,Moderate
R08386,District Road,15.36,0,4.81,0,1037.8,13.76,37.47,29.33,2,2,0,0,0,1,0.09648311573600173,Safe
R08387,Village Road,10.73,1,3.01,0,1717.1,0.15,112.5,28.56,1,2,0,0,0,1,0.1013822234584988,Safe
R08388,State Highway,0.76,0,11.67,1,2280.6,15.91,30.49,27.66,2,3,0,0,0,1,0.1030012882829171,Safe
R08389,District Road,14.86,0,6.97,0,432.2,18.22,106.21,34.35,1,1,0,0,0,1,0.06822200177642937,Safe
R08390,Highway,14.78,0,3.12,3,2203.6,32.99,78.38,31.94,2,0,0,0,0,1,0.20998985197728626,Safe
R08391,District Road,3.72,0,3.08,0,1774.6,38.66,39.73,28.63,0,2,0,0,0,1,0.12876754222698514,Safe
R08392,Highway,19.15,0,5.6,1,460.5,43.32,118.44,11.98,2,0,0,0,0,1,0.18406030623987304,Safe
R08393,Village Road,4.87,2,3.13,1,1678.1,15.83,14.23,18.88,2,2,0,0,0,1,0.06469060514814683,Safe
R08394,District Road,9.43,0,6.37,1,2192.7,43.08,123.45,18.58,0,0,0,1,0,1,0.3569290906482481,Moderate
R08395,Village Road,2.74,0,3.57,1,2007.6,35.97,208.89,22.8,0,0,1,1,0,1,0.6406859280791096,High
R08396,District Road,12.26,0,3.35,3,1913.5,1.39,109.81,31.42,1,3,0,0,0,1,0.15313372776298884,Safe
R08397,District Road,7.82,1,9.02,2,445.3,26.79,176.58,26.8,1,2,1,0,0,1,0.4381288386165528,Moderate
R08398,District Road,7.39,3,11.16,1,517.0,16.45,146.42,29.29,0,3,1,0,0,0,0.5038764918128873,High
R08399,Village Road,16.63,0,6.68,1,1391.9,1.53,55.28,11.04,2,2,0,0,0,1,0.11651336016616176,Safe
R08400,Village Road,0.69,0,10.53,0,1471.4,23.92,36.67,11.34,0,0,0,0,1,1,0.15049770875619498,Safe
R08401,District Road,16.06,1,3.26,1,2361.9,26.32,72.07,33.21,0,3,0,0,0,1,0.27481463169203624,Moderate
R08402,Village Road,11.64,1,10.0,0,1198.3,11.35,148.37,15.24,2,1,1,0,0,1,0.36894618855873196,Moderate
R08403,District Road,19.73,0,3.57,2,791.1,42.29,137.44,29.86,3,5,1,0,0,1,0.374336579708644,Moderate
R08404,District Road,11.99,0,10.55,0,517.4,27.47,29.95,23.71,0,1,0,0,0,1,0.0809579927063815,Safe
R08405,District Road,1.58,1,10.94,2,182.7,7.92,29.95,18.74,4,1,0,0,0,1,0.10592580023121867,Safe
R08406,State Highway,1.49,0,10.07,1,218.2,32.46,84.96,29.09,2,3,0,0,0,1,0.17592146312183712,Safe
R08407,Highway,17.72,3,10.39,3,1456.7,22.46,260.8,34.12,4,1,1,1,0,0,0.749155800726597,High
R08408,State Highway,16.9,0,8.05,1,481.8,21.3,108.19,16.47,3,1,1,0,1,1,0.4481950736091395,Moderate
R08409,District Road,7.24,0,5.38,2,2136.5,37.55,122.46,18.81,5,0,0,1,0,1,0.4001162605687921,Moderate
R08410,State Highway,12.55,2,8.79,1,1511.4,6.22,40.83,17.33,0,2,1,1,0,0,0.53585685376471,High
R08411,District Road,10.05,2,6.96,3,2169.0,22.09,55.15,26.12,2,0,1,0,0,1,0.4270673647574468,Moderate
R08412,Village Road,19.36,0,3.05,2,1097.3,35.13,54.85,28.11,4,1,0,0,1,1,0.3027096017468184,Moderate
R08413,State Highway,19.02,3,7.29,2,1509.7,29.72,27.9,21.96,5,1,0,0,0,1,0.2714261189836152,Moderate
R08414,District Road,19.68,1,8.86,0,1337.3,0.24,44.21,15.36,3,0,0,0,0,1,0.06707935061762521,Safe
R08415,Highway,17.4,0,3.12,1,2467.4,35.44,64.95,18.03,5,3,1,0,0,1,0.32657977522469217,Moderate
R08416,Highway,18.24,1,8.59,0,2002.2,42.51,130.03,28.68,1,1,1,0,0,1,0.4046324977743725,Moderate
R08417,Village Road,4.74,0,8.87,0,1508.7,31.71,69.92,32.09,2,4,0,0,0,1,0.07849501890442157,Safe
R08418,District Road,16.7,0,4.42,2,1536.1,39.42,113.59,22.7,4,1,0,1,0,1,0.38936566045404053,Moderate
R08419,Village Road,14.32,0,6.88,0,659.6,16.24,71.68,16.22,2,2,0,0,0,1,0.10707416854288221,Safe
R08420,Highway,19.27,1,11.68,1,1850.1,15.78,174.97,26.64,3,1,1,0,0,1,0.4911672623998165,Moderate
R08421,District Road,11.64,2,10.96,0,2457.9,14.44,67.01,25.99,2,0,1,0,0,1,0.3625434673927466,Moderate
R08422,State Highway,2.16,1,6.7,0,367.1,33.07,98.46,32.73,1,2,0,0,0,1,0.2180941899611898,Safe
R08423,State Highway,12.15,0,6.15,0,1611.3,42.39,29.5,17.12,1,0,0,0,1,1,0.1541636524036101,Safe
R08424,Highway,13.89,1,4.12,1,1318.8,39.84,104.97,30.43,0,0,0,1,0,1,0.40703901335760373,Moderate
R08425,Highway,4.8,1,3.32,0,2133.5,6.76,109.93,26.77,2,2,1,0,0,1,0.32459003619827076,Moderate
R08426,State Highway,8.19,2,5.68,1,50.1,28.17,101.95,31.0,1,0,1,0,0,1,0.4053801553161708,Moderate
R08427,Highway,12.17,0,11.46,0,384.6,44.82,66.43,12.57,1,2,1,0,0,1,0.32700839844723256,Moderate
R08428,Village Road,7.8,1,11.63,3,140.8,13.29,67.35,30.68,3,1,1,0,0,1,0.27310198808737485,Moderate
R08429,State Highway,7.81,1,10.31,3,449.2,28.57,37.26,21.93,1,3,0,0,0,1,0.1517183428219016,Safe
R08430,Highway,3.1,2,6.16,1,1784.4,40.8,45.76,29.36,1,0,1,0,0,1,0.40127783143868223,Moderate
R08431,State Highway,18.84,0,4.29,0,392.2,40.48,86.86,16.08,2,1,0,0,0,1,0.16330964964551117,Safe
R08432,District Road,15.13,0,8.36,0,1574.7,14.47,69.27,18.69,2,0,0,0,0,1,0.04744699260602156,Safe
R08433,Highway,0.52,1,8.82,3,2177.1,4.23,53.9,20.37,1,1,0,0,0,1,0.11175857732362156,Safe
R08434,Village Road,15.43,2,6.82,1,134.8,29.07,42.34,23.76,5,1,0,0,0,1,0.16803652288765025,Safe
R08435,Village Road,14.93,1,9.22,1,115.6,42.61,59.72,22.76,2,2,0,0,1,1,0.30180205423139606,Moderate
R08436,State Highway,0.69,3,9.72,2,2475.1,22.86,37.61,15.91,3,3,0,0,0,1,0.26653136191300525,Moderate
R08437,District Road,7.71,0,10.05,3,1699.5,20.6,29.46,32.59,1,3,0,0,0,1,0.10013697194934582,Safe
R08438,Highway,12.33,1,7.52,2,394.7,38.88,93.83,33.61,1,0,0,1,0,1,0.5143623232509343,High
R08439,District Road,9.33,1,10.12,2,801.4,19.11,14.08,15.93,2,3,0,0,1,1,0.287598190871067,Moderate
R08440,District Road,15.67,1,3.23,2,2463.3,30.64,67.33,19.77,2,1,1,0,0,1,0.3440496278173289,Moderate
R08441,State Highway,8.8,2,9.12,2,606.7,17.49,14.76,30.12,3,1,0,0,0,1,0.1083245929435146,Safe
R08442,State Highway,3.5,2,5.12,1,1894.4,16.97,178.39,29.57,0,2,0,0,0,1,0.182785494744161,Safe
R08443,District Road,19.54,1,5.43,3,640.9,8.45,118.28,34.34,1,1,0,0,0,1,0.1618604717844768,Safe
R08444,District Road,5.22,1,3.82,2,1026.2,3.98,83.6,33.68,1,2,1,0,0,1,0.3755074609030408,Moderate
R08445,State Highway,14.5,3,4.73,1,2207.7,39.83,79.99,31.88,3,1,0,0,0,1,0.2675096541105808,Moderate
R08446,District Road,3.29,1,11.93,1,119.7,8.15,184.65,24.66,0,3,1,0,0,1,0.3986740896555295,Moderate
R08447,District Road,6.92,2,6.74,2,802.7,2.8,94.18,18.45,0,2,0,0,0,1,0.1539116634236615,Safe
R08448,Village Road,9.12,3,11.35,1,1243.6,26.2,35.25,23.06,2,2,0,0,0,1,0.28479048792751993,Moderate
R08449,Highway,4.25,1,4.47,2,1582.5,24.57,140.99,29.28,0,3,0,0,0,1,0.22217691874557027,Safe
R08450,Village Road,9.27,2,4.84,0,119.2,25.55,24.51,12.61,1,2,0,1,0,0,0.3396524569663196,Moderate
R08451,District Road,3.56,1,8.02,3,1056.1,21.06,70.93,27.58,4,1,0,0,0,1,0.20873959327516703,Safe
R08452,Highway,11.4,0,6.15,1,893.5,6.39,63.95,32.4,1,1,0,1,0,1,0.24223916158903952,Safe
R08453,District Road,13.44,1,8.8,0,115.8,0.94,41.33,15.26,1,1,0,0,0,1,0.03511794442023274,Safe
R08454,District Road,1.72,0,6.8,2,920.7,2.09,78.48,30.28,0,1,0,0,0,1,0.06379305411425214,Safe
R08455,Village Road,17.49,1,10.3,0,2332.6,42.44,50.79,32.27,2,2,0,0,0,1,0.15712034936910935,Safe
R08456,Highway,4.11,2,6.88,2,722.8,23.93,9.86,11.68,5,2,0,0,0,1,0.19836112267996545,Safe
R08457,District Road,4.89,0,8.15,0,1484.7,17.99,73.84,33.95,1,2,0,0,0,1,0.14537453355328211,Safe
R08458,State Highway,13.4,0,5.89,3,780.3,18.49,20.6,22.56,3,0,0,0,0,1,0.16695794244713014,Safe
R08459,Village Road,9.64,1,9.34,0,311.3,29.35,38.69,21.45,5,3,0,1,1,1,0.44148724203983714,Moderate
R08460,State Highway,10.24,0,8.89,0,759.8,16.95,184.94,25.06,6,4,1,1,0,1,0.6203320643060731,High
R08461,Village Road,3.0,1,6.57,3,1203.4,35.84,41.73,15.34,1,2,0,0,1,1,0.26846622511126117,Moderate
R08462,Village Road,16.21,1,5.48,0,775.7,11.7,73.94,26.59,2,0,1,0,0,1,0.3328349685554164,Moderate
R08463,State Highway,12.53,0,8.53,3,1579.2,16.53,143.62,30.22,1,2,0,1,0,1,0.39526523047915774,Moderate
R08464,Village Road,3.14,0,11.49,2,2375.3,42.07,113.82,18.06,1,2,0,0,0,1,0.16655497836896666,Safe
R08465,Village Road,7.79,2,4.19,0,219.7,11.71,172.19,16.39,1,0,1,0,0,1,0.3388475622069426,Moderate
R08466,State Highway,16.3,0,10.19,1,1806.7,29.77,19.34,32.88,1,1,0,0,0,1,0.11656668046979991,Safe
R08467,District Road,11.58,1,7.89,0,53.1,16.41,123.98,21.69,1,2,0,1,0,1,0.32023077964950386,Moderate
R08468,District Road,2.62,3,7.73,1,52.5,21.2,35.68,25.72,1,3,0,0,0,1,0.2589783481853329,Moderate
R08469,State Highway,7.77,2,11.66,1,375.7,2.03,101.12,31.38,1,2,1,1,0,0,0.5660016308458039,High
R08470,Highway,5.23,0,8.45,1,1225.8,7.53,153.82,27.92,2,0,1,0,0,1,0.3525319112961322,Moderate
R08471,State Highway,10.59,1,10.47,3,167.6,4.59,18.09,18.04,1,1,0,0,0,1,0.08602929116494795,Safe
R08472,State Highway,16.95,2,7.63,0,1819.3,38.01,84.88,10.51,2,5,0,1,0,0,0.515195726800667,High
R08473,District Road,9.01,1,5.25,1,121.7,43.28,68.43,21.72,0,0,1,1,0,1,0.585393746756191,High
R08474,State Highway,8.95,2,9.25,1,1263.8,3.06,24.31,16.21,3,0,0,0,0,1,0.1262837363850455,Safe
R08475,Village Road,18.15,1,11.31,0,1706.4,3.46,80.33,20.49,4,2,0,1,0,1,0.3308458825410788,Moderate
R08476,District Road,11.74,0,10.57,2,632.0,24.85,43.53,21.46,2,0,0,0,0,1,0.10804518431564557,Safe
R08477,Highway,11.54,1,4.79,1,1469.3,22.68,156.33,31.64,3,0,0,0,0,1,0.1863422650347018,Safe
R08478,District Road,5.61,1,5.85,3,691.4,29.28,73.2,29.17,1,0,0,0,0,1,0.18801808025916994,Safe
R08479,District Road,12.35,1,7.65,1,574.5,33.16,68.09,14.9,0,1,0,1,0,1,0.39553042522445203,Moderate
R08480,Village Road,11.73,0,8.14,1,2055.1,35.87,52.07,17.9,1,0,0,1,0,1,0.377279596118105,Moderate
R08481,Highway,8.24,0,4.74,2,865.6,6.71,157.06,24.59,3,3,1,0,1,1,0.4191966109306791,Moderate
R08482,State Highway,19.82,3,5.07,2,2044.2,1.7,209.28,24.14,2,1,1,1,1,0,0.7990236489433297,Critical
R08483,Village Road,17.7,0,9.83,2,581.4,40.01,123.13,23.64,1,2,0,0,0,1,0.1653190176848853,Safe
R08484,Village Road,15.12,0,9.57,0,921.9,21.13,135.3,33.81,4,2,0,0,0,1,0.2090809417374841,Safe
R08485,District Road,10.98,2,10.55,1,301.5,43.71,33.54,27.32,5,1,0,0,0,1,0.25098153935974177,Moderate
R08486,Village Road,9.51,1,11.4,1,1266.4,23.97,233.84,12.43,1,0,1,1,0,1,0.6938063849993276,High
R08487,Highway,4.11,0,5.77,1,984.9,22.95,98.81,33.51,3,0,1,0,0,1,0.3714967525861658,Moderate
R08488,District Road,6.46,1,10.74,1,64.6,28.03,148.76,21.58,3,1,1,0,0,1,0.45775114438001124,Moderate
R08489,State Highway,15.59,1,8.99,2,1188.9,7.66,93.01,24.51,2,1,1,0,0,1,0.4190927084904442,Moderate
R08490,State Highway,9.35,1,11.62,0,232.3,11.43,35.79,30.49,2,0,0,0,0,1,0.08711722635629314,Safe
R08491,Village Road,17.7,3,5.45,0,2100.5,40.76,78.78,15.33,1,0,0,0,0,1,0.2241145359301906,Safe
R08492,Highway,3.38,0,5.43,0,1259.5,9.55,14.98,22.8,0,1,0,0,0,1,0.03142933345371178,Safe
R08493,District Road,10.41,1,9.34,0,1740.6,10.48,90.29,31.48,2,1,0,0,0,1,0.1462008140848485,Safe
R08494,Village Road,13.12,0,11.36,0,2061.8,22.95,105.63,28.42,2,2,1,0,0,1,0.2780366360924576,Moderate
R08495,State Highway,10.58,1,10.42,2,175.4,28.85,106.71,18.76,6,2,0,0,0,1,0.20279394549398447,Safe
R08496,Village Road,17.84,2,9.54,3,876.1,0.04,50.5,24.73,0,0,0,1,0,0,0.3106485278630698,Moderate
R08497,Village Road,19.8,0,6.49,1,111.5,20.56,44.3,10.2,2,2,0,0,0,1,0.135384562772666,Safe
R08498,District Road,2.76,1,9.46,1,171.6,17.96,179.91,11.18,1,3,0,1,0,1,0.44705330601607357,Moderate
R08499,State Highway,3.03,0,10.21,2,142.7,38.95,102.87,12.84,0,1,0,0,1,1,0.3124559983297542,Moderate
R08500,State Highway,3.04,0,9.78,0,1220.9,37.79,74.91,27.36,1,2,0,0,0,1,0.13490707697751206,Safe
R08501,District Road,13.78,1,9.09,0,1154.2,40.77,46.94,25.5,1,1,0,0,0,1,0.1612628136190286,Safe
R08502,State Highway,7.77,1,3.42,1,200.0,37.89,242.56,32.9,3,3,1,1,0,1,0.641876148702071,High
R08503,State Highway,14.8,0,8.94,1,692.8,35.4,40.05,27.71,3,0,0,1,0,1,0.3055907670065644,Moderate
R08504,Village Road,8.41,3,7.3,2,649.0,38.66,103.86,20.52,2,1,1,0,0,0,0.531007892045931,High
R08505,State Highway,12.74,0,11.65,3,776.7,7.87,61.57,31.67,2,3,0,0,0,1,0.13593497991660258,Safe
R08506,District Road,15.51,0,8.46,1,1619.9,15.34,37.54,11.07,5,3,0,0,0,1,0.08948656707650107,Safe
R08507,Highway,11.19,0,8.47,1,1757.8,30.76,31.07,10.25,3,3,0,0,0,1,0.13227114060610964,Safe
R08508,District Road,11.02,0,11.95,0,880.7,41.54,26.78,16.26,4,1,0,0,0,1,0.16462535214784246,Safe
R08509,Village Road,2.22,0,3.84,1,1981.2,30.01,137.72,13.19,0,2,0,0,0,1,0.17277119009813213,Safe
R08510,State Highway,8.51,2,5.49,3,1073.8,9.36,31.96,16.76,3,0,0,0,0,1,0.1220066712803535,Safe
R08511,State Highway,11.14,1,8.9,1,1329.9,42.51,61.8,17.64,2,1,0,0,0,1,0.19000834235770958,Safe
R08512,District Road,9.51,1,5.84,0,406.6,34.22,93.91,21.39,4,0,1,0,0,1,0.4794172906301257,Moderate
R08513,District Road,18.07,3,6.12,1,620.6,32.24,161.09,25.27,2,1,0,0,0,1,0.2843505173462305,Moderate
R08514,District Road,18.18,1,11.03,1,1832.5,34.31,37.36,18.81,2,1,0,0,0,1,0.14285651881615985,Safe
R08515,State Highway,16.53,0,8.21,1,2443.8,29.66,132.42,34.18,5,1,1,1,0,1,0.6079869121167993,High
R08516,State Highway,7.82,0,3.93,1,1776.4,1.0,38.78,23.54,1,0,0,0,0,1,0.07963139629276522,Safe
R08517,Village Road,14.49,0,5.8,2,182.8,11.41,116.78,31.91,3,1,0,1,0,1,0.35197153805583664,Moderate
R08518,Village Road,8.21,1,3.68,1,400.1,43.05,71.21,30.06,3,1,0,1,0,1,0.32238623797051474,Moderate
R08519,District Road,5.04,0,8.01,2,1142.2,12.99,26.83,11.2,4,2,0,0,0,1,0.03272057746993376,Safe
R08520,Village Road,7.19,1,4.56,2,1844.8,34.72,32.87,21.79,4,0,0,0,0,1,0.22297792156469579,Safe
R08521,District Road,1.88,1,10.71,2,456.5,19.1,76.34,30.16,2,2,1,0,0,1,0.35291900174712676,Moderate
R08522,District Road,6.97,2,8.2,0,1889.5,40.84,127.58,32.67,3,0,0,0,0,1,0.26465817595038466,Moderate
R08523,State Highway,9.48,2,3.53,1,1411.8,25.1,141.74,25.82,2,0,1,0,0,1,0.4338759098297633,Moderate
R08524,District Road,19.13,0,5.71,2,1947.6,28.43,89.91,33.3,2,3,0,0,0,1,0.09305805643004775,Safe
R08525,District Road,6.61,0,8.55,0,1416.2,10.78,53.15,26.58,2,1,0,0,0,1,0.050838150500097504,Safe
R08526,Highway,18.1,1,6.02,2,1526.2,2.59,123.75,15.21,1,4,1,1,0,1,0.5721447735366925,High
R08527,District Road,4.96,0,7.62,0,659.4,34.05,132.86,23.96,2,2,0,1,0,1,0.35724134108517674,Moderate
R08528,Village Road,4.22,0,11.18,2,1814.5,3.04,46.19,28.9,3,1,0,0,0,1,0.13982487834829888,Safe
R08529,District Road,10.62,1,6.15,0,2117.8,32.48,87.98,26.66,3,1,1,0,0,1,0.3819334196043987,Moderate
R08530,District Road,13.61,0,6.02,2,2184.7,25.0,52.6,12.08,3,1,0,0,0,1,0.1952173404544435,Safe
R08531,Village Road,1.36,2,10.38,0,122.2,36.9,190.54,15.93,0,1,0,0,0,1,0.25436727646782487,Moderate
R08532,Highway,4.81,0,5.87,1,1580.3,9.26,101.1,27.2,0,0,1,0,0,1,0.3274560036301884,Moderate
R08533,District Road,9.39,3,3.7,0,2474.4,24.37,148.52,23.21,4,3,1,0,0,0,0.4362583206354031,Moderate
R08534,Village Road,6.95,2,4.63,0,1487.9,27.64,131.56,10.77,5,0,1,1,0,0,0.6606715822576206,High
R08535,District Road,14.4,0,11.54,3,469.6,3.34,205.6,28.46,1,0,1,1,1,1,0.674393103279075,High
R08536,State Highway,10.47,1,11.4,0,2200.1,33.25,175.11,11.99,5,1,1,0,0,1,0.4101978260462999,Moderate
R08537,Highway,3.63,1,5.02,1,697.6,17.51,35.6,14.62,2,2,0,0,0,1,0.20575347723334791,Safe
R08538,Village Road,17.94,1,7.98,2,160.3,5.8,162.2,32.61,5,2,1,0,0,1,0.3919743989810697,Moderate
R08539,District Road,6.21,1,4.24,0,1104.8,17.42,214.93,17.88,1,0,1,0,0,1,0.39694838501303564,Moderate
R08540,Village Road,14.76,1,9.07,0,295.7,4.42,54.66,10.86,3,1,0,0,0,1,0.07474788631187537,Safe
R08541,District Road,15.71,1,4.67,0,332.3,39.96,44.79,10.44,4,2,0,0,0,1,0.12475301548832324,Safe
R08542,District Road,19.28,0,3.45,1,1185.1,20.55,61.88,33.39,3,3,0,0,0,1,0.09736507596009758,Safe
R08543,Village Road,10.22,3,10.42,3,1551.1,6.21,59.16,19.31,1,1,1,0,0,0,0.3527359323978955,Moderate
R08544,District Road,12.51,0,5.93,2,2268.2,11.34,144.23,25.53,3,1,0,1,0,1,0.36787117036621114,Moderate
R08545,State Highway,7.03,0,3.98,3,1777.9,32.61,50.57,20.35,5,3,0,0,1,1,0.2334460906823292,Safe
R08546,District Road,13.72,0,10.51,1,2114.4,35.37,18.8,15.34,2,1,0,0,0,1,0.08066638273577868,Safe
R08547,Village Road,9.54,2,9.86,3,1058.9,1.86,80.85,31.94,1,2,0,1,0,0,0.42153025869119715,Moderate
R08548,State Highway,9.03,1,9.15,1,830.5,2.69,44.2,33.74,2,1,0,0,0,1,0.06882078248166701,Safe
R08549,State Highway,17.18,2,11.2,1,1502.5,41.27,33.6,34.7,1,1,0,0,0,1,0.2287032507178999,Safe
R08550,Highway,1.48,2,7.4,1,1754.0,14.89,52.11,11.03,2,4,1,1,0,0,0.5689358706093008,High
R08551,Village Road,17.7,2,4.15,0,1442.2,8.7,48.65,11.26,0,1,0,0,0,1,0.1505597223261656,Safe
R08552,Highway,17.12,1,3.55,2,698.1,5.54,78.67,31.45,2,3,1,0,0,1,0.3546283278134543,Moderate
R08553,District Road,10.37,0,5.87,0,955.8,21.42,36.2,14.4,5,3,0,0,0,1,0.030177453145337887,Safe
R08554,District Road,10.06,0,3.78,2,1148.3,34.7,34.33,24.04,1,1,0,0,0,1,0.08826014336283178,Safe
R08555,District Road,7.56,1,7.82,1,84.7,23.45,47.01,24.5,1,3,0,1,0,1,0.34791379708975306,Moderate
R08556,District Road,19.89,1,3.13,0,2205.6,0.93,179.26,26.55,1,1,1,0,0,1,0.45869694491243607,Moderate
R08557,Highway,2.67,1,6.99,0,1303.0,21.78,40.38,10.94,1,2,1,0,1,1,0.3683448839831649,Moderate
R08558,District Road,12.01,1,4.61,1,1890.0,14.02,95.34,17.72,1,1,0,1,0,1,0.43173088539760346,Moderate
R08559,Village Road,13.79,1,6.31,3,471.2,30.73,21.56,22.85,1,0,0,0,0,1,0.21212615270368954,Safe
R08560,Village Road,18.72,0,9.08,2,1413.8,23.56,28.6,14.36,1,1,0,0,0,1,0.12642364876367101,Safe
R08561,State Highway,15.71,0,6.16,1,2319.0,43.44,121.62,33.6,4,2,1,0,0,1,0.4173203248934573,Moderate
R08562,Village Road,13.06,2,6.07,0,575.0,26.92,24.3,30.72,2,2,0,0,0,1,0.13768081118331527,Safe
R08563,District Road,2.78,0,11.92,1,897.3,28.46,96.48,13.49,4,1,1,0,0,1,0.3549862962218489,Moderate
R08564,Village Road,7.79,1,9.47,0,1001.4,23.41,16.94,26.77,3,3,0,0,0,1,0.18682398957652654,Safe
R08565,District Road,3.21,1,7.62,2,989.1,14.0,112.48,20.25,1,1,1,0,0,1,0.4475762563182675,Moderate
R08566,District Road,17.68,3,8.21,0,1521.5,28.38,51.19,17.79,2,1,0,1,0,0,0.4101689541969886,Moderate
R08567,Village Road,15.12,2,8.58,1,1014.7,14.98,91.84,17.27,0,1,1,0,0,1,0.3168535784679933,Moderate
R08568,Village Road,15.27,1,3.22,2,1701.4,32.28,56.53,26.57,0,2,0,0,0,1,0.19056108225100601,Safe
R08569,District Road,13.22,1,3.72,1,1237.2,10.66,39.03,32.59,1,1,0,1,0,1,0.33721048623977046,Moderate
R08570,State Highway,10.39,0,8.84,1,436.2,16.54,98.46,30.91,3,0,0,0,0,1,0.16108186664545845,Safe
R08571,State Highway,3.42,1,6.28,2,2374.0,26.26,39.6,18.72,2,2,0,0,0,1,0.21183683646759294,Safe
R08572,State Highway,6.93,2,3.5,0,636.8,28.28,108.35,27.69,6,3,0,0,0,1,0.18589760785156534,Safe
R08573,State Highway,3.17,1,5.68,1,1428.1,30.09,399.18,23.18,3,2,1,0,0,1,0.5086984467857969,High
R08574,State Highway,14.64,1,4.17,2,198.7,31.51,244.08,21.01,2,0,1,1,1,0,0.8670317391984025,Critical
R08575,Village Road,3.62,0,11.25,1,2300.6,14.32,95.27,17.42,2,1,0,1,0,1,0.28249964362075974,Moderate
R08576,Highway,14.19,2,4.83,0,2323.6,40.17,33.55,12.03,2,1,0,0,0,1,0.1299280363299997,Safe
R08577,District Road,14.0,0,4.29,0,943.1,1.35,59.69,14.81,1,0,1,0,0,1,0.1550155919326542,Safe
R08578,State Highway,9.46,2,8.64,3,346.4,8.48,110.2,24.16,2,1,0,0,0,1,0.25270207011143947,Moderate
R08579,State Highway,3.14,1,7.7,1,1936.5,3.16,137.69,28.22,2,4,0,0,0,1,0.21494573856597227,Safe
R08580,Highway,6.64,1,8.18,0,692.5,30.22,243.13,10.92,5,0,1,0,0,1,0.49131994377859006,Moderate
R08581,State Highway,6.74,0,6.92,0,1766.5,12.31,40.25,19.48,1,3,0,0,0,1,0.07752483468758871,Safe
R08582,Village Road,14.16,0,7.2,0,2292.1,8.96,43.96,14.15,1,3,1,0,0,1,0.25032620910866477,Moderate
R08583,Village Road,2.72,2,10.01,0,1496.1,21.63,51.78,25.05,1,2,0,0,0,1,0.10962333975204153,Safe
R08584,State Highway,16.67,2,4.98,1,2160.0,27.86,82.79,31.62,4,3,0,0,0,1,0.27033483825110893,Moderate
R08585,District Road,15.34,1,6.57,1,600.4,27.87,10.66,33.24,3,3,1,0,0,1,0.25965183589002444,Moderate
R08586,District Road,4.13,1,11.62,2,2280.6,25.09,95.83,32.13,4,4,0,0,0,1,0.27743052708433347,Moderate
R08587,Village Road,14.52,1,4.71,2,605.3,44.64,88.4,31.81,1,1,1,0,0,1,0.44453417688637364,Moderate
R08588,Village Road,13.54,1,5.64,1,603.2,38.71,57.8,25.02,1,1,1,1,1,0,0.6882042300445831,High
R08589,District Road,15.09,1,4.72,2,2205.7,10.75,8.31,16.07,3,2,0,0,0,1,0.08330228264485467,Safe
R08590,District Road,4.18,0,3.18,1,1409.5,34.14,27.88,28.67,1,1,0,0,0,1,0.10067465836038099,Safe
R08591,Village Road,3.57,2,5.43,1,2008.6,25.62,130.74,28.11,2,1,0,0,0,1,0.1737005623576361,Safe
R08592,Highway,5.11,2,3.42,0,2016.1,3.17,87.07,14.17,2,0,1,0,0,1,0.2818023788611606,Moderate
R08593,District Road,7.63,0,4.39,0,1635.1,2.23,20.98,14.87,0,1,0,0,0,1,0.023171424427947358,Safe
R08594,Village Road,15.98,2,6.26,0,513.2,35.98,69.19,12.73,2,3,0,0,0,1,0.2057782491602407,Safe
R08595,District Road,14.89,1,3.19,0,1745.6,24.52,103.29,22.47,1,2,1,0,0,1,0.4254740371380727,Moderate
R08596,District Road,18.55,0,9.78,2,205.9,25.71,207.61,18.04,2,5,0,0,0,1,0.2621736858864871,Moderate
R08597,District Road,1.64,0,10.16,0,541.6,15.13,100.74,32.5,1,0,1,0,1,1,0.39459999913936966,Moderate
R08598,State Highway,0.73,1,6.7,0,1625.1,41.87,28.76,10.92,2,0,0,0,0,1,0.12291290906901589,Safe
R08599,District Road,14.13,2,11.86,3,2274.1,32.1,106.81,18.1,2,3,0,0,0,1,0.24034026250716178,Safe
R08600,District Road,5.95,2,9.11,2,1940.6,41.75,68.36,31.9,0,2,0,1,0,0,0.437916018751527,Moderate
R08601,District Road,7.01,1,9.69,1,864.5,4.47,39.66,34.97,3,2,0,0,0,1,0.10825839598864598,Safe
R08602,District Road,11.16,0,4.73,0,2068.1,26.27,87.13,28.08,3,2,0,0,1,1,0.21314688826007872,Safe
R08603,Village Road,2.5,0,10.54,2,2418.2,28.69,62.06,32.52,5,3,0,1,0,1,0.4187183897631237,Moderate
R08604,State Highway,13.03,0,11.51,0,863.3,5.67,14.95,10.4,2,4,0,0,0,1,0.03406630736002317,Safe
R08605,District Road,6.84,2,5.13,1,507.7,15.58,85.72,29.29,1,1,0,0,0,1,0.2471193346726168,Safe
R08606,District Road,12.84,3,9.18,2,533.9,9.67,69.47,21.54,1,1,1,0,0,0,0.3976809979661939,Moderate
R08607,District Road,16.76,0,9.72,1,1030.8,44.3,100.25,27.26,2,2,1,0,0,1,0.471701283147445,Moderate
R08608,State Highway,3.84,2,5.75,3,178.2,24.45,81.5,20.75,0,1,0,1,0,0,0.3945541176759827,Moderate
R08609,District Road,18.65,1,7.28,0,1245.0,14.19,342.43,24.23,3,6,0,1,0,1,0.4780782641802415,Moderate
R08610,Village Road,10.85,0,3.88,2,1844.1,29.9,83.21,16.5,2,0,1,0,1,1,0.4929588993953371,Moderate
R08611,District Road,18.5,1,4.56,1,1349.6,29.68,55.35,24.35,4,1,0,0,0,1,0.14762395154045885,Safe
R08612,Village Road,4.55,2,3.55,1,2426.6,15.63,130.3,17.27,1,3,1,1,0,0,0.6085868796223404,High
R08613,Village Road,12.29,0,8.04,3,1181.2,44.73,49.35,17.01,2,1,1,0,1,1,0.4463617742526799,Moderate
R08614,Highway,8.38,2,8.63,1,82.5,36.4,100.37,18.18,2,1,1,0,0,1,0.3699180423914545,Moderate
R08615,State Highway,15.6,0,11.25,2,1201.8,18.01,78.54,15.02,1,1,1,1,0,1,0.5122662633982007,High
R08616,Village Road,12.32,0,7.88,0,2328.2,29.7,53.73,15.57,1,5,0,0,0,1,0.16925739147048746,Safe
R08617,Village Road,10.14,0,5.35,2,284.9,31.97,21.79,33.29,1,0,0,0,0,1,0.13795031099547192,Safe
R08618,Highway,18.3,2,3.54,2,596.3,7.82,73.2,21.36,3,2,0,0,0,1,0.1089833912717025,Safe
R08619,Highway,7.85,1,10.96,3,1803.1,39.52,77.25,25.35,2,4,0,0,0,1,0.22591870527376204,Safe
R08620,State Highway,4.79,2,7.31,3,770.5,37.17,70.58,24.29,5,0,1,1,1,0,0.7854258426400968,Critical
R08621,Village Road,12.36,1,9.64,0,1924.8,34.01,75.32,16.64,0,1,0,0,0,1,0.17914537161885394,Safe
R08622,State Highway,12.67,1,3.13,1,1077.3,10.02,97.84,10.0,3,0,0,0,0,1,0.11445265780419309,Safe
R08623,District Road,9.06,2,7.39,3,2000.4,6.13,117.84,12.61,1,2,0,0,0,1,0.18572801211846102,Safe
R08624,Village Road,9.99,1,5.93,1,1401.3,8.12,41.37,30.77,4,1,0,0,0,1,0.08763298826383993,Safe
R08625,Highway,19.21,2,3.27,1,252.0,4.19,104.58,12.73,2,2,0,0,0,1,0.1643026255244706,Safe
R08626,District Road,14.79,0,9.98,0,996.0,42.31,48.38,15.17,3,1,0,0,0,1,0.0665268845007676,Safe
R08627,State Highway,2.66,1,7.62,1,866.5,38.32,38.96,32.82,2,0,0,0,1,1,0.2655744312820913,Moderate
R08628,Village Road,4.64,2,6.0,2,2034.7,4.09,222.95,30.2,2,2,1,1,0,0,0.7187331698275697,High
R08629,State Highway,19.52,2,10.25,2,1581.0,30.51,56.4,11.33,0,1,0,0,0,1,0.17128054094955025,Safe
R08630,District Road,14.67,0,7.02,1,1954.6,11.05,62.93,26.09,5,0,0,0,0,1,0.07739276037360676,Safe
R08631,District Road,18.34,1,3.03,0,961.8,0.78,133.24,22.89,5,0,0,0,0,1,0.1035649118201884,Safe
R08632,State Highway,6.43,1,11.5,1,1744.8,13.16,144.82,19.12,2,1,0,0,0,1,0.16402154417959508,Safe
R08633,Highway,14.97,1,5.3,3,209.8,19.8,49.57,22.44,3,1,0,0,0,1,0.18190867954462242,Safe
R08634,District Road,14.42,0,10.48,1,140.0,0.9,91.83,13.78,3,1,0,0,0,1,0.01061773618336459,Safe
R08635,State Highway,6.25,0,10.35,3,754.3,14.57,72.64,33.87,1,0,0,1,0,1,0.306868860680024,Moderate
R08636,Village Road,11.24,2,4.46,1,1945.6,31.52,83.61,14.29,0,1,0,1,0,0,0.3672979880298754,Moderate
R08637,Village Road,12.73,2,7.27,2,1358.5,10.28,62.05,14.65,3,1,1,0,0,1,0.3380319466028003,Moderate
R08638,District Road,9.88,1,3.36,2,1051.6,21.82,77.14,19.22,2,1,1,0,1,1,0.4380019413136166,Moderate
R08639,District Road,16.63,2,6.19,3,2246.8,39.94,62.63,15.31,6,1,0,1,1,0,0.5808403415694846,High
R08640,District Road,16.74,0,9.58,2,1268.5,1.28,75.95,17.82,2,2,1,0,0,1,0.2696183379132614,Moderate
R08641,Village Road,17.09,1,5.13,1,1552.8,35.35,59.72,11.0,4,1,0,0,0,1,0.22384056200138253,Safe
R08642,District Road,16.17,2,4.05,3,2465.3,17.28,27.07,25.36,1,0,0,0,0,1,0.21922959774663786,Safe
R08643,State Highway,10.02,2,7.56,2,1329.9,24.35,25.17,16.03,1,2,0,0,1,1,0.25970332792813106,Moderate
R08644,State Highway,7.94,1,7.83,0,1969.6,10.39,84.37,34.27,5,0,1,0,0,1,0.4216989044470517,Moderate
R08645,District Road,16.71,2,9.08,0,1063.9,26.05,50.48,12.86,1,2,0,0,0,1,0.1139592729305057,Safe
R08646,District Road,10.06,1,9.83,1,139.0,32.88,71.25,11.93,0,4,0,0,0,1,0.07052465622701766,Safe
R08647,District Road,5.3,2,9.26,2,2094.5,9.07,94.92,14.36,4,0,0,0,0,1,0.19823535557946184,Safe
R08648,Highway,10.39,1,10.61,1,2363.8,15.45,97.01,23.56,1,2,0,0,0,1,0.13550809493621516,Safe
R08649,District Road,3.27,2,5.01,1,1114.2,25.53,212.14,28.69,2,0,1,1,0,0,0.6945794203929165,High
R08650,State Highway,13.99,0,8.13,0,1283.9,18.76,58.87,23.98,2,1,0,1,0,1,0.3207644136421145,Moderate
R08651,State Highway,7.05,1,6.24,1,1089.1,13.19,85.84,31.51,3,1,0,0,0,1,0.19329030486645826,Safe
R08652,District Road,5.58,1,11.66,0,2492.4,20.33,94.85,24.84,3,0,1,0,0,1,0.3142047506348495,Moderate
R08653,State Highway,19.15,1,6.96,1,2263.2,13.09,65.78,13.46,2,2,0,0,0,1,0.09650032921794491,Safe
R08654,District Road,15.65,1,11.64,3,150.7,13.58,104.79,14.64,1,1,0,0,0,1,0.21979770242481067,Safe
R08655,State Highway,15.85,3,9.92,2,1958.6,27.48,78.74,18.94,3,1,0,0,0,1,0.21986717149570045,Safe
R08656,District Road,12.66,2,9.47,1,1522.1,21.47,165.11,33.0,3,3,0,1,0,0,0.5136658382454566,High
R08657,District Road,16.86,0,7.42,1,111.6,30.47,70.57,21.5,3,3,0,0,0,1,0.2321591203708705,Safe
R08658,State Highway,15.3,2,6.99,1,1139.5,37.69,100.07,31.85,2,1,0,0,1,1,0.415802447585044,Moderate
R08659,State Highway,12.18,0,7.74,0,416.8,42.43,99.88,11.87,2,1,0,0,1,1,0.30884238551492427,Moderate
R08660,Village Road,19.24,1,5.64,3,2189.0,6.81,34.03,27.17,2,2,0,0,0,1,0.09648702412092863,Safe
R08661,District Road,4.24,2,11.14,1,81.1,28.18,43.45,21.68,3,4,0,0,0,1,0.2006110475889487,Safe
R08662,District Road,18.9,0,10.15,1,2189.1,26.21,87.27,14.33,2,1,0,0,0,1,0.07291129059904713,Safe
R08663,Highway,8.33,2,10.21,1,2355.1,39.01,69.77,12.04,5,3,0,1,0,0,0.3602588997437836,Moderate
R08664,District Road,10.8,2,6.9,0,228.8,40.32,26.01,17.88,4,0,0,1,0,0,0.39694327092690074,Moderate
R08665,District Road,2.89,1,3.64,0,1813.6,34.22,48.92,30.52,2,1,0,0,0,1,0.10835571145039216,Safe
R08666,District Road,11.03,0,9.15,0,1394.8,26.8,85.42,26.02,3,2,0,0,0,1,0.1344047829235637,Safe
R08667,District Road,12.42,1,6.37,1,2388.0,8.97,20.57,21.55,5,2,0,0,0,1,0.05728098306440952,Safe
R08668,State Highway,19.96,3,10.83,0,2005.5,12.45,26.54,31.14,0,0,0,0,1,0,0.24815653305140667,Safe
R08669,State Highway,19.52,0,10.02,3,1751.3,27.12,35.99,14.53,1,2,0,0,0,1,0.1263699106876015,Safe
R08670,Village Road,19.34,1,4.31,2,2317.5,6.27,91.01,16.98,0,1,1,0,0,1,0.3274338797446357,Moderate
R08671,Village Road,7.29,0,8.42,2,442.9,8.28,153.17,23.85,5,1,1,1,0,1,0.5728753023957037,High
R08672,Highway,19.83,0,9.23,2,971.1,41.01,69.8,24.74,2,3,0,0,0,1,0.12384936991660331,Safe
R08673,District Road,9.38,2,8.11,2,2115.2,43.03,62.84,18.02,0,1,0,1,0,0,0.44172247936879905,Moderate
R08674,State Highway,17.11,0,7.63,0,298.9,0.24,61.66,22.61,2,0,1,0,0,1,0.19711019064504381,Safe
R08675,Highway,4.72,3,5.05,1,2341.8,38.81,46.7,13.0,1,0,0,0,0,1,0.24468868448361505,Safe
R08676,State Highway,10.36,1,5.12,0,1875.6,42.21,123.16,10.28,1,1,0,0,1,1,0.27635313131806416,Moderate
R08677,Highway,19.34,1,9.91,0,1126.4,23.66,59.65,32.63,3,2,0,0,0,1,0.14369709874959571,Safe
R08678,District Road,18.97,0,3.17,1,879.9,20.2,80.38,21.04,4,0,0,0,1,1,0.217446668514346,Safe
R08679,District Road,13.83,3,10.01,1,411.6,41.35,61.82,15.78,0,0,0,0,0,1,0.20524758668447735,Safe
R08680,Highway,16.06,0,7.74,0,279.5,0.34,43.57,18.25,2,1,0,0,0,1,0.028715793608369095,Safe
R08681,Highway,3.94,1,11.43,1,1087.8,37.82,47.36,22.94,1,2,0,1,0,1,0.4256941215644266,Moderate
R08682,Village Road,14.57,1,11.98,0,2115.6,13.35,24.5,33.66,0,4,0,0,0,1,0.014126144666804327,Safe
R08683,State Highway,12.55,1,8.97,2,1353.0,28.85,25.27,28.02,0,2,0,0,0,1,0.11405422930223832,Safe
R08684,District Road,2.29,1,6.71,3,1155.3,14.54,253.89,33.7,0,2,1,0,0,1,0.5368860429743713,High
R08685,State Highway,2.71,1,7.28,2,831.7,23.53,134.81,12.8,3,0,1,0,0,1,0.41140752340934383,Moderate
R08686,District Road,2.61,0,4.84,2,434.5,36.37,39.99,14.46,2,0,0,0,0,1,0.2151344021251986,Safe
R08687,State Highway,14.62,1,3.89,1,2475.7,8.16,23.77,19.08,3,1,0,0,0,1,0.15093662734684088,Safe
R08688,Highway,3.26,2,8.21,0,113.0,29.88,116.01,16.11,2,3,1,0,0,1,0.4194494574265992,Moderate
R08689,State Highway,9.62,1,10.25,2,813.9,40.43,69.77,33.93,0,2,0,1,0,1,0.38456021187945094,Moderate
R08690,State Highway,7.46,0,5.36,0,1935.0,40.55,191.52,14.28,1,0,1,0,0,1,0.37689513530891733,Moderate
R08691,District Road,11.23,0,6.78,1,1325.4,40.24,114.01,14.25,2,1,0,0,0,1,0.21898830236619415,Safe
R08692,District Road,14.28,0,7.99,2,818.9,23.33,31.73,22.19,1,3,0,0,0,1,0.10746344088172133,Safe
R08693,State Highway,13.85,0,11.17,3,2482.2,34.55,42.81,27.42,1,4,1,0,0,1,0.35951780057487226,Moderate
R08694,Highway,10.55,1,4.25,1,1567.0,20.11,54.07,19.48,1,1,1,0,0,1,0.37140371441131304,Moderate
R08695,District Road,9.55,1,5.13,3,773.1,20.71,183.3,11.09,2,2,1,0,0,1,0.49232500319605393,Moderate
R08696,District Road,8.26,0,11.27,1,2127.5,12.77,342.82,29.15,3,1,1,0,0,1,0.5436421390091482,High
R08697,Village Road,17.31,1,3.36,0,417.9,12.84,146.8,33.64,3,2,1,0,0,1,0.36584380443065173,Moderate
R08698,District Road,6.95,3,8.91,1,1185.8,1.7,10.57,30.26,1,0,0,0,0,1,0.16015546208189352,Safe
R08699,District Road,5.56,3,8.76,2,2107.0,23.92,57.34,31.0,0,2,0,0,0,1,0.18650267462963827,Safe
R08700,District Road,14.99,2,6.45,1,2460.0,13.89,194.4,31.2,1,1,0,1,0,0,0.41484685966198087,Moderate
R08701,Village Road,7.52,0,7.21,2,988.5,8.45,100.84,28.99,3,1,0,0,0,1,0.1725305860297404,Safe
R08702,Village Road,17.02,0,10.69,1,388.4,5.48,20.9,30.14,2,0,0,0,0,1,0.03812256930036879,Safe
R08703,State Highway,6.89,2,4.48,1,1439.0,15.61,159.51,11.92,0,0,0,0,1,1,0.3433013363898955,Moderate
R08704,State Highway,14.19,0,5.08,0,2362.8,40.46,74.46,11.37,3,0,0,0,0,1,0.12017052221747873,Safe
R08705,State Highway,1.38,0,7.61,0,1680.7,23.24,86.34,11.88,4,1,0,0,1,1,0.24497761424588382,Safe
R08706,District Road,8.02,1,6.69,0,1525.3,25.06,117.08,24.79,0,0,1,0,0,1,0.4014137068502015,Moderate
R08707,District Road,7.19,0,8.17,1,807.8,2.44,89.62,16.03,4,2,1,0,0,1,0.29653774746960665,Moderate
R08708,District Road,16.43,2,11.29,2,1535.5,23.39,80.8,10.7,4,1,0,1,0,0,0.41502646805905946,Moderate
R08709,Highway,19.36,2,11.25,2,2217.5,30.04,66.01,11.91,1,2,0,0,0,1,0.2348827564900175,Safe
R08710,District Road,9.49,2,5.07,0,970.0,6.78,64.01,11.71,2,0,0,0,0,1,0.10116363652562706,Safe
R08711,Village Road,16.58,2,5.72,1,643.0,44.26,11.97,25.69,5,3,0,0,0,1,0.22424156104833914,Safe
R08712,State Highway,14.14,0,4.46,1,1228.3,41.18,90.47,13.57,3,7,1,0,1,1,0.5461804755181789,High
R08713,District Road,19.36,2,11.35,1,971.7,44.69,74.29,31.14,0,0,1,0,0,1,0.40441102759122416,Moderate
R08714,District Road,16.32,1,6.58,1,1201.3,16.21,72.25,34.82,2,2,0,1,0,1,0.415734484547791,Moderate
R08715,Village Road,2.01,1,7.05,0,284.5,37.0,58.03,21.03,2,2,0,0,0,1,0.1242662156071398,Safe
R08716,Village Road,14.41,0,10.22,3,873.7,14.79,105.06,23.44,2,2,1,0,0,1,0.3450166048436853,Moderate
R08717,District Road,10.94,2,7.62,3,2075.0,33.71,42.35,16.5,1,0,0,0,0,1,0.16573297607941434,Safe
R08718,District Road,0.82,3,4.08,0,1030.8,42.65,47.29,26.39,2,1,0,0,1,0,0.2733221785919319,Moderate
R08719,Village Road,5.4,0,6.94,2,2421.3,6.98,102.88,32.87,2,4,0,0,0,1,0.11793876888483966,Safe
R08720,District Road,18.47,0,8.67,0,1786.7,6.31,37.14,14.52,0,1,0,0,0,1,0.03206816658472461,Safe
R08721,State Highway,18.56,0,9.47,0,946.8,4.7,105.95,33.83,1,2,0,0,0,1,0.15518252172169755,Safe
R08722,Village Road,16.08,1,8.81,3,666.6,35.93,16.52,15.53,2,1,0,0,0,1,0.16402442927796457,Safe
R08723,State Highway,19.64,0,4.07,2,1729.2,30.0,141.38,16.65,0,0,0,0,0,1,0.21572693906416712,Safe
R08724,State Highway,16.23,2,5.74,1,791.0,23.5,46.7,32.79,2,5,0,0,1,1,0.30664066556851244,Moderate
R08725,Village Road,0.7,1,9.6,2,2320.9,34.83,105.38,24.83,3,2,1,0,0,1,0.42749774956388564,Moderate
R08726,District Road,6.11,1,10.92,2,335.0,38.25,59.7,10.79,4,2,0,0,0,1,0.21998919526093327,Safe
R08727,District Road,1.1,2,3.42,2,120.4,42.73,74.12,30.07,1,0,0,0,0,1,0.20676916084068744,Safe
R08728,State Highway,2.34,1,3.38,0,591.5,9.06,74.36,26.05,2,2,0,0,0,1,0.15354573603025262,Safe
R08729,State Highway,4.77,1,8.79,2,1536.2,19.88,65.09,28.58,0,2,1,0,0,1,0.372569391338823,Moderate
R08730,State Highway,10.32,2,7.93,2,2095.7,41.54,80.44,14.04,3,0,1,0,0,1,0.3404001842968847,Moderate
R08731,State Highway,17.03,2,4.4,1,466.8,20.76,78.93,31.82,1,0,0,0,0,1,0.14193460059668928,Safe
R08732,District Road,17.31,0,7.93,1,1482.6,21.94,147.75,29.57,2,2,1,0,0,1,0.3857935058149059,Moderate
R08733,State Highway,12.52,0,11.77,0,403.2,42.41,35.79,33.94,3,2,1,0,0,1,0.3254996901720768,Moderate
R08734,District Road,18.6,0,8.68,0,1429.8,33.06,161.94,20.22,3,0,1,0,0,1,0.4187253109359459,Moderate
R08735,State Highway,10.25,1,7.04,1,94.5,24.84,89.97,22.96,5,1,0,0,0,1,0.19486408834777974,Safe
R08736,Village Road,17.84,0,10.45,2,1416.6,16.08,235.22,27.54,2,1,1,1,0,1,0.641028588061189,High
R08737,State Highway,9.35,1,4.92,2,1328.4,41.19,103.9,12.61,2,2,0,0,1,1,0.4312125497358929,Moderate
R08738,Highway,5.91,2,6.73,1,155.0,0.4,194.38,15.26,3,0,1,1,0,0,0.5920457339328042,High
R08739,Highway,18.37,0,7.75,2,1739.1,14.45,30.72,17.21,1,3,1,0,0,1,0.2561150140530005,Moderate
R08740,District Road,8.06,1,7.54,2,1452.0,42.57,115.73,33.63,0,2,1,0,0,1,0.4637976392569362,Moderate
R08741,District Road,10.32,1,11.29,1,1576.6,22.42,71.62,10.03,2,0,0,0,0,1,0.1116502378579454,Safe
R08742,District Road,6.91,1,5.63,0,1347.9,28.07,155.51,34.85,4,1,0,0,0,1,0.2626317372617755,Moderate
R08743,District Road,13.43,1,3.51,1,1818.9,23.97,68.59,19.89,1,1,0,0,1,1,0.3129363098471498,Moderate
R08744,Highway,19.9,2,11.25,0,1336.3,17.88,15.5,26.21,1,1,1,0,0,1,0.3773935998114631,Moderate
R08745,District Road,1.0,0,4.95,0,2309.6,29.94,25.45,20.27,1,4,0,0,0,1,0.132520200309426,Safe
R08746,District Road,18.05,0,6.41,0,2361.6,34.49,66.68,29.6,2,3,0,0,0,1,0.1141419303820739,Safe
R08747,Highway,0.58,1,7.78,2,1830.4,16.4,50.65,33.76,0,1,0,0,0,1,0.14277736473658875,Safe
R08748,Highway,7.6,1,11.78,0,2283.8,26.57,40.68,21.19,2,2,0,0,0,1,0.10624800903502678,Safe
R08749,Highway,3.79,0,7.82,1,2311.7,3.72,283.61,14.5,1,1,1,0,1,1,0.5309844690421415,High
R08750,Highway,15.27,0,7.03,3,691.9,24.64,49.87,15.55,2,2,0,0,0,1,0.18011800707828735,Safe
R08751,District Road,1.49,1,8.25,2,2485.1,33.65,105.76,16.65,2,1,0,0,1,1,0.3199140752256083,Moderate
R08752,State Highway,11.29,0,11.74,2,705.2,26.34,86.18,15.54,0,0,0,0,0,1,0.1977149060168508,Safe
R08753,State Highway,6.25,3,10.36,0,95.4,39.53,148.52,10.33,1,0,0,1,0,0,0.44385801946378145,Moderate
R08754,State Highway,3.11,1,4.52,1,2407.5,12.88,84.22,31.55,2,1,0,0,0,1,0.11206332167023764,Safe
R08755,Village Road,15.55,0,10.23,1,598.1,22.13,43.53,27.02,2,1,0,1,0,1,0.3805271719940841,Moderate
R08756,Village Road,4.74,1,10.57,1,1481.1,3.94,169.01,22.89,4,2,1,1,0,1,0.628700053317355,High
R08757,State Highway,4.86,0,9.22,1,2428.1,31.5,100.19,13.67,3,0,0,0,0,1,0.15671937481532375,Safe
R08758,State Highway,5.86,1,8.92,1,171.2,19.93,82.2,11.02,0,0,0,0,0,1,0.12422931345507095,Safe
R08759,State Highway,11.94,1,6.97,3,709.8,23.87,53.53,19.62,1,0,0,0,0,1,0.1462830402090036,Safe
R08760,District Road,13.36,1,8.78,1,1541.6,5.78,52.75,10.13,3,2,0,0,0,1,0.10647840498232006,Safe
R08761,Highway,0.84,2,9.64,0,1918.3,44.88,224.68,11.43,3,0,1,1,0,0,0.7136907514037675,High
R08762,District Road,5.22,0,4.11,1,2028.0,34.74,65.74,11.84,2,1,1,1,0,1,0.5065673644854976,High
R08763,District Road,8.9,3,5.32,1,2215.4,18.03,143.18,30.39,0,1,0,1,0,0,0.45782410115868727,Moderate
R08764,Village Road,6.97,2,4.75,0,462.7,25.65,19.33,28.15,0,0,0,0,0,1,0.15557681955321712,Safe
R08765,State Highway,17.74,0,10.57,2,956.6,27.84,76.98,17.74,4,2,0,0,0,1,0.130709512765296,Safe
R08766,Village Road,15.86,0,9.12,1,1799.9,43.23,75.6,17.6,4,0,0,0,1,1,0.28633721369485504,Moderate
R08767,Village Road,12.7,0,7.06,1,1802.5,34.58,58.83,18.61,2,0,0,0,0,1,0.1985346739553928,Safe
R08768,Highway,7.09,0,10.43,2,804.7,15.74,49.96,24.14,1,3,0,0,0,1,0.09006979519171872,Safe
R08769,State Highway,14.16,1,9.45,2,795.3,44.0,56.69,31.5,2,2,0,0,0,1,0.19583662894808154,Safe
R08770,State Highway,16.95,0,11.22,3,835.6,13.58,164.37,21.93,2,2,0,0,0,1,0.1515717120505477,Safe
R08771,State Highway,12.1,3,3.69,0,2235.6,25.96,60.57,13.71,1,2,0,0,0,1,0.2256308127650244,Safe
R08772,State Highway,15.8,0,7.58,1,2278.3,31.53,22.31,13.96,3,1,1,0,0,1,0.3041718406299952,Moderate
R08773,District Road,15.11,0,9.36,0,86.3,12.2,119.86,11.43,4,1,0,0,0,1,0.06970655792964316,Safe
R08774,District Road,11.65,0,4.87,2,846.3,43.04,119.93,28.51,1,1,1,1,1,1,0.6630084080565338,High
R08775,Village Road,6.59,0,5.94,1,1010.5,9.72,116.91,19.98,3,0,1,0,0,1,0.2909317069392918,Moderate
R08776,Highway,15.04,2,6.77,2,2456.8,19.88,26.17,32.95,3,2,0,0,0,1,0.2393249096513836,Safe
R08777,Village Road,4.53,1,10.15,3,2363.2,8.09,70.93,17.75,2,6,0,0,0,1,0.18843408230350234,Safe
R08778,State Highway,15.7,0,7.44,1,1589.4,39.37,98.13,29.96,4,0,1,1,1,1,0.6471897023878819,High
R08779,Village Road,16.19,2,7.44,0,162.2,9.97,14.12,22.38,2,2,0,0,0,1,0.08704496565463948,Safe
R08780,State Highway,16.53,2,6.88,1,518.5,1.56,97.92,31.22,0,1,0,0,0,1,0.157746004491514,Safe
R08781,Highway,9.72,2,5.06,0,1113.8,1.75,24.52,24.03,2,2,0,0,0,1,0.04474506472013358,Safe
R08782,Village Road,4.25,2,11.31,2,2399.6,18.62,7.97,14.81,2,2,0,0,0,1,0.2976233046357978,Moderate
R08783,State Highway,2.44,1,5.86,0,282.0,23.52,81.14,30.03,4,2,0,0,0,1,0.1596667834525947,Safe
R08784,District Road,15.0,1,8.11,1,1988.8,1.87,59.18,10.14,4,3,0,0,0,1,0.1559513816536493,Safe
R08785,District Road,17.78,1,4.34,0,518.4,4.18,61.24,22.61,2,0,0,0,0,1,0.020165715950539967,Safe
R08786,District Road,13.19,0,6.91,0,1294.2,4.39,128.96,14.9,1,3,0,0,0,1,0.1292346491767669,Safe
R08787,District Road,3.31,1,11.13,0,1929.1,30.08,85.71,18.45,1,1,0,0,0,1,0.17692399937278935,Safe
R08788,District Road,18.73,2,11.96,1,1746.6,13.49,95.66,20.23,1,2,1,0,1,0,0.45115924758450754,Moderate
R08789,Highway,19.79,1,6.26,0,1950.6,25.32,36.51,24.0,2,1,0,0,0,1,0.12489535582567543,Safe
R08790,District Road,8.95,3,4.39,1,2043.3,3.32,49.5,18.86,2,3,0,0,0,1,0.16340220286525126,Safe
R08791,Village Road,12.1,1,5.83,2,799.1,40.15,25.21,26.12,2,1,1,0,0,1,0.3981810435537594,Moderate
R08792,Highway,15.66,1,5.95,3,941.9,13.7,48.31,14.69,6,0,0,0,1,1,0.25132953384011003,Moderate
R08793,Highway,14.86,1,8.8,2,2048.6,35.02,161.57,29.75,2,1,1,0,0,1,0.4784895446166425,Moderate
R08794,District Road,19.37,1,7.47,1,144.7,37.2,74.03,25.05,2,1,0,1,0,1,0.36093062799782916,Moderate
R08795,District Road,2.74,1,9.92,2,1310.4,44.46,84.8,18.79,1,2,0,0,0,1,0.2621011608956929,Moderate
R08796,District Road,11.82,0,9.31,1,2305.0,33.35,239.19,23.3,2,2,1,0,0,1,0.3913034989287495,Moderate
R08797,Highway,13.99,0,5.26,1,2218.3,19.93,45.25,20.1,2,3,0,0,0,1,0.11753088413598367,Safe
R08798,District Road,17.86,3,10.06,1,2020.5,6.87,73.09,31.87,0,2,0,0,0,1,0.1468406325932421,Safe
R08799,Highway,17.55,0,10.63,1,102.8,2.15,30.05,23.66,0,1,0,0,0,1,0.08567997417192592,Safe
R08800,District Road,19.57,1,8.39,2,2224.8,39.88,73.24,29.72,1,0,0,0,0,1,0.1877210118653267,Safe
R08801,Village Road,10.49,1,11.35,0,2283.6,20.1,165.49,29.87,3,2,1,0,1,1,0.5280136360006928,High
R08802,State Highway,16.7,1,10.05,1,1676.0,33.75,148.38,28.35,0,2,0,0,0,1,0.24811568697425465,Safe
R08803,District Road,8.83,2,8.36,1,782.3,22.33,151.88,28.77,2,1,1,0,0,1,0.4341136130707555,Moderate
R08804,Village Road,8.74,2,11.16,2,1250.3,39.58,94.17,15.61,0,3,0,0,0,1,0.16010863644960907,Safe
R08805,District Road,5.44,3,8.4,0,1918.4,33.73,62.14,31.78,2,2,1,1,0,0,0.6430882366859764,High
R08806,Village Road,16.46,1,7.69,1,2041.9,3.85,71.68,27.7,2,3,0,0,0,1,0.08668758341230193,Safe
R08807,District Road,19.72,1,6.21,2,891.2,33.85,104.82,11.35,1,0,1,0,0,1,0.3823720634150368,Moderate
R08808,Village Road,5.5,2,10.95,0,848.9,12.01,74.71,26.19,3,4,0,0,0,1,0.14237265335820737,Safe
R08809,Highway,1.59,3,4.1,3,1853.6,34.79,122.52,22.05,2,1,0,0,0,1,0.3404461737976851,Moderate
R08810,Highway,16.4,3,7.26,2,1731.6,42.68,75.91,13.56,3,3,1,0,0,0,0.4931619168557628,Moderate
R08811,State Highway,12.59,2,7.84,1,1307.3,41.86,128.85,21.83,5,2,1,1,0,0,0.6890118643333162,High
R08812,District Road,19.21,0,7.99,2,1079.6,5.63,190.33,33.06,3,1,1,1,0,1,0.6230365102658398,High
R08813,Village Road,5.42,0,8.87,3,1660.0,2.46,29.57,31.9,0,3,1,0,0,1,0.28924156112225585,Moderate
R08814,State Highway,1.89,2,7.55,1,129.5,34.96,33.99,12.16,1,3,0,0,0,1,0.2551282856449568,Moderate
R08815,District Road,10.1,2,5.31,0,235.4,31.95,78.18,21.01,2,2,0,0,0,1,0.23849011982878324,Safe
R08816,District Road,2.17,2,10.71,2,1454.1,7.93,108.78,22.74,1,1,1,0,0,1,0.33429234089303284,Moderate
R08817,District Road,5.6,0,8.92,0,565.2,30.81,122.76,27.28,0,1,1,1,0,1,0.5024694470010692,High
R08818,State Highway,2.96,1,10.72,0,1948.2,0.7,183.63,29.16,2,1,0,1,0,1,0.34078776798575305,Moderate
R08819,District Road,4.87,0,5.48,2,1942.3,28.4,46.26,30.71,0,0,0,0,1,1,0.2678281933621049,Moderate
R08820,State Highway,2.57,1,8.73,0,1789.4,37.45,110.06,24.91,1,1,0,1,0,1,0.40855820242668595,Moderate
R08821,Highway,19.1,1,9.43,2,2263.8,28.88,120.25,32.06,2,2,0,0,0,1,0.2612201852597875,Moderate
R08822,Village Road,5.93,3,6.45,1,395.0,2.94,92.71,23.91,0,4,0,0,0,1,0.16243652068268685,Safe
R08823,Highway,9.16,0,10.31,2,685.1,44.59,105.7,10.58,3,2,0,0,0,1,0.19357809741929433,Safe
R08824,Highway,18.02,1,3.02,0,668.1,16.02,83.64,21.47,1,0,0,0,0,1,0.06324471232056433,Safe
R08825,Village Road,13.71,1,8.35,1,1966.9,17.12,37.67,14.03,2,3,0,0,0,1,0.13999418164881233,Safe
R08826,State Highway,12.55,1,8.52,1,1327.3,3.81,37.78,24.35,1,0,0,0,0,1,0.13988389649550964,Safe
R08827,District Road,14.26,1,7.8,0,669.1,7.52,146.27,27.02,3,4,1,1,0,1,0.560689619997924,High
R08828,State Highway,16.66,3,8.67,1,384.2,12.2,60.44,27.03,2,0,0,0,0,1,0.16260489940462958,Safe
R08829,State Highway,17.61,0,4.51,1,2237.9,35.96,239.41,22.26,6,3,0,1,0,1,0.5255941801580969,High
R08830,State Highway,13.03,0,9.16,3,1745.7,31.13,147.46,27.92,1,4,1,0,0,1,0.4721139183169101,Moderate
R08831,State Highway,17.86,2,6.02,1,1344.9,26.26,196.5,12.86,1,1,1,0,0,1,0.5063254157722623,High
R08832,District Road,10.94,1,7.07,1,2415.4,38.88,129.3,33.69,3,1,0,0,0,1,0.1777906785110272,Safe
R08833,District Road,5.91,0,6.0,1,2131.5,44.9,133.15,31.08,1,2,1,0,0,1,0.420280335687142,Moderate
R08834,District Road,17.66,1,7.27,3,486.4,17.31,41.96,31.38,2,2,0,0,0,1,0.18019004844916,Safe
R08835,Village Road,11.06,1,8.59,2,1294.9,17.61,18.74,10.83,0,0,0,0,0,1,0.07254025452037083,Safe
R08836,Highway,18.17,0,10.55,2,1240.9,33.12,93.62,15.73,5,0,0,1,0,1,0.36343292374191666,Moderate
R08837,District Road,1.28,0,7.35,1,2118.5,29.0,85.32,12.48,2,1,1,0,1,1,0.4719150349007221,Moderate
R08838,District Road,8.25,2,5.91,1,415.3,0.6,50.74,31.63,4,0,0,0,0,1,0.1526090803865047,Safe
R08839,Village Road,18.98,1,7.39,0,1156.9,29.49,42.4,28.75,1,1,0,0,0,1,0.1189989251729746,Safe
R08840,Highway,5.37,0,9.2,2,1609.5,32.38,65.44,12.4,0,1,0,0,0,1,0.08895352241577636,Safe
R08841,District Road,18.86,0,6.12,1,2365.9,44.37,30.74,20.05,3,2,0,0,0,1,0.11948911978992237,Safe
R08842,Village Road,19.1,1,6.73,2,2253.2,26.4,61.43,22.8,1,0,0,0,0,1,0.10191006854847136,Safe
R08843,State Highway,17.7,0,8.07,0,1357.9,30.8,252.35,27.88,2,3,0,0,0,1,0.25845887031296344,Moderate
R08844,Village Road,11.49,2,5.65,1,1536.5,35.49,89.02,17.34,2,1,0,0,0,1,0.2583566163522487,Moderate
R08845,Highway,13.12,1,4.88,1,2138.4,4.32,137.5,17.26,0,1,1,0,0,1,0.35590611611460676,Moderate
R08846,District Road,17.46,1,4.26,0,1873.8,33.06,165.04,23.29,2,1,1,1,0,1,0.6286766214728287,High
R08847,Village Road,15.63,3,6.17,0,2204.4,24.61,38.03,23.14,2,2,0,0,1,0,0.25743957564239756,Moderate
R08848,District Road,12.79,1,3.44,1,2245.0,4.5,184.99,12.8,4,1,0,1,0,1,0.35952422554098745,Moderate
R08849,District Road,19.65,0,8.25,1,2089.8,30.14,32.55,27.82,2,1,0,0,0,1,0.12455989220272082,Safe
R08850,Highway,13.87,1,4.58,2,73.0,10.55,82.87,14.46,4,0,1,0,0,1,0.40246716692086126,Moderate
R08851,Village Road,19.52,1,6.4,1,811.8,24.21,19.1,31.25,2,1,0,1,0,1,0.3557215580226649,Moderate
R08852,District Road,1.62,0,5.42,1,1038.6,12.64,32.04,29.33,4,1,0,0,0,1,0.05210979721905264,Safe
R08853,Highway,3.21,0,8.67,1,1710.9,4.7,82.38,34.52,1,3,1,1,0,1,0.5122994651088929,High
R08854,District Road,9.3,1,10.65,1,801.8,11.29,87.84,14.28,4,1,0,0,1,1,0.29199667304402066,Moderate
R08855,District Road,8.01,0,8.7,0,842.7,19.75,97.96,33.61,0,1,0,0,0,1,0.183941809692728,Safe
R08856,Highway,15.76,2,7.88,1,1030.5,22.24,47.02,28.32,2,1,1,0,0,1,0.3307267750872646,Moderate
R08857,State Highway,3.63,1,9.02,0,2390.6,6.68,188.89,32.03,1,2,0,0,1,1,0.32833003416644685,Moderate
R08858,Highway,19.53,1,3.27,1,1121.0,14.44,55.91,10.86,3,1,0,0,0,1,0.22722587123722993,Safe
R08859,District Road,6.64,1,4.11,2,394.6,38.67,15.15,18.02,4,4,0,0,0,1,0.1518855709839129,Safe
R08860,District Road,8.86,1,3.85,1,65.6,40.97,112.25,10.74,0,1,0,0,0,1,0.21914606473816678,Safe
R08861,District Road,5.86,0,3.88,0,629.7,24.08,60.23,14.55,2,3,0,0,0,1,0.08054120598575498,Safe
R08862,Village Road,11.8,0,5.34,0,2350.1,22.07,86.27,32.11,1,3,0,1,0,1,0.23627481671521008,Safe
R08863,Village Road,1.64,0,7.79,0,2389.7,26.16,66.0,20.27,5,1,1,0,0,1,0.2770691894926185,Moderate
R08864,District Road,3.42,0,4.03,1,1346.1,9.66,131.13,26.79,1,4,0,0,0,1,0.07033411123656869,Safe
R08865,Highway,15.04,1,11.42,1,1633.6,44.71,66.86,22.1,2,3,0,1,1,1,0.5292805252848565,High
R08866,District Road,4.14,2,10.69,0,2000.0,33.54,28.34,21.84,2,0,0,0,0,1,0.1901498026589703,Safe
R08867,District Road,5.09,1,11.74,2,186.9,10.74,122.01,26.24,3,2,0,0,0,1,0.16225844944561355,Safe
R08868,District Road,15.96,3,3.38,1,967.1,12.25,158.94,20.87,5,1,0,1,0,0,0.4399263066085072,Moderate
R08869,District Road,2.32,2,10.66,2,1623.5,29.18,130.93,10.52,2,2,0,0,0,1,0.23734411032966785,Safe
R08870,State Highway,9.03,3,10.23,1,2250.7,14.53,43.91,30.01,1,3,0,0,1,0,0.3034845927037418,Moderate
R08871,Village Road,0.95,2,11.12,1,1830.7,15.99,84.9,16.84,4,3,0,0,1,1,0.24454096808335063,Safe
R08872,Highway,7.26,1,7.75,3,907.7,35.14,44.85,26.78,1,0,0,0,0,1,0.31493488455532964,Moderate
R08873,District Road,14.13,1,10.09,0,2279.5,12.01,103.74,26.45,1,1,0,0,0,1,0.09330804723407263,Safe
R08874,Highway,2.26,0,3.46,0,1678.3,31.74,94.5,13.62,1,2,0,0,0,1,0.10047742949066954,Safe
R08875,Village Road,17.82,2,3.68,2,2084.1,42.07,67.55,14.12,1,1,0,1,1,0,0.5511043462949207,High
R08876,Highway,18.24,1,4.07,1,994.5,5.59,112.32,21.2,1,1,1,0,0,1,0.42245897101434315,Moderate
R08877,Highway,2.55,1,11.23,3,55.3,6.49,75.76,18.54,2,0,0,0,0,1,0.13045685659313688,Safe
R08878,State Highway,19.82,1,3.55,0,457.1,42.43,158.88,16.83,2,2,1,1,0,1,0.6222576071187419,High
R08879,State Highway,6.3,1,3.9,0,2321.6,9.16,99.76,17.73,4,3,0,0,0,1,0.10478479204529312,Safe
R08880,State Highway,2.14,1,11.37,1,131.2,0.94,121.78,16.36,1,2,0,0,0,1,0.1841606959510093,Safe
R08881,District Road,0.6,1,3.97,0,1510.3,39.08,47.18,12.77,2,1,0,0,0,1,0.11874418567882383,Safe
R08882,District Road,8.47,2,10.83,1,1052.4,12.7,76.86,12.2,5,0,0,0,0,1,0.13040683125011912,Safe
R08883,Highway,12.78,2,10.1,3,1102.5,13.43,66.13,32.0,3,1,0,1,0,0,0.4371930015595414,Moderate
R08884,State Highway,6.98,2,3.36,0,1032.0,10.21,136.14,30.37,1,0,1,1,0,0,0.6307570840524346,High
R08885,Village Road,16.82,2,3.2,1,215.2,41.3,53.86,22.36,4,3,0,0,0,1,0.26814332242571176,Moderate
R08886,District Road,14.47,0,7.81,1,349.7,34.85,116.81,18.0,4,2,1,0,0,1,0.33611590087706184,Moderate
R08887,District Road,7.33,3,11.97,1,204.2,26.86,151.9,27.17,1,1,0,0,0,1,0.26462336052930424,Moderate
R08888,District Road,14.82,0,10.91,0,182.1,20.4,73.76,12.73,0,0,1,0,0,1,0.2597079110161123,Moderate
R08889,State Highway,18.84,2,5.79,0,259.7,6.46,100.12,12.54,2,0,0,0,1,1,0.2581028080446711,Moderate
R08890,Highway,2.32,0,6.48,0,1756.7,41.67,77.55,13.53,2,2,0,0,0,1,0.16328922216472588,Safe
R08891,State Highway,6.47,1,6.49,3,329.8,33.73,61.68,27.3,3,1,1,0,0,1,0.34165242369596227,Moderate
R08892,Village Road,9.53,2,9.61,2,690.7,12.55,37.93,30.54,1,1,0,0,0,1,0.2322054039346909,Safe
R08893,Village Road,10.21,1,6.07,2,1659.5,42.64,130.12,23.41,1,0,0,0,0,1,0.22924336092036895,Safe
R08894,District Road,11.07,1,4.33,0,325.1,42.08,40.88,14.22,2,2,0,1,1,1,0.4682777741873626,Moderate
R08895,Highway,6.36,1,9.72,0,2280.1,29.68,106.76,18.42,2,3,1,0,0,1,0.40385904598071076,Moderate
R08896,Highway,13.51,1,7.12,1,1219.8,44.33,231.95,30.57,2,0,0,0,1,1,0.37160642123130877,Moderate
R08897,State Highway,13.08,0,3.69,2,2409.5,8.43,104.62,22.81,3,4,0,0,0,1,0.10161217514364645,Safe
R08898,District Road,11.77,1,10.11,1,521.7,32.91,118.72,21.28,2,1,0,0,0,1,0.20592004945701006,Safe
R08899,Highway,2.72,0,8.27,1,125.0,6.85,98.26,26.48,2,0,0,1,0,1,0.32973239816690225,Moderate
R08900,Village Road,9.8,1,7.4,1,1496.2,31.13,76.04,18.87,3,0,0,0,0,1,0.12993476107774696,Safe
R08901,State Highway,7.45,0,9.06,0,855.4,41.39,37.97,10.11,2,0,0,0,1,1,0.2218215421645634,Safe
R08902,Village Road,10.08,1,7.55,2,1452.4,24.12,109.37,33.52,4,1,1,0,0,1,0.349891642755361,Moderate
R08903,Village Road,18.48,1,8.84,0,1210.4,34.34,103.86,27.76,3,2,1,1,0,1,0.526600361494995,High
R08904,Village Road,9.87,0,10.81,1,1170.0,6.44,88.19,33.95,3,2,0,0,1,1,0.23785308249991746,Safe
R08905,District Road,0.77,1,8.52,2,2135.4,28.49,124.44,31.25,3,1,0,1,0,1,0.3817322609236309,Moderate
R08906,District Road,9.06,1,8.94,0,520.0,2.84,50.89,19.35,1,2,0,0,0,1,0.05823113610620236,Safe
R08907,District Road,16.5,3,8.52,2,1274.1,1.66,145.84,19.47,5,5,0,0,1,0,0.347213542553253,Moderate
R08908,District Road,15.71,2,7.78,2,1069.2,28.53,94.99,13.61,1,1,1,0,1,0,0.5183362473126409,High
R08909,District Road,10.51,2,4.55,0,1700.7,25.78,116.28,30.18,3,0,0,0,0,1,0.2593387237423306,Moderate
R08910,Village Road,5.37,1,6.02,1,172.8,14.82,32.11,25.49,1,3,0,0,0,1,0.08984534849707516,Safe
R08911,District Road,9.57,1,9.24,1,1347.1,23.08,105.3,16.4,1,0,0,0,0,1,0.19593863328419725,Safe
R08912,Village Road,11.49,0,6.83,0,1222.4,30.8,16.75,34.0,2,1,0,0,1,1,0.2620806940467775,Moderate
R08913,Village Road,20.0,1,6.66,2,2435.3,29.01,42.09,29.2,2,2,0,1,0,1,0.3991823298704596,Moderate
R08914,State Highway,13.06,2,9.83,1,1901.8,3.31,131.52,32.06,0,2,1,0,0,1,0.29722177117736726,Moderate
R08915,Highway,14.04,1,3.05,1,429.7,30.52,77.03,14.35,3,2,0,0,0,1,0.1693448417288889,Safe
R08916,District Road,10.08,1,9.11,2,1297.6,29.68,34.74,24.81,0,3,1,0,0,1,0.31228894484422975,Moderate
R08917,District Road,7.41,0,7.4,0,1970.2,30.13,98.11,34.77,3,1,0,0,0,1,0.1523709373095279,Safe
R08918,Village Road,16.35,0,6.39,2,1335.2,38.13,170.4,18.74,2,0,0,1,1,1,0.5527651652651574,High
R08919,District Road,10.15,0,6.06,2,923.9,25.95,29.67,20.08,5,3,0,0,1,1,0.212805738828312,Safe
R08920,District Road,19.9,1,4.56,0,972.8,42.21,171.51,23.43,1,0,0,1,0,1,0.42718066356416484,Moderate
R08921,District Road,9.41,1,6.01,3,949.2,44.1,10.63,11.11,2,1,0,0,0,1,0.1910421109456338,Safe
R08922,Highway,1.83,1,6.52,1,98.9,33.83,258.58,15.65,2,3,1,1,0,1,0.7159005361791957,High
R08923,District Road,13.81,1,6.94,2,1840.0,16.14,62.72,18.07,1,0,0,0,0,1,0.16151535862011734,Safe
R08924,Village Road,1.41,2,9.05,2,1546.7,6.44,105.36,10.23,1,1,0,1,0,0,0.42585054241616727,Moderate
R08925,State Highway,5.38,2,7.08,1,708.3,36.91,101.66,17.89,2,2,1,1,0,0,0.5262002251333339,High
R08926,District Road,7.4,2,10.17,0,1593.6,6.6,61.74,23.63,3,4,0,0,0,1,0.07392094729038932,Safe
R08927,District Road,14.92,1,8.76,0,806.4,6.58,30.41,10.48,1,0,0,0,0,1,0.04147191652637273,Safe
R08928,State Highway,10.14,1,4.71,0,646.3,41.36,75.4,23.3,1,2,0,0,0,1,0.1500637902235449,Safe
R08929,Highway,1.06,3,5.49,1,1865.8,25.19,81.8,29.99,3,3,1,1,0,0,0.6512573938532695,High
R08930,Village Road,12.53,0,3.71,0,2032.3,13.2,68.8,13.65,5,0,0,0,0,1,0.07081805898635056,Safe
R08931,State Highway,8.52,0,11.51,1,1583.0,43.33,55.54,34.04,2,3,1,0,1,1,0.44841696814482196,Moderate
R08932,State Highway,18.48,1,10.98,0,1971.2,31.83,37.11,20.37,2,2,0,0,0,1,0.18550243843524192,Safe
R08933,State Highway,10.24,1,3.76,0,946.0,24.07,96.5,20.96,2,2,0,0,0,1,0.1833238591739385,Safe
R08934,District Road,14.33,0,8.17,1,225.9,14.83,130.51,22.87,3,3,0,1,0,1,0.4097818716978302,Moderate
R08935,District Road,4.77,2,11.64,1,1532.0,30.45,20.96,19.83,2,1,0,0,1,1,0.24411439374775928,Safe
R08936,District Road,15.34,1,9.72,2,677.1,32.89,41.55,26.31,1,0,0,0,0,1,0.17823931693471126,Safe
R08937,Highway,14.56,1,7.43,0,1954.8,32.04,108.58,14.45,3,6,0,0,0,1,0.12030071426438761,Safe
R08938,Village Road,18.13,1,5.17,0,927.4,8.79,82.65,33.01,2,2,1,0,0,1,0.4078294249948109,Moderate
R08939,State Highway,1.16,1,5.51,3,1693.1,31.38,105.97,31.71,2,2,1,1,0,1,0.6376366237727751,High
R08940,State Highway,9.23,0,9.63,0,1404.5,26.17,30.51,26.12,1,2,0,0,0,1,0.07721450888825912,Safe
R08941,District Road,13.74,0,10.03,2,2052.8,38.25,37.14,29.73,3,0,0,0,0,1,0.18265572361836327,Safe
R08942,State Highway,2.36,0,7.76,1,2089.1,28.11,98.57,27.71,3,2,0,0,0,1,0.14152548480105465,Safe
R08943,Village Road,8.51,2,4.09,0,217.3,6.58,27.22,21.86,2,0,0,0,0,1,0.11693498681162146,Safe
R08944,Village Road,18.87,1,11.4,1,773.0,14.33,76.28,13.89,6,2,1,0,0,1,0.3249884364140545,Moderate
R08945,State Highway,9.0,1,10.6,3,2183.7,33.47,101.69,18.11,1,5,0,0,0,1,0.31687003533930375,Moderate
R08946,Village Road,19.72,1,4.26,2,1039.8,33.3,35.34,32.11,1,1,0,0,0,1,0.23036375809981602,Safe
R08947,Village Road,1.61,1,3.51,2,1311.4,10.02,68.33,26.65,3,4,1,0,0,1,0.38838184587356805,Moderate
R08948,Village Road,14.5,0,7.82,1,499.2,15.96,112.17,31.63,1,0,0,0,0,1,0.11910133262110627,Safe
R08949,State Highway,11.83,0,5.56,1,1404.1,0.69,163.68,31.95,1,1,0,0,1,1,0.25322589031044485,Moderate
R08950,District Road,10.26,2,5.55,1,698.3,14.93,41.68,23.18,2,2,0,0,1,1,0.28840566294888165,Moderate
R08951,State Highway,19.43,1,3.78,1,2081.6,1.19,39.19,20.91,3,1,0,0,0,1,0.06397560574726516,Safe
R08952,Village Road,3.03,1,11.58,3,540.6,39.28,76.06,20.73,3,2,0,0,0,1,0.23091478673715735,Safe
R08953,Highway,17.97,1,10.47,0,931.6,30.0,44.05,21.1,2,0,0,0,0,1,0.1441058867392619,Safe
R08954,District Road,13.98,2,4.02,1,282.9,43.61,10.52,33.65,1,0,0,0,0,1,0.15878240593218507,Safe
R08955,State Highway,5.55,1,10.89,1,1490.6,40.14,78.66,13.76,0,0,0,0,1,1,0.2551971588636405,Moderate
R08956,State Highway,18.08,0,9.15,1,2357.8,27.16,82.92,13.79,2,1,0,1,0,1,0.3888460256078282,Moderate
R08957,District Road,8.87,2,5.93,0,474.2,22.63,334.33,19.68,0,1,1,1,0,0,0.7205810470295869,High
R08958,Village Road,16.38,0,10.84,0,98.4,39.77,59.1,30.05,5,1,0,0,0,1,0.15403016103675124,Safe
R08959,District Road,8.08,0,8.38,1,1085.0,13.43,13.96,31.31,1,3,0,0,0,1,0.11245042743991304,Safe
R08960,Village Road,17.09,0,10.64,2,1883.6,10.06,90.35,30.64,3,3,0,0,0,1,0.14460201976119458,Safe
R08961,State Highway,12.91,2,7.22,1,2439.0,18.45,66.58,24.55,0,0,1,1,0,0,0.5898307007719688,High
R08962,District Road,3.25,2,7.51,1,175.6,2.39,63.25,31.44,1,0,0,0,0,1,0.1539994831255563,Safe
R08963,District Road,13.17,2,5.62,2,1975.6,13.59,28.32,14.82,1,0,0,0,0,1,0.17251355354955025,Safe
R08964,Highway,4.23,3,6.49,2,953.3,3.77,115.48,24.97,0,1,0,0,0,1,0.19411351760170314,Safe
R08965,District Road,8.53,0,8.11,0,426.6,2.37,30.45,18.21,3,3,0,0,0,1,0.06245487279164616,Safe
R08966,District Road,3.82,1,11.52,0,521.1,24.81,123.91,16.83,2,0,0,0,0,1,0.25180634262441537,Moderate
R08967,District Road,0.93,1,8.4,2,2313.5,31.87,231.57,12.49,1,6,1,1,0,1,0.7266415262083445,High
R08968,District Road,4.63,3,4.33,1,2032.9,24.15,52.88,19.12,0,2,0,1,0,0,0.4734577075297497,Moderate
R08969,District Road,10.96,0,3.06,0,813.7,3.18,171.99,10.87,4,1,0,1,0,1,0.370326531890401,Moderate
R08970,Highway,9.89,3,10.66,0,2353.5,17.77,47.04,18.81,0,1,0,0,0,1,0.15583487666721907,Safe
R08971,Highway,10.28,0,6.28,2,307.9,4.99,112.7,21.87,1,1,1,0,0,1,0.3258236525977611,Moderate
R08972,District Road,5.33,2,5.83,2,840.2,29.25,89.01,18.94,1,1,1,0,0,1,0.47886402140055745,Moderate
R08973,State Highway,13.86,1,10.21,3,1649.7,37.19,42.13,29.28,2,0,0,1,0,1,0.44598173042161365,Moderate
R08974,Highway,14.23,2,11.51,1,2498.6,5.25,59.11,17.02,2,0,0,0,0,1,0.08692606248440021,Safe
R08975,District Road,7.48,0,9.73,0,1190.8,3.01,29.25,11.87,0,1,0,0,0,1,0.01186512356042594,Safe
R08976,District Road,17.68,0,4.56,2,2036.3,18.27,27.23,14.98,3,0,0,0,0,1,0.06698366497884375,Safe
R08977,State Highway,13.06,0,6.52,0,2293.9,13.66,52.62,30.5,1,2,0,0,0,1,0.040449592700937606,Safe
R08978,District Road,14.4,1,9.83,1,73.6,11.73,162.54,25.9,3,2,0,0,0,1,0.1568610232260892,Safe
R08979,District Road,5.91,1,11.16,0,757.9,9.51,58.46,24.43,2,3,0,0,1,1,0.22097789037599105,Safe
R08980,State Highway,0.51,3,11.99,1,295.9,14.26,70.56,23.46,5,2,1,0,0,0,0.39783557429037797,Moderate
R08981,Village Road,17.37,1,7.6,2,1951.3,43.44,116.84,28.73,3,1,0,1,0,1,0.44166692811889074,Moderate
R08982,District Road,16.54,0,10.4,1,1439.3,38.6,4.98,14.91,0,4,0,0,0,1,0.19415410935578467,Safe
R08983,District Road,2.9,0,3.42,0,284.1,27.06,64.94,15.24,1,1,1,0,0,1,0.37090786726784175,Moderate
R08984,District Road,7.8,0,5.57,1,1080.8,36.02,233.15,13.26,3,1,1,1,1,1,0.7672962119422926,Critical
R08985,Highway,13.4,2,6.34,1,1309.2,0.66,30.44,18.48,3,5,0,0,0,1,0.15421646566958921,Safe
R08986,District Road,13.22,2,11.78,2,1759.5,5.02,46.1,16.85,2,2,0,1,0,0,0.31481082517272524,Moderate
R08987,State Highway,17.28,3,3.03,2,1959.7,13.16,39.33,32.88,2,0,1,0,0,0,0.3527316364285124,Moderate
R08988,Village Road,3.24,1,5.77,0,265.3,28.98,97.7,10.31,2,4,1,0,0,1,0.3270561946162289,Moderate
R08989,Village Road,8.88,0,11.37,2,1244.7,39.75,43.63,21.85,3,3,0,0,0,1,0.19406776205358353,Safe
R08990,District Road,2.4,0,5.76,0,444.8,10.4,98.05,28.27,3,2,0,1,0,1,0.26106496447449185,Moderate
R08991,State Highway,8.1,1,5.03,0,1895.5,6.26,105.46,32.67,0,1,1,0,0,1,0.28274307204730925,Moderate
R08992,State Highway,0.79,3,9.57,0,1661.3,38.16,57.64,34.15,3,2,0,1,0,0,0.47129367342915535,Moderate
R08993,State Highway,18.02,0,9.71,0,1821.4,18.41,52.72,11.73,4,3,0,0,0,1,0.06713141792021377,Safe
R08994,District Road,10.78,0,7.25,2,233.7,31.48,87.38,14.88,4,3,0,0,0,1,0.1864836197778577,Safe
R08995,State Highway,17.07,2,11.52,2,1300.3,24.66,60.09,34.98,0,1,0,1,0,0,0.42048983303385423,Moderate
R08996,District Road,1.67,1,4.82,2,2109.4,7.92,168.4,17.84,2,0,0,0,0,1,0.16513773239736984,Safe
R08997,State Highway,4.94,0,11.22,3,1797.7,31.53,65.63,11.39,3,1,0,0,0,1,0.19485461807721138,Safe
R08998,Village Road,5.56,2,9.8,1,2161.3,18.94,102.51,33.34,4,2,1,1,0,0,0.5965971988910147,High
R08999,Highway,8.04,0,6.31,0,555.0,12.95,20.62,20.09,1,2,0,0,0,1,0.06048486302999357,Safe
R09000,Village Road,16.16,3,10.26,1,752.9,40.62,74.8,17.28,0,1,1,1,0,0,0.6199764258510991,High
R09001,Village Road,8.04,0,4.2,2,1131.1,0.27,70.99,13.77,3,1,0,0,0,1,0.11645291013550071,Safe
R09002,District Road,4.49,0,4.18,3,1332.0,18.22,116.22,20.63,2,0,0,0,0,1,0.12759809838436287,Safe
R09003,District Road,1.77,0,11.37,1,667.8,13.52,209.86,19.19,1,1,1,0,0,1,0.42872608588617317,Moderate
R09004,District Road,2.05,0,3.85,2,984.0,2.45,8.49,33.1,1,0,0,0,0,1,0.03063798849851492,Safe
R09005,District Road,15.32,1,3.04,2,1733.3,3.62,143.88,15.3,3,2,1,0,0,1,0.31247193930215134,Moderate
R09006,State Highway,9.17,1,6.5,0,1631.2,7.75,134.34,12.16,5,2,0,0,0,1,0.23088886107334028,Safe
R09007,State Highway,14.66,1,3.93,1,320.7,22.72,95.94,16.91,3,1,0,0,0,1,0.17267360258927505,Safe
R09008,District Road,13.8,1,10.77,0,2465.0,12.72,50.72,23.65,1,3,0,0,1,1,0.18845287110640654,Safe
R09009,District Road,3.14,1,11.3,1,1428.7,37.7,15.06,18.2,2,4,0,0,0,1,0.21172589858965013,Safe
R09010,District Road,3.29,0,7.34,2,1234.7,10.8,34.31,17.81,2,0,0,0,0,1,0.07163418251757724,Safe
R09011,State Highway,15.23,3,6.83,2,2419.8,32.41,21.18,19.95,2,2,1,0,0,0,0.415977644457147,Moderate
R09012,State Highway,14.56,2,7.85,1,393.8,9.47,183.81,31.81,3,4,1,0,0,1,0.4524911052484539,Moderate
R09013,Highway,7.87,0,5.04,2,1382.0,1.91,68.6,26.57,2,2,1,0,0,1,0.3036679774148807,Moderate
R09014,Highway,2.01,1,5.68,0,2022.4,11.91,93.93,23.18,1,1,0,0,0,1,0.157132870025401,Safe
R09015,State Highway,0.74,1,3.91,0,1027.3,37.69,59.35,20.07,1,0,0,0,0,1,0.18808683917493613,Safe
R09016,Highway,6.12,0,7.02,0,1853.9,3.7,44.55,11.76,1,2,0,0,1,1,0.21643539134886403,Safe
R09017,Highway,0.68,1,8.51,2,2252.9,15.5,51.01,32.11,1,1,0,0,0,1,0.1354583224735952,Safe
R09018,Village Road,4.99,1,11.37,2,691.1,0.36,28.29,13.21,2,1,0,1,0,1,0.3167548942526964,Moderate
R09019,Highway,8.68,0,9.65,1,641.6,28.36,54.12,14.66,1,2,0,0,0,1,0.14277577217041193,Safe
R09020,District Road,2.87,0,9.51,3,933.7,42.42,134.57,21.25,5,3,0,0,0,1,0.2478595670066139,Safe
R09021,State Highway,2.53,2,5.77,2,1075.2,17.3,132.51,13.5,2,0,0,0,0,1,0.20698890922285862,Safe
R09022,Village Road,17.98,0,10.99,1,322.1,25.96,67.13,26.0,3,3,0,1,0,1,0.3068574950644553,Moderate
R09023,District Road,11.92,0,11.52,1,616.7,20.35,67.65,22.36,1,2,0,1,0,1,0.36004593219083725,Moderate
R09024,State Highway,18.72,2,11.39,2,2189.4,43.8,24.56,22.44,1,2,0,0,1,1,0.331751137015716,Moderate
R09025,District Road,7.24,2,3.35,0,1438.1,33.12,127.26,34.18,1,1,1,0,0,1,0.3773329583531207,Moderate
R09026,State Highway,13.7,0,8.44,0,706.2,1.99,100.55,26.84,1,0,0,0,0,1,0.08626968700488358,Safe
R09027,District Road,4.49,2,8.79,0,2361.8,4.89,59.58,28.3,3,4,1,0,0,1,0.304182143906026,Moderate
R09028,Highway,12.56,1,5.66,2,1947.1,21.17,85.98,25.24,1,0,0,0,0,1,0.10868421251174878,Safe
R09029,Village Road,3.03,0,11.93,3,938.0,28.43,87.45,16.49,2,3,1,0,1,1,0.4997929563626567,Moderate
R09030,District Road,0.54,1,5.62,1,1925.3,13.07,143.7,11.57,1,2,0,0,0,1,0.13026696835338206,Safe
R09031,State Highway,18.66,2,4.95,3,1510.3,30.36,97.94,24.02,1,0,0,0,1,1,0.3637826930667551,Moderate
R09032,District Road,11.32,0,7.36,1,1725.4,25.94,72.92,21.16,2,1,0,0,0,1,0.11461161262517149,Safe
R09033,State Highway,18.58,1,5.91,1,837.6,19.58,105.57,13.08,0,0,0,0,0,1,0.18515853894626125,Safe
R09034,Village Road,7.01,1,11.32,2,563.3,26.2,95.03,31.49,2,0,0,0,0,1,0.10909111217945877,Safe
R09035,District Road,6.89,1,6.96,1,671.3,41.24,58.7,22.42,4,0,0,1,0,1,0.3562183819181725,Moderate
R09036,District Road,8.31,1,6.69,1,255.1,10.94,51.69,21.35,5,0,0,0,0,1,0.1658187572662514,Safe
R09037,Highway,14.27,1,8.63,0,1204.0,35.6,108.19,20.43,1,0,0,0,0,1,0.18727316965557403,Safe
R09038,Village Road,11.53,0,3.73,0,1045.3,0.54,67.67,28.44,2,1,0,0,1,1,0.17618610379448785,Safe
R09039,District Road,18.54,1,9.81,1,56.2,3.82,60.49,11.29,0,1,0,0,0,1,0.059824548839915365,Safe
R09040,State Highway,1.0,1,9.92,0,2148.1,42.74,66.64,15.38,2,1,0,0,0,1,0.18239909950887007,Safe
R09041,Highway,14.31,2,7.27,2,1720.6,31.4,41.92,32.56,1,2,1,0,1,0,0.5666228340072547,High
R09042,State Highway,6.94,1,11.6,1,1144.5,28.5,105.78,11.0,2,0,0,0,0,1,0.2603411478940259,Moderate
R09043,Village Road,4.01,1,8.21,1,2419.2,15.03,46.97,25.27,5,0,1,1,0,1,0.5811066039565511,High
R09044,State Highway,10.45,3,9.26,2,2354.3,8.3,83.29,16.03,1,1,0,0,0,1,0.22384832370443047,Safe
R09045,District Road,10.35,0,11.32,3,283.0,17.1,32.36,23.51,6,0,0,0,1,1,0.20620033746825078,Safe
R09046,Highway,3.17,0,9.0,0,1557.1,26.93,64.62,23.28,3,2,0,0,0,1,0.0360367496385611,Safe
R09047,State Highway,4.44,0,6.89,1,2051.7,28.55,146.57,26.41,3,0,1,1,0,1,0.5572309098411979,High
R09048,District Road,8.46,0,3.22,2,473.7,7.63,64.43,14.29,2,1,0,0,0,1,0.13627917129440073,Safe
R09049,Village Road,8.47,1,9.55,0,363.5,20.05,47.25,26.02,2,3,0,0,0,1,0.06299583558743205,Safe
R09050,District Road,6.69,0,11.68,0,686.5,25.5,168.13,29.54,6,1,0,0,0,1,0.15560134327145897,Safe
R09051,Village Road,3.4,0,7.23,1,735.2,43.2,86.49,14.39,1,0,0,1,0,1,0.3103076096672418,Moderate
R09052,District Road,0.59,0,6.06,1,2414.2,24.72,30.71,29.74,3,0,0,0,0,1,0.0967004958923001,Safe
R09053,Highway,19.42,1,7.67,0,1962.2,26.13,100.01,13.04,2,0,0,1,0,1,0.33534018954935507,Moderate
R09054,State Highway,18.9,2,9.56,1,196.4,34.43,66.06,16.57,3,0,1,1,0,0,0.5859442789457072,High
R09055,District Road,9.93,2,3.01,1,1976.9,18.85,110.36,19.05,1,1,0,0,0,1,0.25327480843608174,Moderate
R09056,Village Road,19.9,0,10.98,1,465.6,17.27,76.72,17.78,0,2,1,0,0,1,0.29634479591053076,Moderate
R09057,Village Road,13.64,1,10.98,2,925.2,26.59,99.26,28.35,3,4,0,0,0,1,0.24610395061393445,Safe
R09058,State Highway,1.84,0,7.87,2,830.4,35.25,217.11,16.72,0,0,1,0,0,1,0.4577283313382978,Moderate
R09059,State Highway,2.8,0,4.1,1,717.3,28.69,32.56,28.77,2,0,0,0,0,1,0.11145158718664942,Safe
R09060,State Highway,18.36,2,9.05,1,806.5,8.38,47.6,11.43,2,0,0,0,0,1,0.11970737124049646,Safe
R09061,Village Road,12.79,1,4.24,2,1897.8,17.9,81.72,17.96,2,1,1,0,1,1,0.476911317908106,Moderate
R09062,Village Road,16.94,0,7.57,1,703.1,23.07,26.78,32.82,1,3,0,0,0,1,0.09825621770608452,Safe
R09063,Village Road,18.02,1,3.84,2,2011.8,23.57,122.17,19.64,0,0,1,1,0,1,0.6135707648226534,High
R09064,State Highway,9.23,0,8.3,1,273.0,15.28,55.8,21.76,2,0,0,1,0,1,0.273604474657067,Moderate
R09065,District Road,1.45,1,5.86,1,1508.2,23.51,94.26,28.82,2,1,0,0,0,1,0.11450640947660437,Safe
R09066,District Road,4.17,1,10.48,0,2164.4,30.28,30.5,11.35,0,1,1,1,1,0,0.6376564148094389,High
R09067,State Highway,1.8,0,10.2,2,244.3,21.06,39.8,27.51,1,0,1,0,0,1,0.32226505426684315,Moderate
R09068,District Road,4.18,3,11.99,1,1605.5,20.31,98.02,11.61,1,1,0,0,0,1,0.18469450125681208,Safe
R09069,Highway,8.51,1,5.32,2,1303.5,36.07,20.21,23.81,1,1,0,0,0,1,0.1476990419866978,Safe
R09070,Highway,2.8,2,3.56,1,863.3,34.06,85.18,25.29,2,3,0,0,0,1,0.24298828420905524,Safe
R09071,Village Road,3.75,2,6.99,0,296.7,19.01,183.93,13.62,3,0,0,0,0,1,0.22511826695084083,Safe
R09072,Village Road,9.19,1,3.75,1,1707.4,44.82,9.46,31.27,0,1,0,0,0,1,0.16471259535947652,Safe
R09073,District Road,7.13,1,4.61,0,808.0,2.99,43.99,24.22,3,2,0,1,0,1,0.3428033867402289,Moderate
R09074,District Road,9.62,0,8.38,1,880.4,14.67,28.81,13.87,6,3,0,0,0,1,0.09563295249741877,Safe
R09075,State Highway,8.87,1,8.33,1,1808.1,1.66,56.27,31.52,1,4,0,0,0,1,0.20195716818886056,Safe
R09076,District Road,13.07,1,3.39,0,2366.1,37.78,84.72,30.62,1,3,1,0,0,1,0.3620796216569689,Moderate
R09077,Village Road,18.78,0,6.99,0,867.4,34.0,37.0,26.77,3,0,0,1,0,1,0.3541556438393382,Moderate
R09078,Village Road,2.6,1,7.77,2,1879.5,30.77,34.14,20.14,1,0,0,0,0,1,0.13828975391078602,Safe
R09079,District Road,2.44,2,5.41,2,2393.7,9.65,64.11,22.35,1,1,0,0,0,1,0.13922222667301923,Safe
R09080,State Highway,17.13,3,10.85,0,289.7,31.85,39.44,27.59,1,1,0,0,0,1,0.11943857659369664,Safe
R09081,State Highway,10.37,1,4.45,1,1346.5,15.99,67.01,17.51,1,0,0,0,1,1,0.24623907804199044,Safe
R09082,District Road,15.44,1,5.29,1,77.4,39.09,29.95,24.89,2,2,0,0,0,1,0.22073515830881296,Safe
R09083,State Highway,4.7,2,4.41,1,2071.7,8.98,162.0,25.55,2,2,0,0,0,1,0.2461653123061774,Safe
R09084,Village Road,16.66,0,4.05,0,752.9,9.8,50.05,15.55,2,1,0,0,0,1,0.030868059682991437,Safe
R09085,State Highway,18.52,0,10.91,0,865.3,43.23,28.74,13.22,2,1,0,0,0,1,0.09788433365417216,Safe
R09086,Highway,12.89,0,5.5,2,1733.9,23.27,55.32,14.12,0,0,0,0,0,1,0.14735552352601017,Safe
R09087,State Highway,2.56,2,9.5,2,1983.5,20.09,19.25,10.53,2,0,0,1,0,0,0.34709142632793705,Moderate
R09088,Village Road,17.96,0,6.85,1,1030.0,15.83,85.52,28.78,1,2,0,1,0,1,0.30107904096222526,Moderate
R09089,State Highway,15.95,0,8.72,2,1680.5,37.4,60.48,30.24,3,2,0,0,0,1,0.18584677632274169,Safe
R09090,District Road,15.14,1,11.35,1,2393.1,15.87,21.63,29.99,1,2,0,0,0,1,0.044486956240625174,Safe
R09091,District Road,1.22,2,10.6,0,2222.9,16.03,50.96,33.25,3,2,0,0,0,1,0.14187796581395892,Safe
R09092,Highway,16.08,3,3.62,2,1768.2,5.55,37.38,12.12,0,3,0,0,0,1,0.1894496954276152,Safe
R09093,District Road,3.19,1,10.61,0,2360.5,23.43,50.12,33.27,3,3,0,0,0,1,0.11839328084773544,Safe
R09094,District Road,4.84,3,7.07,2,2196.0,41.57,38.09,22.55,2,2,0,1,0,0,0.4341633870727519,Moderate
R09095,District Road,11.75,0,6.15,1,1836.1,43.09,51.79,19.83,2,2,0,1,0,1,0.29009527884117015,Moderate
R09096,Village Road,5.67,0,9.05,2,2297.3,44.8,142.05,13.55,5,2,0,0,0,1,0.22034653752613226,Safe
R09097,State Highway,13.4,3,11.55,1,2052.6,21.29,61.97,22.08,3,2,1,0,0,0,0.3700148532580177,Moderate
R09098,Highway,12.36,1,3.85,2,1280.5,34.87,80.11,27.04,3,2,0,0,0,1,0.23174314678334712,Safe
R09099,Village Road,2.61,0,9.91,0,1280.6,24.86,180.11,12.22,2,0,1,1,0,1,0.5715803259799861,High
R09100,State Highway,13.29,1,4.83,0,71.5,24.66,81.01,34.44,0,2,0,0,0,1,0.05719870015298731,Safe
R09101,District Road,18.52,2,6.42,2,124.1,36.28,82.63,32.92,0,2,0,0,0,1,0.1982307958685591,Safe
R09102,Village Road,3.64,2,10.86,2,1878.3,37.59,169.14,32.18,2,1,1,0,0,1,0.5185066742103299,High
R09103,State Highway,12.14,2,7.91,2,1409.2,0.89,34.43,20.24,2,4,1,0,0,1,0.40061119271167767,Moderate
R09104,District Road,7.17,1,3.61,1,1914.3,42.43,17.44,31.4,3,6,0,0,0,1,0.2062123343260504,Safe
R09105,Highway,9.46,2,7.57,1,2376.7,37.03,77.19,13.14,1,2,0,0,0,1,0.21419618182028524,Safe
R09106,State Highway,6.1,1,10.11,1,1158.7,32.45,45.91,32.77,2,3,0,0,0,1,0.1460786327097571,Safe
R09107,Highway,7.41,1,7.76,0,266.7,38.34,44.61,31.37,2,1,0,1,0,1,0.31696908303064136,Moderate
R09108,Village Road,1.06,2,4.5,2,1585.1,24.18,72.96,24.68,1,0,1,1,1,0,0.7550930823126828,Critical
R09109,State Highway,19.64,1,7.01,2,294.3,34.8,99.67,26.56,2,0,1,0,0,1,0.4646471203938668,Moderate
R09110,District Road,12.68,0,11.32,3,1572.2,26.94,139.62,18.77,3,2,0,1,0,1,0.41069504184179456,Moderate
R09111,Village Road,10.26,1,8.92,1,1343.0,24.43,74.93,33.72,1,2,0,0,1,1,0.2868604416835299,Moderate
R09112,District Road,7.98,1,9.57,1,1794.9,9.52,35.93,11.67,0,3,0,0,0,1,0.06060381784876117,Safe
R09113,District Road,11.02,0,10.07,2,909.9,38.13,29.37,32.27,3,3,0,0,0,1,0.14885532330172727,Safe
R09114,District Road,7.91,0,3.82,2,402.5,39.77,138.51,16.54,3,3,1,0,0,1,0.42595578491290154,Moderate
R09115,State Highway,7.52,0,8.23,2,628.7,43.7,38.44,30.13,2,0,0,0,0,1,0.15514387629899823,Safe
R09116,District Road,9.55,0,6.38,2,1724.9,5.42,43.35,11.24,1,0,0,0,0,1,0.07866727277413883,Safe
R09117,District Road,5.88,2,4.25,2,1221.5,13.12,60.06,16.11,2,0,0,0,0,1,0.1045763971698195,Safe
R09118,Village Road,4.01,0,4.82,0,1375.0,30.84,58.48,14.95,4,1,0,0,0,1,0.1342790796853047,Safe
R09119,Village Road,11.35,0,10.03,2,841.3,38.49,54.59,34.46,1,2,0,0,0,1,0.10388889001832044,Safe
R09120,Village Road,16.93,1,4.45,0,2099.9,33.81,46.91,15.24,2,0,0,0,0,1,0.1506033869053731,Safe
R09121,Village Road,3.48,2,5.81,2,2498.7,20.5,104.03,19.28,4,1,1,0,0,1,0.36184589324117633,Moderate
R09122,District Road,1.14,0,5.56,1,814.9,32.67,65.42,17.45,1,0,0,0,1,1,0.28571392293434233,Moderate
R09123,District Road,5.31,0,3.44,0,1810.7,3.25,202.94,34.65,0,0,1,0,1,1,0.5274803784298168,High
R09124,Village Road,19.6,3,7.16,1,469.2,29.81,54.41,25.4,1,2,0,0,1,0,0.39451852462224823,Moderate
R09125,State Highway,16.66,1,9.89,0,1869.0,0.36,201.36,18.99,1,2,1,0,0,1,0.405237142259269,Moderate
R09126,Village Road,12.12,3,3.2,0,1105.6,2.14,12.78,32.7,1,1,1,0,0,0,0.2982173669184544,Moderate
R09127,District Road,18.62,0,4.01,0,1533.0,34.08,126.58,27.68,3,0,0,0,0,1,0.14024328926583438,Safe
R09128,District Road,9.18,0,9.48,1,632.0,21.49,95.67,27.59,0,3,1,0,0,1,0.38219664937481734,Moderate
R09129,District Road,19.67,0,8.34,0,2136.6,2.68,10.23,22.16,2,3,0,0,0,1,0.07117635136965669,Safe
R09130,Village Road,6.28,0,9.44,0,474.7,21.68,192.84,22.45,2,3,1,0,0,1,0.4009320857799735,Moderate
R09131,State Highway,5.19,2,5.07,0,2325.1,2.82,64.31,28.27,3,2,0,0,0,1,0.0527396991512305,Safe
R09132,District Road,12.94,3,10.23,0,200.1,15.57,77.71,10.25,1,4,0,0,0,1,0.25107562925373234,Moderate
R09133,District Road,7.87,3,7.32,0,755.6,7.08,33.61,20.93,2,6,0,0,0,1,0.13248592219160385,Safe
R09134,State Highway,12.71,2,8.49,1,1429.2,9.87,28.11,34.53,2,4,0,0,0,1,0.06711041689351,Safe
R09135,Village Road,6.45,2,3.83,1,2153.2,8.8,34.31,26.34,1,1,0,0,0,1,0.2182581446520565,Safe
R09136,District Road,12.55,1,4.85,3,1463.7,16.73,28.82,19.47,2,1,0,0,0,1,0.16312461313692866,Safe
R09137,District Road,5.88,2,9.96,0,579.5,4.86,38.42,14.25,2,2,0,0,0,1,0.16784535667525366,Safe
R09138,State Highway,1.49,0,5.02,2,2154.6,23.75,115.56,18.97,3,1,0,0,0,1,0.14771931200816077,Safe
R09139,District Road,18.29,1,3.83,1,1510.6,18.32,125.27,22.0,0,4,1,0,0,1,0.3598724629560264,Moderate
R09140,District Road,17.72,1,8.37,1,619.3,37.79,53.87,25.77,0,1,1,0,0,1,0.30578783564531675,Moderate
R09141,District Road,19.43,2,7.93,1,1426.5,37.17,31.59,34.58,3,2,1,0,0,1,0.37470045947792213,Moderate
R09142,State Highway,14.47,1,8.47,0,1704.5,37.09,169.51,22.4,1,1,1,0,0,1,0.4574739754359787,Moderate
R09143,Village Road,13.81,2,8.56,1,1717.3,21.13,130.82,19.09,5,2,1,0,0,1,0.38126093341710987,Moderate
R09144,District Road,11.4,1,7.5,2,1823.8,13.09,265.11,16.34,1,0,1,0,0,1,0.48020711000269095,Moderate
R09145,District Road,2.96,2,7.44,2,2244.6,18.69,38.13,29.15,2,0,0,0,0,1,0.21141400465316218,Safe
R09146,District Road,4.19,3,11.32,3,2070.8,30.93,88.15,21.6,2,1,0,0,0,1,0.31158692929333937,Moderate
R09147,State Highway,6.14,0,7.8,2,1538.9,23.84,46.28,28.13,2,4,0,1,0,1,0.32827922304680257,Moderate
R09148,District Road,17.86,3,8.56,1,128.8,28.09,10.05,17.09,1,2,0,0,0,1,0.20668270425634722,Safe
R09149,District Road,3.87,1,5.4,1,1886.3,31.22,97.76,19.28,1,3,0,0,0,1,0.17795801015744012,Safe
R09150,District Road,18.5,1,10.84,2,2438.7,41.33,304.95,33.89,0,2,1,1,0,1,0.7549488832040392,Critical
R09151,District Road,10.69,2,3.22,2,798.6,42.48,91.38,15.84,4,1,0,0,0,1,0.21556122675259737,Safe
R09152,District Road,14.45,1,8.02,0,1536.9,37.82,84.78,17.96,1,1,0,0,0,1,0.14844578161357216,Safe
R09153,Highway,2.65,1,6.45,2,1933.2,2.93,97.57,22.72,4,3,1,1,0,1,0.5896827375969954,High
R09154,District Road,5.75,1,8.44,1,1615.8,44.07,42.98,23.15,2,0,0,0,0,1,0.1958603468866416,Safe
R09155,State Highway,19.19,0,6.24,1,2310.2,31.66,51.07,11.66,4,4,0,0,0,1,0.2249135417210924,Safe
R09156,Highway,5.69,1,9.46,2,1209.7,31.2,112.38,34.29,1,2,0,0,0,1,0.15000206772437946,Safe
R09157,Village Road,6.28,0,3.18,2,1353.0,1.04,27.64,17.57,0,1,0,0,0,1,0.020154470466775154,Safe
R09158,District Road,4.35,3,6.65,3,143.7,21.57,54.6,11.34,2,2,0,1,0,0,0.449159939109515,Moderate
R09159,District Road,3.02,0,10.48,2,2255.5,28.19,120.18,16.37,1,2,1,0,0,1,0.3923885581897029,Moderate
R09160,District Road,5.05,1,5.25,0,692.6,12.53,24.15,19.99,2,2,0,1,0,1,0.27104570736006695,Moderate
R09161,Village Road,13.03,3,3.47,0,2447.1,3.75,63.88,15.79,1,3,1,0,1,0,0.404998338085611,Moderate
R09162,District Road,9.38,3,7.47,1,545.2,23.96,27.16,13.87,3,0,1,0,0,0,0.33588424765242636,Moderate
R09163,Village Road,11.3,2,11.79,2,671.0,20.08,51.51,22.68,2,3,0,1,0,0,0.3538463359303584,Moderate
R09164,State Highway,2.89,1,3.58,0,1237.3,1.98,65.2,29.91,2,2,0,0,0,1,0.10116600077904735,Safe
R09165,Village Road,16.14,0,3.63,2,1668.2,23.37,97.95,27.62,1,2,0,0,0,1,0.1528828112370141,Safe
R09166,Village Road,15.79,1,8.36,1,1129.6,4.85,119.22,20.64,2,1,0,0,0,1,0.15917115441026916,Safe
R09167,Village Road,0.92,0,5.25,2,912.0,19.1,69.18,13.1,1,0,0,0,0,1,0.1528059401672164,Safe
R09168,State Highway,7.98,2,6.69,0,1373.2,12.17,34.01,33.87,3,5,0,0,0,1,0.06487083476119165,Safe
R09169,State Highway,1.84,0,10.47,0,2397.8,43.67,88.02,18.42,1,2,0,1,0,1,0.35513348287816243,Moderate
R09170,State Highway,15.95,1,4.79,0,2406.8,1.56,24.57,12.58,0,0,0,0,0,1,0.008747691675283317,Safe
R09171,State Highway,14.88,1,9.47,1,853.7,25.2,145.7,18.41,4,1,0,1,0,1,0.41292502141931353,Moderate
R09172,Village Road,18.09,1,7.54,0,1716.4,6.84,33.56,27.43,2,0,1,0,0,1,0.311034391131328,Moderate
R09173,Highway,5.11,1,11.14,2,1818.7,14.37,66.83,16.28,3,3,0,0,0,1,0.13144116668374764,Safe
R09174,Highway,9.4,2,11.76,1,1650.9,8.28,32.34,14.57,3,1,0,0,0,1,0.18198340798011953,Safe
R09175,State Highway,4.1,0,7.36,2,326.9,44.78,92.96,16.59,4,3,1,0,0,1,0.46853690615581056,Moderate
R09176,State Highway,7.74,1,8.26,3,1371.7,1.46,109.55,23.79,1,0,1,1,0,1,0.5762908917398579,High
R09177,State Highway,10.68,0,9.71,1,1920.0,24.36,81.81,31.86,2,0,0,0,0,1,0.14953315633929284,Safe
R09178,Village Road,1.54,0,5.87,0,542.0,27.36,51.42,13.3,2,2,1,0,0,1,0.33243251550287367,Moderate
R09179,District Road,14.44,1,5.04,2,903.1,34.75,139.12,13.59,5,2,0,1,0,1,0.47164459298917105,Moderate
R09180,Highway,11.09,0,11.68,0,549.3,28.17,67.54,20.71,3,2,0,0,0,1,0.1396375047779347,Safe
R09181,District Road,16.66,0,6.89,0,2223.0,10.41,117.59,13.13,1,1,1,1,0,1,0.4885047401297757,Moderate
R09182,District Road,5.8,2,3.01,1,2153.4,26.91,18.96,34.48,3,2,0,0,0,1,0.16801797471000707,Safe
R09183,Highway,18.11,1,10.54,0,464.5,43.87,62.42,31.97,2,2,0,0,0,1,0.12297790243906649,Safe
R09184,District Road,19.97,0,8.4,1,1913.3,38.18,60.0,11.62,2,1,0,1,0,1,0.3396630577632771,Moderate
R09185,District Road,18.43,0,4.52,1,941.7,20.41,84.6,32.67,0,1,0,0,0,1,0.13421114351948854,Safe
R09186,District Road,15.67,0,3.27,1,1731.1,21.48,100.81,17.11,0,0,0,0,1,1,0.22926389716664552,Safe
R09187,District Road,16.34,1,5.62,0,1258.8,5.98,168.95,18.07,0,2,1,0,0,1,0.4574818295492087,Moderate
R09188,Highway,11.69,1,11.35,1,1206.3,25.65,55.85,18.46,1,4,0,0,0,1,0.20599893380827758,Safe
R09189,Village Road,4.21,1,11.4,0,2209.1,12.61,41.29,11.75,1,2,0,0,0,1,0.1346307416204267,Safe
R09190,Village Road,13.7,0,5.8,0,1610.6,4.87,90.23,29.47,6,1,1,0,0,1,0.28371479519062226,Moderate
R09191,Village Road,14.4,1,10.52,1,627.6,21.34,46.28,14.56,2,2,1,0,0,1,0.22318363687455223,Safe
R09192,Highway,19.72,1,6.98,1,321.4,2.03,77.67,15.2,1,1,0,0,0,1,0.10063337282265672,Safe
R09193,Village Road,11.06,1,8.89,1,2336.8,5.41,22.67,29.22,1,2,0,0,0,1,0.07538296623525496,Safe
R09194,Village Road,5.79,2,6.01,0,425.8,9.86,66.4,11.5,0,0,0,0,0,1,0.08127719456114313,Safe
R09195,Village Road,13.83,0,7.64,3,1848.5,44.58,15.56,18.4,1,1,0,1,0,1,0.36836124611079935,Moderate
R09196,Highway,19.6,0,5.64,0,1264.8,36.38,50.9,24.03,5,1,0,0,0,1,0.14520056830128494,Safe
R09197,District Road,3.96,2,3.55,2,393.2,24.38,71.87,12.89,2,1,0,1,0,0,0.4818826290396581,Moderate
R09198,Village Road,6.86,0,4.25,0,1952.8,10.47,70.27,20.63,0,2,0,0,0,1,0.03911859795392891,Safe
R09199,District Road,11.07,0,5.62,2,2266.0,23.35,52.02,18.84,2,3,0,0,0,1,0.1946320653409072,Safe
R09200,District Road,3.82,2,11.79,1,347.7,29.2,111.34,18.04,6,4,0,0,0,1,0.3525998308021844,Moderate
R09201,Village Road,0.93,1,11.69,1,214.4,0.21,51.62,16.76,3,0,0,0,0,1,0.09211667171630541,Safe
R09202,District Road,7.07,2,10.45,0,2132.1,44.46,41.22,18.48,2,1,0,1,0,0,0.34563186724989675,Moderate
R09203,District Road,17.37,0,5.09,1,1277.3,28.21,55.23,19.8,2,1,0,1,0,1,0.2985513512492797,Moderate
R09204,District Road,1.35,1,6.97,2,1702.6,44.47,75.33,13.2,1,1,0,0,0,1,0.21260477177426126,Safe
R09205,Village Road,8.86,0,6.96,2,1131.6,21.11,35.38,15.19,3,0,1,0,0,1,0.30075715143372506,Moderate
R09206,Highway,15.36,1,6.48,0,1060.4,28.06,162.08,32.76,3,0,1,1,0,1,0.6053420056949319,High
R09207,District Road,19.09,0,3.4,1,784.2,20.77,138.7,33.61,3,1,0,0,0,1,0.1318010539396193,Safe
R09208,District Road,19.72,1,7.81,0,1429.2,0.43,159.59,34.82,5,2,1,0,1,1,0.4765450780396714,Moderate
R09209,Village Road,8.73,0,3.66,0,441.5,38.25,70.31,21.97,7,0,0,0,0,1,0.2243877345837429,Safe
R09210,District Road,19.03,0,10.22,0,1807.2,20.21,129.85,13.39,2,1,1,0,0,1,0.2845610800058229,Moderate
R09211,Village Road,1.19,1,9.22,0,1396.1,21.19,74.34,27.09,5,1,0,1,0,1,0.3407694616649881,Moderate
R09212,Village Road,15.05,3,6.17,2,2126.4,16.2,137.3,33.42,4,1,1,0,0,0,0.4840426484792171,Moderate
R09213,Highway,13.03,2,8.82,1,2306.5,19.47,60.16,10.78,2,3,0,0,0,1,0.2208407450946725,Safe
R09214,District Road,5.37,3,5.1,2,2256.4,32.65,68.56,10.55,3,1,0,0,0,1,0.32437504563522473,Moderate
R09215,Highway,10.39,1,5.39,2,1523.0,31.53,59.47,25.31,2,1,1,0,0,1,0.45012387514474705,Moderate
R09216,State Highway,3.03,0,5.83,1,830.9,36.38,101.39,10.99,3,4,1,0,1,1,0.4420213539059632,Moderate
R09217,District Road,17.5,0,10.17,1,925.1,43.86,79.49,19.79,6,1,1,1,1,1,0.6640956646086958,High
R09218,Village Road,7.48,1,4.9,3,1648.7,17.6,196.96,19.44,2,3,1,1,0,1,0.6626238726550764,High
R09219,Village Road,12.71,0,8.07,1,1794.3,15.25,92.59,12.47,2,1,0,0,0,1,0.2007730286509649,Safe
R09220,Highway,3.6,0,4.8,1,445.1,22.21,106.93,28.65,0,0,0,0,1,1,0.2950602934718708,Moderate
R09221,Highway,4.52,0,5.57,2,2495.0,6.95,45.69,12.72,1,0,0,0,0,1,0.05789339017818352,Safe
R09222,District Road,19.84,1,5.12,0,313.4,34.11,52.56,16.85,2,2,0,0,0,1,0.14021773129022236,Safe
R09223,District Road,15.19,0,8.81,2,1537.4,26.15,82.76,28.18,1,2,0,0,0,1,0.12122624426189052,Safe
R09224,State Highway,19.26,0,7.74,0,1351.0,9.51,58.43,25.45,1,1,0,1,0,1,0.26451794506941034,Moderate
R09225,Village Road,6.27,1,9.49,2,1497.9,38.88,123.21,21.82,4,1,0,0,0,1,0.2575720781221835,Moderate
R09226,Village Road,3.71,1,4.98,2,1357.7,27.86,26.25,11.22,2,1,0,0,0,1,0.11612264182425083,Safe
R09227,District Road,10.31,1,3.08,1,191.9,1.53,169.3,29.08,3,0,1,0,0,1,0.4331725065401907,Moderate
R09228,Village Road,10.15,2,9.12,2,2490.0,8.84,108.96,30.63,4,0,1,0,0,1,0.4564252316402805,Moderate
R09229,State Highway,3.91,0,4.03,2,2454.1,40.1,26.25,12.55,2,1,1,0,0,1,0.41216989247457364,Moderate
R09230,District Road,14.8,2,5.22,1,1334.7,17.15,128.81,34.66,1,3,1,0,0,1,0.4061566824858312,Moderate
R09231,District Road,7.55,0,5.75,3,560.5,44.3,119.43,18.68,0,2,1,1,0,1,0.713108516733898,High
R09232,Highway,4.13,1,9.72,1,498.2,23.84,156.54,20.61,1,0,0,1,0,1,0.42687604947474966,Moderate
R09233,Village Road,6.97,1,8.63,2,189.8,9.36,84.91,20.36,3,2,0,0,0,1,0.21304144802294378,Safe
R09234,District Road,11.49,3,4.66,1,1549.1,26.73,49.62,25.82,2,0,0,0,0,1,0.18675879863000613,Safe
R09235,District Road,14.67,1,8.38,1,1221.7,4.61,23.53,24.33,1,1,0,0,0,1,0.07021032524947494,Safe
R09236,State Highway,9.9,0,9.37,0,1070.0,36.34,101.23,24.02,2,3,0,0,0,1,0.14269828319763028,Safe
R09237,Highway,10.75,1,6.5,0,1336.8,28.25,23.86,29.53,4,1,0,0,0,1,0.06762856651062124,Safe
R09238,Highway,3.21,1,5.21,2,2188.5,43.38,27.32,33.2,0,0,0,1,0,1,0.35332059282223344,Moderate
R09239,District Road,18.34,1,9.11,1,223.3,31.05,114.75,30.54,4,0,1,0,0,1,0.38899318477596495,Moderate
R09240,District Road,18.61,0,8.5,1,1383.0,2.21,40.13,28.02,1,2,0,0,0,1,0.048795792204059774,Safe
R09241,State Highway,13.83,1,3.7,1,1767.5,21.44,35.38,11.26,1,1,0,0,0,1,0.10418095214397502,Safe
R09242,District Road,0.84,0,9.0,0,2428.2,23.91,61.6,16.21,3,0,0,0,0,1,0.08590069239254122,Safe
R09243,District Road,10.97,2,7.4,1,1862.2,41.25,85.19,12.62,2,1,0,0,0,1,0.2875078998414818,Moderate
R09244,District Road,12.77,1,9.78,1,1392.9,19.46,35.55,31.37,2,0,0,0,1,1,0.23515961131338697,Safe
R09245,District Road,19.9,0,4.72,3,1928.6,26.71,147.83,26.3,1,0,1,0,0,1,0.34989694225554113,Moderate
R09246,Village Road,19.92,2,5.32,1,2492.8,8.37,72.49,10.84,2,1,0,0,0,1,0.16704077478741278,Safe
R09247,District Road,17.22,1,7.89,2,2227.4,11.01,121.59,28.08,3,0,0,0,0,1,0.20118528627583113,Safe
R09248,District Road,1.74,0,7.34,2,268.3,24.69,17.11,18.43,2,1,0,0,0,1,0.1049614290526579,Safe
R09249,State Highway,19.09,0,6.48,0,1458.3,31.36,62.35,23.59,1,1,1,0,0,1,0.4129755601775865,Moderate
R09250,State Highway,12.45,1,9.71,2,1976.9,19.6,87.92,24.49,2,2,0,0,0,1,0.16384871616016805,Safe
R09251,Highway,16.12,1,8.08,0,1696.1,19.47,76.94,14.06,1,6,1,0,0,1,0.32554365732053825,Moderate
R09252,District Road,8.44,3,9.39,1,1071.6,11.52,64.88,19.97,4,5,0,1,0,0,0.4283805372078009,Moderate
R09253,State Highway,6.73,0,4.38,0,840.0,31.42,90.43,20.66,2,1,1,0,0,1,0.2925794283253965,Moderate
R09254,State Highway,9.53,0,9.56,1,1586.2,0.25,39.62,25.37,0,0,1,0,0,1,0.22762614697508818,Safe
R09255,Village Road,3.36,3,7.15,1,1060.3,23.07,130.51,32.24,2,2,1,0,0,0,0.4346913021036633,Moderate
R09256,State Highway,7.46,3,3.3,2,1010.4,0.16,71.74,25.38,2,1,0,0,0,1,0.20219987515911145,Safe
R09257,State Highway,17.22,0,5.11,3,2100.0,26.71,139.26,27.09,2,1,1,0,0,1,0.3990635339983045,Moderate
R09258,State Highway,1.24,2,3.23,2,823.4,1.39,70.59,26.62,2,0,1,0,0,1,0.4020016569614887,Moderate
R09259,Village Road,3.44,0,7.11,1,1630.1,42.3,151.12,12.11,0,2,1,1,0,1,0.5920394758111364,High
R09260,Highway,2.94,2,5.93,1,2189.9,21.51,142.45,17.49,1,1,0,0,0,1,0.24645063284165228,Safe
R09261,District Road,8.36,2,11.89,2,1573.3,30.78,141.91,20.04,4,0,1,0,0,1,0.43807828811666083,Moderate
R09262,District Road,19.94,0,10.82,0,1257.3,38.41,47.63,21.11,1,0,1,0,0,1,0.2851580162201014,Moderate
R09263,District Road,3.88,0,10.43,0,136.5,10.59,45.16,31.05,1,1,0,0,0,1,0.07503845342110874,Safe
R09264,District Road,3.34,0,7.51,0,1719.9,24.3,65.45,23.14,0,1,0,0,1,1,0.19093362433781738,Safe
R09265,Village Road,18.34,0,10.26,1,2493.9,38.86,83.21,30.39,2,2,0,0,0,1,0.16277181490462098,Safe
R09266,Highway,17.7,0,5.4,2,2030.7,24.2,36.09,32.66,1,1,0,1,0,1,0.3714375633200635,Moderate
R09267,State Highway,1.13,2,8.05,2,1604.4,17.67,93.77,27.4,2,0,0,1,0,0,0.39794650458327807,Moderate
R09268,State Highway,15.16,0,6.54,1,1199.4,16.6,43.72,12.83,0,2,0,0,0,1,0.08543395952466713,Safe
R09269,Highway,13.28,1,4.54,2,599.6,17.28,58.91,15.02,1,1,0,0,0,1,0.13878105417263703,Safe
R09270,State Highway,15.47,2,3.65,1,1745.7,27.69,72.28,30.7,0,2,0,0,0,1,0.1721480258190335,Safe
R09271,State Highway,10.14,1,8.02,1,484.4,2.05,108.13,24.09,4,1,0,0,0,1,0.1147136959029289,Safe
R09272,District Road,19.83,1,3.88,0,2223.3,18.69,39.74,22.9,3,1,0,0,0,1,0.18720641425894963,Safe
R09273,District Road,1.36,0,9.46,1,917.3,25.23,155.62,34.22,0,1,1,0,0,1,0.4150238785830024,Moderate
R09274,State Highway,5.07,1,11.29,1,1029.5,35.39,135.72,19.2,3,3,0,0,0,1,0.26504661988779293,Moderate
R09275,District Road,8.23,0,4.46,2,579.3,23.85,60.82,11.02,0,2,1,0,0,1,0.33323509556162656,Moderate
R09276,State Highway,9.27,2,7.24,2,1230.1,41.68,46.14,16.38,1,1,0,0,0,1,0.30108000232297677,Moderate
R09277,State Highway,18.47,0,9.65,0,1717.1,19.97,47.14,17.12,4,1,0,0,0,1,0.13543619989818684,Safe
R09278,District Road,11.42,1,5.58,0,791.8,29.29,112.84,22.81,1,0,0,1,0,1,0.3472686035981513,Moderate
R09279,Highway,1.38,1,11.29,2,1769.5,0.79,39.34,10.18,0,4,0,0,0,1,0.1718621676639419,Safe
R09280,Highway,8.45,1,11.0,1,1570.4,10.73,27.45,34.71,2,2,0,0,0,1,0.16263815806841678,Safe
R09281,District Road,8.62,0,3.93,0,962.4,36.7,47.53,11.55,1,0,0,0,0,1,0.10092592007087253,Safe
R09282,Village Road,19.33,0,3.25,0,816.4,26.38,64.88,15.81,1,3,0,0,0,1,0.15623823233966727,Safe
R09283,District Road,12.18,2,11.79,0,2160.3,42.58,146.71,26.81,0,0,0,0,0,1,0.3112542421707116,Moderate
R09284,Highway,12.9,0,11.61,1,79.2,33.88,53.58,34.44,3,0,1,0,0,1,0.2977618887514869,Moderate
R09285,Village Road,14.41,0,6.8,1,1804.0,20.23,69.73,22.8,2,3,0,0,0,1,0.07038631152890842,Safe
R09286,District Road,15.52,1,3.46,2,1072.3,35.04,116.06,18.54,3,2,0,1,0,1,0.4485765427786145,Moderate
R09287,District Road,12.88,2,8.57,3,1808.3,21.05,109.18,14.06,1,3,1,0,0,1,0.41876648849265824,Moderate
R09288,Village Road,5.13,1,5.64,0,1293.4,14.86,82.4,32.58,2,4,0,0,0,1,0.05713815626802801,Safe
R09289,District Road,17.54,1,11.43,0,255.5,2.12,39.25,11.25,7,1,0,1,0,1,0.25269531952793184,Moderate
R09290,State Highway,14.78,1,10.15,1,2456.0,38.95,116.76,11.75,4,1,0,1,1,1,0.5026824105550733,High
R09291,District Road,14.97,0,8.85,1,260.8,18.85,67.07,11.59,1,0,0,0,0,1,0.0859318885238023,Safe
R09292,District Road,19.93,1,5.56,2,438.2,30.83,32.2,21.66,1,1,0,1,0,1,0.3646192905152084,Moderate
R09293,District Road,16.15,2,9.31,1,1079.8,6.89,32.59,33.28,2,0,0,0,1,1,0.3011759615689949,Moderate
R09294,District Road,16.67,3,5.6,0,2364.3,37.3,49.06,23.89,0,2,1,0,0,0,0.4424065599058008,Moderate
R09295,Village Road,19.05,0,3.34,2,768.0,37.09,71.04,18.87,2,0,0,0,0,1,0.2279285457569274,Safe
R09296,Village Road,3.45,1,7.58,2,1443.2,21.7,80.87,15.96,3,2,0,0,0,1,0.21238146403497324,Safe
R09297,Village Road,10.21,1,7.4,0,1327.5,30.25,63.58,22.86,1,1,0,0,0,1,0.15412529169540715,Safe
R09298,Village Road,11.82,0,9.87,0,858.9,23.47,47.58,21.04,4,2,0,1,0,1,0.32537749994450066,Moderate
R09299,Village Road,6.92,1,10.79,1,1756.0,24.85,57.44,12.34,2,1,0,0,0,1,0.15896779137037825,Safe
R09300,Highway,16.87,0,6.19,0,1278.6,40.0,148.66,10.16,3,0,0,1,0,1,0.41457625303262213,Moderate
R09301,State Highway,15.37,1,7.05,1,1466.8,43.51,138.13,24.88,2,1,0,0,0,1,0.26139253676500834,Moderate
R09302,District Road,14.56,0,7.23,2,564.9,16.54,53.85,31.46,1,2,1,0,0,1,0.30041691160527173,Moderate
R09303,Village Road,19.94,1,5.92,0,2320.0,14.93,68.65,25.22,0,3,1,1,0,1,0.4680692863097919,Moderate
R09304,District Road,5.56,1,9.69,2,320.9,13.67,47.19,18.16,3,1,0,1,0,1,0.2846669708156984,Moderate
R09305,District Road,14.84,1,7.7,2,1741.2,34.68,129.55,13.83,3,4,0,0,0,1,0.21821691271513485,Safe
R09306,Highway,11.25,1,11.23,0,2220.4,32.53,15.82,28.48,4,0,0,0,0,1,0.10027669285732946,Safe
R09307,State Highway,6.6,0,8.85,1,255.9,1.97,51.26,27.55,0,0,0,0,0,1,0.03405102838010304,Safe
R09308,District Road,3.63,1,4.91,1,120.4,3.98,138.59,31.17,5,1,1,0,0,1,0.43579924087983923,Moderate
R09309,State Highway,17.97,2,4.48,0,866.2,29.08,44.04,34.57,3,3,0,1,0,0,0.41700788608105965,Moderate
R09310,State Highway,12.11,0,6.35,0,1985.4,12.37,167.59,12.8,3,1,1,1,0,1,0.6282473879032929,High
R09311,State Highway,16.59,1,6.12,1,1807.5,4.12,101.45,16.61,2,4,0,0,0,1,0.14501471368821434,Safe
R09312,State Highway,11.13,1,6.66,2,2064.3,18.61,41.52,18.59,2,1,0,0,0,1,0.10157237144720282,Safe
R09313,District Road,4.79,1,4.65,1,1023.9,39.49,35.98,23.44,3,1,0,0,0,1,0.17402083140917649,Safe
R09314,State Highway,7.08,1,11.8,0,2484.7,16.48,65.86,11.33,3,0,0,1,0,1,0.30652275138370705,Moderate
R09315,District Road,7.94,1,4.31,3,947.0,31.3,198.67,16.89,3,2,1,0,0,1,0.545144947252387,High
R09316,Highway,19.47,0,8.87,2,2023.2,40.53,258.72,29.85,3,2,0,1,0,1,0.5679515032428949,High
R09317,Village Road,0.61,1,3.12,1,909.5,7.62,53.96,11.21,1,0,1,1,0,1,0.4545086684212139,Moderate
R09318,State Highway,19.72,1,6.66,1,585.2,27.44,82.3,30.45,0,0,0,0,1,1,0.30488232713156466,Moderate
R09319,District Road,19.62,0,5.78,1,874.8,40.84,62.43,14.62,0,2,0,0,0,1,0.19515665102089796,Safe
R09320,District Road,19.92,1,6.44,3,522.1,8.7,271.98,17.63,3,1,1,1,1,0,0.8516678204656593,Critical
R09321,State Highway,9.79,1,7.48,0,366.3,44.49,155.84,27.95,3,4,1,1,0,1,0.6903388603923507,High
R09322,Village Road,19.29,2,8.4,2,941.7,16.43,191.77,29.12,2,2,1,1,0,0,0.5957307540197723,High
R09323,District Road,8.21,0,8.25,1,409.6,9.79,155.59,15.27,1,1,1,1,0,1,0.5725094566168261,High
R09324,District Road,1.01,3,8.68,2,1280.7,37.7,131.0,20.13,4,2,0,0,0,1,0.3406835597278733,Moderate
R09325,State Highway,4.87,1,10.6,2,136.8,21.06,109.73,16.05,3,2,0,1,0,1,0.39500476665843937,Moderate
R09326,Village Road,18.93,1,10.98,1,1106.8,30.18,82.96,22.83,2,1,0,0,0,1,0.220000973445672,Safe
R09327,Village Road,0.77,0,9.64,3,2397.1,22.03,32.94,26.31,1,3,0,0,1,1,0.20951955550155932,Safe
R09328,State Highway,11.15,1,3.71,3,929.2,28.96,121.76,16.75,1,2,0,0,0,1,0.198268100649878,Safe
R09329,State Highway,1.97,2,11.65,0,387.2,1.59,73.65,21.55,2,2,0,0,0,1,0.14128312876703777,Safe
R09330,Village Road,6.08,1,11.53,0,797.7,15.76,58.66,23.39,1,2,0,0,0,1,0.07948234448800608,Safe
R09331,District Road,2.22,1,9.41,2,1988.6,29.58,118.04,20.47,3,3,1,0,0,1,0.42673456994193815,Moderate
R09332,Village Road,17.26,1,7.66,3,818.5,15.79,91.65,22.85,2,3,0,0,1,1,0.3307804795921606,Moderate
R09333,District Road,12.03,1,5.26,1,989.6,34.91,149.89,13.6,2,0,0,1,0,1,0.4278365285231246,Moderate
R09334,District Road,18.09,0,9.81,0,1982.5,43.24,126.55,11.01,1,1,1,1,0,1,0.5357651970217484,High
R09335,State Highway,13.92,2,10.9,1,688.4,1.68,147.96,11.58,2,0,0,0,0,1,0.201226237432678,Safe
R09336,State Highway,19.44,1,8.99,0,1221.8,38.49,86.84,34.32,0,4,0,0,1,1,0.27890836535855623,Moderate
R09337,District Road,10.44,0,8.66,1,204.8,7.61,17.69,11.85,2,2,0,0,0,1,0.0529817106485709,Safe
R09338,Village Road,12.95,1,4.74,1,476.5,41.28,201.28,19.65,0,0,0,0,0,1,0.29630836893812296,Moderate
R09339,State Highway,11.74,2,6.22,1,563.1,42.61,134.14,29.79,2,4,1,0,0,1,0.5467370334463433,High
R09340,District Road,9.94,2,9.51,3,1185.8,25.61,179.29,31.27,2,3,1,1,0,0,0.7033679370041904,High
R09341,District Road,17.0,0,3.15,1,2061.4,21.56,37.6,16.71,3,4,0,0,0,1,0.06582681967476761,Safe
R09342,District Road,13.07,3,8.77,0,918.5,34.13,78.73,26.0,3,2,0,0,0,1,0.24190480591531474,Safe
R09343,Village Road,16.13,0,9.9,1,982.2,41.31,49.41,28.1,3,0,0,0,0,1,0.11210725007526692,Safe
R09344,Village Road,15.83,0,6.01,1,787.5,10.46,124.07,32.9,1,0,1,1,0,1,0.5254255235290083,High
R09345,Highway,4.23,0,3.69,2,835.2,17.21,62.37,32.23,1,2,0,0,0,1,0.17743283127433265,Safe
R09346,Village Road,13.18,0,10.37,1,1038.6,18.79,156.93,20.88,3,1,0,0,0,1,0.1662288707763493,Safe
R09347,Village Road,4.39,0,4.28,2,2253.5,38.06,109.89,23.53,2,0,1,0,0,1,0.3423027011193969,Moderate
R09348,Village Road,11.87,1,6.34,3,109.7,6.16,107.11,30.02,1,0,0,0,0,1,0.25395006505906037,Moderate
R09349,District Road,13.71,1,9.37,1,1580.2,28.04,125.02,24.97,4,2,0,0,0,1,0.19714009173213456,Safe
R09350,Village Road,19.95,1,10.35,3,2224.8,15.79,99.05,18.9,4,2,1,1,0,1,0.6583257139922889,High
R09351,Highway,1.1,1,10.76,0,1071.6,39.85,13.89,33.76,1,0,0,0,0,1,0.0932543366760687,Safe
R09352,State Highway,2.28,2,7.77,1,1644.7,15.29,17.81,34.94,5,0,0,0,0,1,0.2156340326533258,Safe
R09353,Village Road,2.0,0,7.28,0,1485.0,44.01,117.27,33.33,1,1,1,1,0,1,0.549155831454917,High
R09354,State Highway,8.27,1,10.63,0,879.6,0.7,29.68,18.64,3,0,1,0,0,1,0.3000716186533371,Moderate
R09355,Highway,16.52,1,8.07,1,386.7,10.78,172.87,16.06,4,0,1,0,0,1,0.49540535437339095,Moderate
R09356,Village Road,16.96,3,8.21,0,588.1,20.58,115.34,22.33,1,2,0,0,0,1,0.2657233647464196,Moderate
R09357,Village Road,14.87,0,6.91,0,190.7,11.53,56.18,29.62,1,3,0,0,0,1,0.06273816836144888,Safe
R09358,State Highway,17.99,0,6.36,0,1923.6,33.18,5.59,16.75,2,1,0,0,0,1,0.11589399176360536,Safe
R09359,Village Road,6.8,1,7.32,1,1355.4,36.65,81.55,20.17,4,0,1,1,0,1,0.5089123034523325,High
R09360,District Road,2.22,2,6.28,0,1974.8,31.39,27.57,13.79,1,2,0,0,0,1,0.17792102685231428,Safe
R09361,District Road,1.63,0,6.09,1,761.0,43.67,65.17,27.54,6,0,0,0,1,1,0.25149639726597395,Moderate
R09362,Village Road,17.12,1,11.94,1,2021.4,20.52,68.6,28.44,2,2,0,0,0,1,0.13668332711661668,Safe
R09363,District Road,14.74,0,6.03,1,807.6,44.09,80.49,22.39,2,1,1,1,0,1,0.5927946313603162,High
R09364,State Highway,14.12,3,5.31,0,347.3,5.61,93.97,28.43,6,1,1,1,0,0,0.6023161181654447,High
R09365,State Highway,7.12,0,6.19,1,1357.8,38.07,54.36,26.11,3,2,0,0,0,1,0.18361743138484676,Safe
R09366,District Road,7.91,0,8.32,1,2366.0,1.73,71.9,33.24,5,1,1,0,0,1,0.2706054736142298,Moderate
R09367,District Road,19.18,0,11.2,1,1065.3,23.94,65.52,24.66,0,2,0,0,0,1,0.1292031024458181,Safe
R09368,Village Road,1.74,1,10.09,2,1312.7,21.8,174.45,18.92,2,0,1,0,0,1,0.3861274809426549,Moderate
R09369,Village Road,15.59,0,10.58,0,1155.7,38.53,220.52,28.24,2,1,0,0,0,1,0.2316517064526346,Safe
R09370,District Road,6.54,2,10.73,2,1170.7,31.53,95.17,11.42,2,4,1,1,0,0,0.6969401674198284,High
R09371,Village Road,1.26,2,11.28,0,575.2,19.85,110.11,21.91,7,2,0,0,0,1,0.18133802629070023,Safe
R09372,State Highway,14.98,0,5.12,1,1085.1,40.31,102.38,34.15,1,4,1,0,0,1,0.42307428872189645,Moderate
R09373,Highway,6.95,1,7.13,0,1267.4,39.86,34.7,27.63,2,2,0,0,0,1,0.11416878692420229,Safe
R09374,Village Road,14.58,0,6.47,2,1874.9,1.11,95.08,34.97,0,1,1,0,1,1,0.48293287034301535,Moderate
R09375,Highway,14.3,1,6.44,1,392.6,39.2,101.29,19.82,2,3,0,0,0,1,0.2907625911326823,Moderate
R09376,State Highway,10.93,0,8.87,3,1450.5,23.7,145.68,19.82,3,3,1,0,0,1,0.4068516797268219,Moderate
R09377,District Road,15.66,0,6.62,3,1672.4,37.75,128.76,11.49,2,1,0,0,0,1,0.26354639933894153,Moderate
R09378,District Road,11.83,1,8.55,3,987.8,8.16,119.43,19.02,3,0,0,0,1,1,0.31637961481303445,Moderate
R09379,Village Road,6.09,0,6.44,0,1395.5,6.8,113.54,13.53,2,1,0,0,0,1,0.05713755004086511,Safe
R09380,State Highway,14.82,2,5.8,1,1791.3,32.5,133.49,19.89,1,1,0,1,0,0,0.4644740868447007,Moderate
R09381,Highway,11.99,1,6.18,1,1189.5,12.39,37.03,10.05,2,3,0,0,0,1,0.1331578828540281,Safe
R09382,State Highway,0.75,2,10.23,1,866.7,25.15,83.78,20.96,4,2,0,0,0,1,0.18239654949365572,Safe
R09383,District Road,18.08,3,8.41,1,2070.5,31.0,119.61,33.48,1,1,1,1,0,0,0.6739603957652721,High
R09384,State Highway,11.14,3,11.77,0,2472.6,27.47,111.25,29.06,1,0,1,0,0,0,0.4573056029459871,Moderate
R09385,District Road,17.44,1,10.49,2,580.8,31.45,168.51,16.03,1,0,1,0,0,1,0.3998305739713961,Moderate
R09386,Village Road,17.71,1,7.37,3,2229.0,27.92,90.93,16.75,2,2,1,0,0,1,0.426028517907838,Moderate
R09387,Village Road,9.18,0,5.18,1,1386.3,17.06,13.51,17.73,2,0,0,0,1,1,0.17411449299207252,Safe
R09388,State Highway,10.4,2,9.07,1,1147.4,4.07,55.76,12.32,2,3,0,0,0,1,0.15049763077089218,Safe
R09389,District Road,8.61,1,9.54,3,2238.2,38.49,105.33,34.8,0,0,1,0,0,1,0.5012981206381816,High
R09390,District Road,9.26,3,7.18,1,2280.3,38.07,62.06,26.7,4,2,0,0,0,1,0.2086128644743962,Safe
R09391,Village Road,17.96,0,5.07,3,718.0,0.26,151.74,28.46,2,3,1,1,0,1,0.5823549134950246,High
R09392,Village Road,15.87,0,8.02,2,928.0,37.84,87.69,27.37,3,0,0,0,0,1,0.16934584234570588,Safe
R09393,State Highway,2.97,0,5.28,1,2137.2,6.79,31.43,21.63,3,0,0,0,0,1,0.046674117518000914,Safe
R09394,District Road,12.4,2,11.46,2,1252.5,14.98,162.21,30.41,3,2,0,1,1,0,0.5420226821143076,High
R09395,State Highway,19.92,0,8.66,2,755.7,18.6,118.59,15.94,2,1,0,0,1,1,0.3093588803112008,Moderate
R09396,Highway,12.11,1,5.63,1,2407.3,30.58,125.92,19.7,4,4,0,1,0,1,0.4793226252155242,Moderate
R09397,Highway,15.82,1,4.94,0,581.7,4.16,68.54,18.15,3,1,0,0,0,1,0.10635057204247461,Safe
R09398,District Road,15.5,0,9.45,2,1545.3,37.2,156.54,33.82,0,2,1,1,0,1,0.5997163783091628,High
R09399,District Road,7.33,1,9.37,0,1098.4,42.42,91.49,10.98,1,0,1,0,0,1,0.36824215522659326,Moderate
R09400,Highway,7.75,1,8.37,2,1155.7,42.87,79.67,11.88,1,2,0,0,0,1,0.26103997267669476,Moderate
R09401,District Road,14.62,0,8.53,1,309.7,4.13,56.28,33.9,3,1,0,1,1,1,0.3738122585260292,Moderate
R09402,State Highway,10.25,1,8.43,0,680.0,41.37,52.32,27.19,0,0,0,0,1,1,0.2482989369061394,Safe
R09403,District Road,11.63,3,6.24,2,459.1,25.55,93.66,25.9,2,1,1,1,0,0,0.662717700252891,High
R09404,State Highway,14.4,3,11.44,1,1886.6,32.71,52.22,30.48,3,1,0,0,1,0,0.3784079154964416,Moderate
R09405,State Highway,15.66,1,7.31,1,1759.5,41.88,87.8,32.92,2,0,1,0,0,1,0.47490804994790686,Moderate
R09406,District Road,5.79,1,3.18,0,1995.6,29.74,32.51,32.4,2,3,0,0,1,1,0.174777368562964,Safe
R09407,State Highway,3.36,0,6.14,1,1763.2,20.55,40.58,32.25,0,0,0,0,0,1,0.03537030323159725,Safe
R09408,District Road,6.19,3,4.17,0,365.3,23.63,39.21,30.97,0,3,1,0,0,0,0.38522597096957073,Moderate
R09409,State Highway,10.4,0,6.27,0,2447.6,30.8,74.36,13.01,1,0,0,0,0,1,0.10342085921774208,Safe
R09410,District Road,7.17,1,8.47,0,511.9,42.51,85.29,25.88,1,1,1,0,0,1,0.38946846603346097,Moderate
R09411,State Highway,11.58,0,3.2,0,908.6,40.04,66.03,22.28,5,1,0,1,0,1,0.2988998456343421,Moderate
R09412,District Road,1.54,0,10.83,1,1781.8,25.97,172.27,29.51,1,2,0,1,0,1,0.36262819635842275,Moderate
R09413,Village Road,10.44,0,8.49,1,394.1,9.5,83.54,33.88,4,1,0,0,0,1,0.10867051327880875,Safe
R09414,Highway,7.68,2,5.66,1,467.7,15.6,104.62,19.11,0,0,0,0,0,1,0.22407054319111414,Safe
R09415,District Road,10.93,1,5.8,1,2197.6,16.28,23.64,28.87,2,3,0,0,0,1,0.11630146731992448,Safe
R09416,Highway,8.74,1,7.19,2,863.4,13.01,61.58,15.3,3,0,0,1,0,1,0.34665805614551015,Moderate
R09417,District Road,6.04,0,5.23,0,1680.7,33.6,70.58,20.54,1,3,0,1,0,1,0.3193565069625921,Moderate
R09418,State Highway,18.13,2,3.04,1,2153.9,37.62,17.94,28.08,1,1,0,0,0,1,0.20204808860385884,Safe
R09419,District Road,4.1,0,3.24,2,2434.3,14.39,52.44,12.18,1,1,0,1,0,1,0.27145788504617113,Moderate
R09420,District Road,13.79,0,6.22,0,565.2,38.08,95.59,31.55,4,1,0,0,0,1,0.1753724570041793,Safe
R09421,Village Road,18.53,1,4.12,1,351.2,33.05,52.38,32.93,1,0,0,0,0,1,0.12329623616955873,Safe
R09422,District Road,11.0,3,3.2,1,1864.8,19.85,65.98,31.8,1,1,0,0,0,1,0.21337655760681662,Safe
R09423,District Road,17.59,0,10.73,0,511.1,31.44,30.45,10.02,1,1,0,1,0,1,0.3208460005801477,Moderate
R09424,District Road,2.93,1,5.47,0,1471.5,34.62,45.84,30.09,1,1,1,0,0,1,0.3435892064689172,Moderate
R09425,Village Road,10.13,1,7.53,2,1355.0,25.25,55.97,32.42,3,1,0,1,0,1,0.33924863474458544,Moderate
R09426,Village Road,9.41,2,4.61,1,1421.8,19.94,61.4,34.6,2,0,0,0,0,1,0.08312962485725986,Safe
R09427,State Highway,0.66,0,3.42,1,1642.0,4.58,33.74,10.84,1,0,0,0,0,1,0.026959895499637256,Safe
R09428,Village Road,9.14,1,9.7,2,2134.7,0.06,94.11,24.1,1,1,0,0,0,1,0.11486915664076744,Safe
R09429,District Road,7.7,0,4.12,2,716.0,42.18,56.55,32.05,1,4,0,0,0,1,0.20287979914823473,Safe
R09430,Village Road,13.56,0,3.23,1,1410.3,12.04,38.06,28.28,1,4,1,0,0,1,0.33890827794565337,Moderate
R09431,Village Road,18.8,0,8.29,1,874.9,29.83,13.77,31.36,2,1,0,0,0,1,0.15601381621818633,Safe
R09432,State Highway,2.17,3,3.12,2,830.9,42.45,70.33,27.46,2,3,0,1,0,0,0.5083592105255046,High
R09433,District Road,6.89,0,6.93,1,100.0,36.82,15.2,10.6,0,0,0,0,0,1,0.06477814807689848,Safe
R09434,State Highway,9.16,3,5.6,1,1518.5,5.52,279.19,31.96,0,1,1,0,0,0,0.48008426477063754,Moderate
R09435,State Highway,9.38,0,5.87,0,2432.6,36.09,101.14,25.44,3,2,0,0,0,1,0.1568142351975557,Safe
R09436,State Highway,15.61,3,3.04,0,1915.1,32.69,77.15,16.19,0,2,0,0,0,1,0.17209641034930628,Safe
R09437,District Road,9.15,1,11.68,1,644.8,14.82,69.96,27.0,5,0,1,0,0,1,0.3345499278844145,Moderate
R09438,State Highway,1.03,0,7.65,3,1804.5,31.03,160.37,22.86,2,3,1,0,0,1,0.430837774752113,Moderate
R09439,Highway,14.35,1,8.15,2,778.4,37.16,45.63,27.93,1,1,1,0,0,1,0.3132192158234224,Moderate
R09440,District Road,17.75,0,9.0,1,1896.4,13.11,137.56,21.82,1,0,1,0,0,1,0.34826675577794114,Moderate
R09441,State Highway,10.52,1,10.18,1,2144.6,39.11,54.64,12.56,3,0,0,1,0,1,0.4205705395228587,Moderate
R09442,Highway,11.83,1,8.47,0,869.1,3.55,68.17,32.8,2,1,0,0,0,1,0.05345351159887526,Safe
R09443,State Highway,3.68,1,9.86,1,55.4,23.74,132.24,27.07,0,1,0,0,1,1,0.2730858118552524,Moderate
R09444,State Highway,4.8,1,7.04,1,797.3,10.49,83.59,27.85,1,0,0,0,0,1,0.18391354886462025,Safe
R09445,District Road,5.09,2,6.34,1,554.3,32.76,84.8,29.19,2,1,0,0,0,1,0.214534423175161,Safe
R09446,Highway,8.9,0,10.41,2,1565.6,7.87,74.36,22.81,0,1,0,0,0,1,0.0823820359497601,Safe
R09447,Village Road,18.6,3,10.79,0,760.7,15.37,162.48,27.85,2,3,1,0,0,0,0.4951025553826178,Moderate
R09448,District Road,10.67,3,4.24,1,138.3,5.73,209.44,15.29,2,0,1,0,0,0,0.5216406116158053,High
R09449,State Highway,4.25,0,7.88,1,1351.8,36.54,89.14,21.72,3,2,0,1,0,1,0.3374165274806164,Moderate
R09450,State Highway,5.69,0,9.15,0,2193.0,5.95,176.35,27.29,3,1,0,0,0,1,0.15859488006425457,Safe
R09451,District Road,7.99,1,3.75,1,1155.8,32.54,92.38,30.12,1,2,0,0,0,1,0.18786174947680692,Safe
R09452,District Road,12.65,1,11.37,1,971.9,31.83,59.65,34.2,2,1,0,0,1,1,0.20573690705950917,Safe
R09453,Highway,9.08,0,7.68,2,487.4,6.41,52.61,31.52,1,2,0,0,0,1,0.07619859594172845,Safe
R09454,State Highway,8.15,0,8.81,0,999.1,25.47,97.6,11.04,0,2,0,0,0,1,0.1239866475497549,Safe
R09455,Village Road,11.51,1,4.6,1,860.8,22.36,138.8,14.42,6,1,0,0,0,1,0.19010167046613163,Safe
R09456,State Highway,5.22,1,5.38,3,2487.6,26.75,31.68,26.99,2,0,0,0,0,1,0.21964261332166413,Safe
R09457,State Highway,2.04,0,4.09,2,124.7,42.18,57.69,12.05,1,1,0,1,0,1,0.35609409066771736,Moderate
R09458,Village Road,0.98,2,5.38,2,635.2,3.62,35.6,34.88,4,0,0,0,0,1,0.2282033282699823,Safe
R09459,District Road,5.4,1,7.43,1,218.1,36.92,194.66,21.78,3,3,0,0,1,1,0.4336103378786764,Moderate
R09460,State Highway,2.29,1,10.5,0,2150.7,38.79,55.33,27.16,1,3,0,0,0,1,0.18103353365487473,Safe
R09461,District Road,7.06,1,7.8,3,1072.4,5.68,121.99,11.2,1,0,1,1,0,1,0.6349260267204392,High
R09462,Highway,15.57,0,5.2,0,2000.9,29.52,91.95,20.76,3,2,0,1,0,1,0.3697803194837441,Moderate
R09463,District Road,14.47,1,3.4,3,1745.8,31.6,67.1,15.99,1,3,0,0,0,1,0.21184765731851532,Safe
R09464,District Road,12.41,0,8.6,0,2323.7,24.69,183.18,12.62,2,2,0,1,0,1,0.466826835026213,Moderate
R09465,Village Road,17.12,0,6.78,0,108.2,22.63,88.8,26.81,3,0,1,0,0,1,0.28110331401363264,Moderate
R09466,Village Road,6.0,0,11.86,1,558.0,14.3,87.64,34.42,2,2,0,1,0,1,0.37930026045928134,Moderate
R09467,Village Road,17.76,0,10.02,1,1770.0,31.01,26.96,17.63,3,0,0,0,0,1,0.06462654247013905,Safe
R09468,Village Road,8.29,1,10.28,2,1483.8,12.85,58.93,33.21,3,1,1,1,0,1,0.5611910082837733,High
R09469,District Road,8.32,1,3.11,3,1751.9,20.7,38.55,10.08,1,1,0,1,0,1,0.37174228665087594,Moderate
R09470,State Highway,8.4,0,10.0,1,1459.9,38.58,73.76,26.57,0,1,0,0,0,1,0.07983970302514273,Safe
R09471,District Road,2.41,0,4.75,0,1473.5,4.03,53.99,23.27,3,1,0,0,0,1,0.055890660864010275,Safe
R09472,District Road,19.52,2,8.27,1,2334.8,23.78,26.08,19.23,3,2,0,0,1,1,0.27515214823607553,Moderate
R09473,Village Road,3.2,0,7.03,2,2307.2,21.87,80.6,20.44,1,2,0,0,0,1,0.14830262565934754,Safe
R09474,State Highway,7.15,0,8.14,1,143.1,17.03,93.19,25.02,4,3,0,0,0,1,0.16885123902918941,Safe
R09475,Village Road,6.73,1,4.2,0,1063.5,26.89,39.13,23.95,1,0,0,1,0,1,0.34455155864356185,Moderate
R09476,Village Road,1.96,2,7.11,1,1300.9,0.7,60.43,22.7,4,2,1,0,0,1,0.40726845056862737,Moderate
R09477,Village Road,3.47,2,3.33,2,926.9,22.16,8.21,34.57,1,0,0,1,1,0,0.3829991504637523,Moderate
R09478,Village Road,1.37,2,3.37,1,171.4,21.86,177.65,29.22,2,2,0,0,0,1,0.2761992374699826,Moderate
R09479,State Highway,6.2,0,8.92,2,1207.1,23.23,64.37,14.46,3,3,0,0,0,1,0.23858353933027485,Safe
R09480,Highway,17.4,2,11.57,0,2440.5,9.56,56.14,32.93,2,1,1,0,0,1,0.32543990743508133,Moderate
R09481,Highway,7.12,0,10.0,2,226.9,9.34,30.72,22.31,2,1,0,1,0,1,0.270680699138982,Moderate
R09482,State Highway,2.91,0,7.22,0,2050.9,29.12,103.94,10.35,2,2,1,0,0,1,0.35259945784009156,Moderate
R09483,District Road,13.09,1,3.5,1,529.3,4.17,79.77,29.65,3,0,0,0,0,1,0.11200438355170797,Safe
R09484,Village Road,19.93,1,3.41,1,1463.1,13.77,65.32,18.82,0,1,1,0,0,1,0.2686215530326925,Moderate
R09485,Village Road,5.03,0,4.42,2,998.2,37.39,97.9,34.97,0,1,1,0,0,1,0.3491175012118951,Moderate
R09486,District Road,5.95,0,11.78,0,905.1,4.67,154.92,23.6,2,3,0,0,0,1,0.15388365854832808,Safe
R09487,Highway,19.45,2,6.59,3,2182.5,21.06,85.87,16.76,0,0,0,0,0,1,0.18139293223074104,Safe
R09488,State Highway,3.99,2,10.59,2,2435.0,30.09,78.56,28.8,2,2,0,1,0,0,0.5302162413162026,High
R09489,Highway,10.47,1,9.35,0,997.3,6.37,109.22,16.95,4,0,0,0,0,1,0.1543116988778419,Safe
R09490,State Highway,5.17,1,8.45,2,1619.1,14.06,78.34,10.62,1,2,0,0,0,1,0.19963244875458244,Safe
R09491,District Road,18.68,2,11.53,2,1413.2,25.14,38.8,12.41,4,2,1,0,0,1,0.4451274457837715,Moderate
R09492,Highway,19.64,2,5.07,2,238.5,14.73,45.51,26.43,2,4,1,0,0,1,0.42788305082733497,Moderate
R09493,State Highway,16.39,1,7.09,3,150.8,4.95,88.88,15.35,0,1,0,0,0,1,0.21325520053698438,Safe
R09494,State Highway,6.64,0,10.78,2,1944.8,10.46,61.12,15.94,0,2,0,0,0,1,0.16069538388088883,Safe
R09495,District Road,8.37,0,7.97,1,1016.6,4.92,188.96,13.72,0,3,0,1,0,1,0.39899643351387865,Moderate
R09496,District Road,5.22,1,5.22,2,803.6,44.26,180.93,16.41,3,1,0,0,0,1,0.3172132837668093,Moderate
R09497,District Road,17.87,0,4.88,2,2464.7,10.6,38.31,29.0,3,2,0,0,0,1,0.12595457360606116,Safe
R09498,District Road,18.33,0,9.78,1,258.8,23.87,48.86,22.84,1,1,0,1,0,1,0.25318099329669225,Moderate
R09499,Village Road,8.67,1,3.12,1,709.2,19.28,47.32,15.4,2,0,0,0,0,1,0.14943713376942955,Safe
R09500,State Highway,13.3,0,11.23,3,2149.2,25.63,65.64,16.19,3,0,1,0,0,1,0.32919708841899264,Moderate
R09501,District Road,3.73,2,3.17,1,1066.7,22.41,64.21,19.46,1,2,1,0,0,1,0.4155178499721324,Moderate
R09502,District Road,8.98,0,8.68,1,1481.4,32.72,73.05,34.91,3,1,0,0,0,1,0.11660739159510061,Safe
R09503,District Road,12.81,1,8.44,1,168.5,39.29,33.33,14.35,1,1,0,0,0,1,0.18055869425571172,Safe
R09504,Village Road,8.02,2,8.21,2,2304.7,12.84,96.14,30.07,0,0,0,0,0,1,0.28435142260246976,Moderate
R09505,State Highway,7.47,1,7.27,1,385.5,8.26,121.98,31.64,0,1,0,0,0,1,0.15860590989160075,Safe
R09506,District Road,0.52,1,10.67,2,572.7,44.3,203.41,33.88,1,1,1,0,0,1,0.5289522116282207,High
R09507,Highway,16.18,1,8.93,0,434.2,38.97,12.68,25.12,0,2,0,0,0,1,0.16854341353480967,Safe
R09508,District Road,17.84,2,10.04,2,1268.9,16.38,69.52,12.5,4,1,1,0,0,1,0.4120393856666573,Moderate
R09509,State Highway,19.4,3,4.04,1,2051.3,40.27,67.55,10.58,5,2,0,0,0,1,0.2833816892263281,Moderate
R09510,State Highway,14.53,1,3.45,2,704.0,30.17,54.07,21.07,1,3,0,0,0,1,0.21066821865888088,Safe
R09511,District Road,11.2,2,3.26,1,398.7,19.68,216.42,18.77,1,0,0,0,0,1,0.24983721034845702,Safe
R09512,District Road,5.75,0,4.32,0,1054.3,39.3,63.93,31.56,2,0,1,0,0,1,0.3418289678789873,Moderate
R09513,Highway,19.99,2,9.0,1,2455.1,30.39,133.97,24.93,1,2,0,1,0,0,0.4423724828929274,Moderate
R09514,District Road,12.0,3,7.45,3,77.1,37.19,29.23,31.08,3,2,0,0,0,1,0.24713409416376847,Safe
R09515,District Road,13.78,1,9.77,2,1284.8,18.8,52.48,24.26,4,2,0,1,1,1,0.5090106389896689,High
R09516,State Highway,13.81,2,4.73,1,1690.0,35.94,130.76,15.68,2,0,1,1,1,0,0.7160749893192204,High
R09517,District Road,16.98,1,6.3,3,2026.5,16.51,113.31,14.99,1,5,1,0,1,1,0.47443171198689005,Moderate
R09518,District Road,0.69,0,11.0,2,1878.2,33.08,59.23,19.88,5,2,0,1,0,1,0.3860965292655813,Moderate
R09519,District Road,4.79,2,11.42,1,232.3,19.6,74.83,10.73,3,1,1,0,0,1,0.4061782047251583,Moderate
R09520,State Highway,13.48,1,11.3,1,1181.6,18.23,102.95,22.43,0,3,1,0,0,1,0.3778433471241083,Moderate
R09521,State Highway,17.96,1,10.36,1,242.9,35.85,93.4,16.82,2,1,0,0,0,1,0.2653916702724278,Moderate
R09522,District Road,13.86,1,9.19,0,1568.6,5.63,22.08,11.14,2,3,0,0,0,1,0.1179414522212981,Safe
R09523,Village Road,8.56,2,11.22,2,238.7,41.77,55.17,21.86,5,1,0,0,0,1,0.320216453689167,Moderate
R09524,District Road,7.55,2,9.43,0,168.6,22.89,36.48,26.03,1,1,0,0,0,1,0.12059631294316822,Safe
R09525,Highway,14.89,0,11.59,1,799.8,28.62,42.05,12.52,3,1,0,0,1,1,0.16292651617353676,Safe
R09526,District Road,14.95,1,3.22,2,2350.1,18.24,30.56,25.21,3,0,0,0,0,1,0.13841851681983183,Safe
R09527,Village Road,12.34,3,11.29,3,1789.5,29.06,249.76,33.57,2,0,1,0,0,0,0.5825586261594518,High
R09528,Highway,6.18,1,8.0,0,59.9,31.94,46.12,19.41,4,0,0,0,0,1,0.1621885909788468,Safe
R09529,Village Road,18.54,3,4.01,1,747.6,39.08,99.4,34.54,4,1,0,0,0,1,0.32743712859399476,Moderate
R09530,Village Road,11.26,2,4.93,1,92.9,38.45,149.89,29.55,2,2,1,0,0,1,0.44351214411312545,Moderate
R09531,Highway,15.91,1,10.67,2,771.1,16.1,194.52,10.24,1,1,0,0,0,1,0.3195935006964557,Moderate
R09532,Village Road,4.68,0,7.56,3,1729.5,27.71,22.42,33.63,3,2,0,0,0,1,0.16119503216755018,Safe
R09533,State Highway,7.21,0,11.85,0,1911.5,35.13,52.53,22.75,3,4,0,0,0,1,0.0923360449708843,Safe
R09534,Village Road,17.55,1,4.06,1,2020.1,34.42,148.24,25.01,4,0,1,0,0,1,0.46263492384114296,Moderate
R09535,District Road,1.48,1,6.71,0,2279.5,40.09,82.37,25.23,1,1,0,0,0,1,0.17853453740312522,Safe
R09536,District Road,10.49,2,5.99,2,946.2,37.44,122.33,19.78,1,0,1,0,0,1,0.446987740787162,Moderate
R09537,District Road,9.89,2,7.65,0,2163.4,32.3,47.43,21.1,1,2,0,1,0,0,0.3993053899254794,Moderate
R09538,Village Road,15.15,0,8.7,2,1832.8,33.7,155.31,22.97,3,0,0,0,0,1,0.2626734388710825,Moderate
R09539,Highway,6.0,2,8.95,0,1367.5,36.33,127.29,34.14,8,1,1,1,0,0,0.6071456537926885,High
R09540,District Road,4.77,1,3.01,2,2388.8,37.7,16.39,15.46,1,1,0,0,0,1,0.19774430397197218,Safe
R09541,State Highway,18.56,0,3.8,0,2372.0,15.87,41.28,32.87,5,3,0,0,0,1,0.03932370924349173,Safe
R09542,State Highway,11.65,1,3.32,1,2249.1,35.18,53.07,34.4,4,2,0,0,1,1,0.19932379778817072,Safe
R09543,State Highway,2.54,2,10.78,1,545.5,42.71,32.42,20.62,4,1,0,0,0,1,0.25530707418064746,Moderate
R09544,District Road,4.26,1,5.82,0,559.3,10.48,11.32,16.18,1,1,0,0,0,1,0.06851920648031061,Safe
R09545,State Highway,19.98,0,6.3,0,2257.5,2.17,144.22,21.55,3,1,1,0,0,1,0.23517649618844533,Safe
R09546,Highway,4.31,1,7.05,0,1024.9,3.26,30.16,12.54,1,2,0,0,0,1,0.10381448904085731,Safe
R09547,Highway,12.4,0,10.64,0,2003.7,9.75,37.65,30.54,1,1,0,1,0,1,0.25795969738341085,Moderate
R09548,Highway,8.69,1,3.13,0,1733.0,41.39,20.81,17.87,0,2,0,1,0,1,0.3215831790603122,Moderate
R09549,District Road,17.77,0,4.07,1,1917.8,5.71,56.81,17.61,3,1,0,0,0,1,0.05161763953575889,Safe
R09550,Village Road,15.23,2,9.17,2,114.4,33.64,11.77,26.84,4,1,0,0,0,1,0.17022302758728775,Safe
R09551,Highway,12.14,0,11.68,2,1103.4,39.02,53.74,24.03,3,2,0,0,0,1,0.13084085273833287,Safe
R09552,Village Road,0.71,1,8.79,0,2149.9,39.49,55.75,24.64,2,3,0,0,0,1,0.1603331827059479,Safe
R09553,District Road,17.66,0,5.35,0,1250.3,18.75,113.08,22.11,1,1,0,0,0,1,0.12013112649870292,Safe
R09554,District Road,9.17,3,7.68,2,1740.8,22.29,92.03,21.27,2,0,0,0,0,1,0.2582087657684235,Moderate
R09555,District Road,18.67,1,11.77,1,1902.1,14.55,114.83,17.89,3,0,0,0,0,1,0.14663589834487786,Safe
R09556,Village Road,10.16,2,7.75,0,345.9,6.63,43.49,17.07,4,0,0,0,0,1,0.16099586658437973,Safe
R09557,Highway,14.04,2,6.36,1,431.6,9.55,123.04,34.85,0,0,0,0,0,1,0.19691283802432652,Safe
R09558,District Road,1.85,2,6.45,0,1825.2,6.07,83.37,20.07,2,2,0,0,0,1,0.20413416084589361,Safe
R09559,District Road,15.03,2,11.7,0,183.7,18.34,20.08,22.67,3,2,0,0,0,1,0.10859238694119876,Safe
R09560,District Road,7.09,0,9.47,2,887.6,7.67,77.33,19.93,0,2,0,0,0,1,0.13149989160997852,Safe
R09561,Village Road,7.35,1,9.18,0,2299.3,18.15,56.79,28.16,0,0,1,0,0,1,0.3160682053659565,Moderate
R09562,Highway,2.81,0,5.09,3,1457.2,38.3,82.57,14.35,2,0,0,0,0,1,0.15476475532511902,Safe
R09563,District Road,3.36,2,8.04,2,2280.7,29.45,139.93,11.3,2,2,0,0,0,1,0.2876513360549478,Moderate
R09564,District Road,4.12,3,6.21,2,808.1,29.82,34.71,34.35,2,3,0,0,0,1,0.252295143784109,Moderate
R09565,State Highway,6.9,3,5.16,1,1609.7,36.53,27.85,23.39,2,2,0,0,0,1,0.238907338233485,Safe
R09566,State Highway,17.89,0,11.06,0,752.5,1.85,20.04,23.77,0,2,0,0,0,1,0.04205104102594154,Safe
R09567,District Road,7.68,1,6.45,1,322.2,35.75,31.31,21.67,3,1,0,0,0,1,0.22162328891987523,Safe
R09568,Village Road,14.63,1,5.55,1,2477.2,8.84,46.67,11.25,2,0,0,0,0,1,0.07737048883060405,Safe
R09569,District Road,2.11,0,11.39,3,481.8,15.57,181.4,26.92,1,0,1,0,0,1,0.4621869232145594,Moderate
R09570,Village Road,12.03,0,4.78,0,511.8,13.86,251.03,24.15,1,0,1,0,0,1,0.3851721045997071,Moderate
R09571,District Road,9.9,1,9.71,2,2112.7,4.75,15.9,13.57,1,1,0,0,1,1,0.15732164370676055,Safe
R09572,Highway,19.57,3,8.87,1,2015.5,7.82,52.58,23.09,2,0,0,0,0,1,0.1792561810753719,Safe
R09573,Highway,17.0,1,11.28,2,2445.7,43.04,40.68,15.84,2,0,0,0,0,1,0.1588626462144382,Safe
R09574,Highway,9.37,1,10.49,1,225.8,27.01,126.22,26.0,2,0,0,0,0,1,0.18008198758420818,Safe
R09575,State Highway,15.62,1,9.35,1,280.6,21.33,50.62,26.7,3,4,0,0,0,1,0.08341498616948885,Safe
R09576,State Highway,4.26,1,5.83,3,1149.3,34.1,66.44,17.42,1,1,0,0,0,1,0.18129042904569284,Safe
R09577,District Road,11.47,3,7.46,0,1499.8,36.62,138.4,12.35,4,0,1,0,0,0,0.48842975026697827,Moderate
R09578,District Road,1.96,1,11.5,0,143.2,4.96,64.33,29.95,0,0,0,0,0,1,0.06449597586491436,Safe
R09579,Highway,7.29,0,3.21,1,438.1,33.34,82.88,25.91,1,5,0,1,0,1,0.37953151952621306,Moderate
R09580,State Highway,4.9,1,10.15,1,1773.2,41.96,110.16,25.1,2,3,0,0,0,1,0.27133719691740027,Moderate
R09581,State Highway,14.52,3,5.27,0,1687.9,26.34,57.48,24.95,1,1,0,0,0,1,0.1962689694056013,Safe
R09582,District Road,10.06,1,4.67,0,269.7,27.64,91.76,27.98,4,1,0,0,0,1,0.13096583438150058,Safe
R09583,Highway,15.15,1,5.09,0,2332.6,39.17,26.22,15.71,2,0,1,0,1,1,0.4750048230107138,Moderate
R09584,Highway,10.55,0,3.54,2,674.2,30.58,129.97,20.17,2,2,0,1,0,1,0.36388465142476384,Moderate
R09585,Village Road,2.19,0,11.93,1,2223.7,44.79,174.4,15.54,1,1,0,0,0,1,0.22865979173662884,Safe
R09586,Village Road,14.84,2,10.83,2,2311.3,12.72,33.26,11.78,2,1,0,0,0,1,0.13265572548579918,Safe
R09587,State Highway,16.75,0,7.69,1,1250.7,38.05,40.72,32.67,3,1,0,0,0,1,0.14181473093153613,Safe
R09588,District Road,18.12,0,9.44,2,1059.3,27.56,28.48,11.17,2,5,0,0,0,1,0.13745914690321423,Safe
R09589,State Highway,11.65,1,8.01,1,731.4,16.46,104.21,11.15,1,1,1,0,0,1,0.32373239877199156,Moderate
R09590,Village Road,15.19,3,10.3,1,2028.1,39.74,78.88,18.05,2,2,0,0,0,1,0.27498068666717,Moderate
R09591,District Road,15.16,0,10.6,1,531.6,44.83,82.87,17.97,4,2,1,1,0,1,0.5706285500059237,High
R09592,Highway,3.54,2,5.1,0,1574.2,2.6,144.6,10.99,1,2,0,1,0,0,0.39975447136695746,Moderate
R09593,District Road,3.7,0,7.14,3,1439.5,41.65,84.06,29.18,0,2,1,1,0,1,0.6126237008874839,High
R09594,State Highway,1.88,2,8.71,2,659.8,9.14,75.69,12.93,1,6,0,0,0,1,0.19453087806536323,Safe
R09595,State Highway,6.74,3,11.81,1,2458.5,9.23,17.41,12.21,3,0,0,0,0,1,0.15722636696843129,Safe
R09596,State Highway,9.73,0,9.14,3,2123.5,1.88,102.46,12.18,4,0,0,1,0,1,0.32942617311092565,Moderate
R09597,District Road,19.96,0,11.08,1,100.3,41.5,100.8,26.11,0,2,1,0,1,1,0.5113850492730687,High
R09598,State Highway,8.9,0,10.62,1,1084.5,34.17,61.69,14.23,1,2,1,0,0,1,0.33583677132425943,Moderate
R09599,State Highway,14.66,2,8.24,2,929.5,2.41,72.33,24.46,3,0,1,0,0,1,0.2829174748362282,Moderate
R09600,State Highway,14.02,0,11.04,1,2212.9,28.51,129.75,15.02,0,1,1,0,1,1,0.4191476325382627,Moderate
R09601,Highway,4.49,0,6.4,1,698.0,5.41,100.48,30.91,1,2,0,0,0,1,0.0985322929432193,Safe
R09602,Village Road,1.64,0,6.41,1,2496.2,33.81,64.95,14.68,2,1,0,0,0,1,0.1510041414443002,Safe
R09603,State Highway,11.15,1,10.03,1,540.2,18.41,178.91,20.75,1,0,1,0,0,1,0.3744838172538902,Moderate
R09604,Highway,14.16,0,4.21,0,647.5,2.33,53.06,23.81,4,3,0,0,0,1,0.07478594772886481,Safe
R09605,District Road,19.97,2,5.75,0,1681.9,37.32,110.8,32.0,1,1,1,1,0,0,0.6170539811238062,High
R09606,Village Road,7.49,2,8.48,3,444.6,25.76,135.63,15.38,2,0,0,1,0,0,0.4951329994464571,Moderate
R09607,Village Road,17.98,1,6.78,1,2227.6,34.78,85.42,25.51,1,1,0,1,0,1,0.29859312641454905,Moderate
R09608,District Road,7.95,1,11.47,0,319.3,30.35,91.98,10.78,4,1,0,0,0,1,0.18876689094957885,Safe
R09609,State Highway,13.94,1,11.63,2,2459.1,19.55,68.07,29.38,2,1,0,1,0,1,0.26568451855062336,Moderate
R09610,District Road,12.17,2,7.52,0,2192.9,31.44,23.91,23.18,2,2,0,0,0,1,0.2271586816885489,Safe
R09611,District Road,1.53,1,7.85,0,2107.2,0.66,115.75,33.63,1,2,1,0,0,1,0.32261202181911247,Moderate
R09612,State Highway,2.03,1,9.52,3,1047.7,15.29,47.63,29.38,1,6,0,0,0,1,0.14057444832053195,Safe
R09613,Village Road,0.9,1,7.12,3,1308.4,35.0,57.34,20.02,0,3,0,0,1,1,0.314410573564278,Moderate
R09614,Highway,7.73,2,4.71,0,1168.1,34.34,160.72,20.39,1,1,1,1,0,0,0.6350358549194971,High
R09615,Village Road,15.04,0,9.72,2,2469.2,39.93,9.1,10.16,3,4,0,0,0,1,0.1353908667340196,Safe
R09616,Village Road,3.87,0,9.64,2,135.3,27.5,22.25,30.95,1,1,0,0,0,1,0.08952321898771501,Safe
R09617,District Road,12.31,0,5.2,1,985.2,42.4,160.45,30.14,0,3,0,0,0,1,0.11635970041310865,Safe
R09618,Village Road,6.13,1,10.5,1,2422.6,25.1,55.11,24.21,4,1,0,0,0,1,0.11325699310217821,Safe
R09619,District Road,16.04,1,8.52,0,955.0,22.52,42.37,19.39,2,2,0,0,0,1,0.10223309614815285,Safe
R09620,State Highway,16.07,1,5.13,0,1026.0,8.87,50.12,30.12,3,5,0,0,0,1,0.16326371545857912,Safe
R09621,District Road,15.62,1,8.87,1,1596.7,35.05,70.3,25.26,2,0,0,0,0,1,0.1408127626812376,Safe
R09622,Highway,10.73,2,5.1,2,2272.8,31.14,55.96,14.75,2,1,0,0,0,1,0.2172729015094806,Safe
R09623,State Highway,6.05,0,5.39,2,771.6,20.73,132.71,16.06,1,0,1,0,0,1,0.32873573528768435,Moderate
R09624,District Road,16.28,1,10.63,0,2371.6,3.92,13.25,25.14,2,4,0,0,0,1,0.025952811944394374,Safe
R09625,State Highway,4.13,1,11.37,0,742.3,5.66,84.11,26.95,1,2,0,0,1,1,0.2352195649211585,Safe
R09626,State Highway,6.15,1,5.31,1,2047.7,5.15,74.01,12.83,0,1,1,1,0,1,0.5531264479812896,High
R09627,District Road,4.09,1,11.35,1,725.8,16.9,63.25,30.99,1,1,1,1,0,1,0.5353176066871888,High
R09628,Village Road,13.65,2,5.15,0,228.8,7.15,12.51,22.59,0,1,0,0,0,1,0.01521184957527795,Safe
R09629,Highway,13.88,0,4.06,1,2040.1,38.74,97.53,15.0,5,1,0,0,0,1,0.22381239487720916,Safe
R09630,State Highway,13.22,2,3.52,2,1152.7,40.47,38.21,24.14,2,1,0,0,0,1,0.2058311675228833,Safe
R09631,State Highway,8.6,2,5.18,0,1007.3,38.55,91.12,31.91,1,2,1,0,0,1,0.4183570400731018,Moderate
R09632,District Road,2.45,1,6.47,0,1103.2,27.4,171.22,11.38,1,2,0,1,0,1,0.4530332450496712,Moderate
R09633,Highway,18.27,2,11.35,0,1548.4,26.84,49.14,15.52,5,0,0,0,0,1,0.17418058756842913,Safe
R09634,District Road,10.4,1,5.18,3,693.6,40.09,87.24,24.08,1,3,0,1,0,1,0.4019407956352533,Moderate
R09635,State Highway,8.44,1,6.29,1,631.3,18.28,24.6,10.05,0,2,0,0,0,1,0.11013689102901955,Safe
R09636,State Highway,11.98,3,9.61,1,1234.4,2.81,162.92,14.49,1,1,0,1,0,0,0.3907456373334058,Moderate
R09637,Village Road,4.26,0,5.72,2,137.3,21.17,107.58,15.92,2,0,0,0,0,1,0.24948776766747194,Safe
R09638,Highway,3.08,0,9.16,1,1625.0,24.92,184.55,32.1,2,0,1,1,0,1,0.6039273753537944,High
R09639,District Road,8.41,0,6.89,0,2066.0,24.73,57.47,23.11,2,1,0,1,0,1,0.38323888865756267,Moderate
R09640,Highway,4.93,1,4.77,2,1832.2,7.16,105.22,25.8,0,1,1,0,0,1,0.2754595735820148,Moderate
R09641,District Road,5.26,0,9.61,2,1199.8,35.25,124.98,10.08,3,3,0,0,0,1,0.176445171613917,Safe
R09642,District Road,17.9,3,3.24,0,1435.2,32.94,325.94,19.67,2,2,1,1,0,0,0.7906245536124177,Critical
R09643,State Highway,10.85,1,5.63,0,114.1,10.34,46.29,21.18,1,0,0,0,1,1,0.17312612993323073,Safe
R09644,Highway,9.93,2,6.21,2,2285.3,24.81,20.18,30.97,3,0,1,0,0,1,0.3948606108290992,Moderate
R09645,State Highway,13.94,0,7.12,2,1417.3,35.56,89.18,14.87,1,2,0,0,0,1,0.1611258388701281,Safe
R09646,District Road,19.06,0,9.12,0,825.2,0.35,7.05,11.63,2,1,0,0,0,1,0.060754946759293195,Safe
R09647,Village Road,2.69,0,7.13,2,769.3,12.38,24.65,30.62,1,3,0,1,0,1,0.24062016961251215,Safe
R09648,District Road,16.75,0,8.35,3,1666.2,21.24,28.02,15.3,3,2,0,1,0,1,0.3273551200701556,Moderate
R09649,District Road,11.89,1,8.36,0,1481.6,38.03,86.67,27.27,1,3,1,0,0,1,0.3994280516720969,Moderate
R09650,State Highway,3.35,3,6.36,1,510.2,35.95,34.2,12.29,6,2,0,1,0,0,0.46924891792889817,Moderate
R09651,State Highway,6.29,1,11.41,2,1054.3,6.79,119.89,26.81,1,0,1,0,0,1,0.3906071286815178,Moderate
R09652,State Highway,9.91,1,11.6,0,1706.6,20.82,156.69,20.58,1,4,1,0,0,1,0.3967348193850146,Moderate
R09653,State Highway,13.98,1,8.24,2,779.3,13.71,82.24,33.2,1,1,0,0,1,1,0.23643532045582938,Safe
R09654,State Highway,5.23,0,3.65,2,1297.7,18.06,101.99,15.01,2,1,0,1,0,1,0.3263290204685972,Moderate
R09655,District Road,10.93,1,7.42,2,674.5,24.33,43.86,11.68,5,1,0,1,0,1,0.29030068098030276,Moderate
R09656,District Road,13.85,0,4.66,0,225.6,22.47,42.79,23.34,4,1,0,0,0,1,0.10779423258277604,Safe
R09657,Village Road,9.25,2,7.35,2,1001.2,6.37,62.4,32.94,4,2,0,0,1,1,0.1975656641379581,Safe
R09658,State Highway,17.33,2,4.7,1,1843.6,5.48,83.87,15.09,3,2,0,1,0,0,0.3754300071422909,Moderate
R09659,District Road,17.45,1,9.33,0,573.9,5.86,29.73,30.87,3,1,0,0,0,1,0.06919437254050109,Safe
R09660,Village Road,9.68,1,3.72,0,1898.5,37.86,82.4,18.48,5,1,1,0,0,1,0.3815320009241365,Moderate
R09661,District Road,19.47,0,11.58,3,1690.3,0.9,54.24,12.48,0,2,0,0,1,1,0.16657582868548682,Safe
R09662,State Highway,1.97,2,4.76,1,1293.1,9.11,132.49,24.75,2,0,0,0,0,1,0.16946496200503552,Safe
R09663,State Highway,0.57,2,8.95,2,2430.1,43.02,40.0,23.05,3,0,0,0,0,1,0.20953690504230468,Safe
R09664,Highway,7.92,2,11.25,0,2214.4,2.97,92.7,30.96,1,0,1,0,0,1,0.3610738955647667,Moderate
R09665,State Highway,12.22,0,5.23,2,1429.8,1.63,143.64,12.57,5,0,0,0,0,1,0.08349500977132021,Safe
R09666,District Road,12.77,0,11.41,0,1416.6,17.43,78.27,26.13,4,1,0,0,0,1,0.10170625596430748,Safe
R09667,Highway,9.79,1,6.5,0,730.5,6.8,146.67,25.51,1,0,0,0,0,1,0.1667360354833166,Safe
R09668,State Highway,2.94,3,11.64,3,2304.5,25.46,114.01,34.87,3,3,0,0,0,1,0.21174242181862116,Safe
R09669,District Road,3.82,3,11.74,0,2245.0,15.24,38.59,18.2,6,1,0,0,0,1,0.13391028442333805,Safe
R09670,Village Road,17.12,1,4.69,1,1868.0,9.4,36.06,11.11,2,3,0,0,0,1,0.05574523718892464,Safe
R09671,District Road,17.42,2,10.48,2,363.3,44.94,75.92,20.28,2,2,0,0,0,1,0.22460810213813145,Safe
R09672,District Road,13.64,3,4.74,2,1773.9,15.35,73.57,21.61,1,1,1,0,0,0,0.3904786779211091,Moderate
R09673,State Highway,13.45,0,5.04,1,670.1,28.85,146.95,19.22,0,4,1,1,0,1,0.5579860493302181,High
R09674,State Highway,12.15,2,3.76,1,512.6,39.34,133.31,25.76,1,1,0,0,1,1,0.31695926943621755,Moderate
R09675,State Highway,4.46,0,4.41,1,1910.1,41.51,35.15,16.65,3,1,0,0,0,1,0.11130910035147007,Safe
R09676,District Road,8.85,0,8.69,0,2401.3,18.46,22.09,14.58,0,2,0,0,0,1,0.05700169131702708,Safe
R09677,Village Road,14.07,0,7.04,0,316.8,43.93,200.98,21.32,4,3,1,0,0,1,0.44451929763265674,Moderate
R09678,Highway,10.98,1,10.12,1,451.7,32.61,76.22,28.17,5,5,1,0,0,1,0.3631553154858436,Moderate
R09679,District Road,0.86,2,5.99,1,587.1,26.25,102.8,32.29,3,4,1,1,0,0,0.6516464647484962,High
R09680,State Highway,19.09,1,11.72,0,2409.1,31.2,58.79,26.59,4,4,0,0,0,1,0.2088008840056899,Safe
R09681,District Road,16.97,0,3.45,0,1756.2,16.21,52.02,19.43,2,1,1,0,0,1,0.28908147704048304,Moderate
R09682,Highway,5.58,0,3.57,1,1711.8,19.1,108.65,28.67,3,2,0,0,0,1,0.14766627213974162,Safe
R09683,State Highway,12.52,1,9.31,1,1287.3,26.38,117.45,14.72,0,0,1,1,1,0,0.6472791478916722,High
R09684,Village Road,18.5,1,10.99,1,1367.1,14.71,36.99,28.8,2,2,0,0,0,1,0.08393813162315696,Safe
R09685,District Road,2.37,1,10.16,0,760.9,34.6,8.9,22.02,1,4,0,0,0,1,0.06216498524218418,Safe
R09686,District Road,10.31,0,7.41,2,428.6,11.3,47.86,16.77,3,1,0,0,0,1,0.04725012285252863,Safe
R09687,State Highway,9.4,2,5.43,2,1961.7,35.86,71.41,27.31,4,1,1,1,0,0,0.7517771077466457,Critical
R09688,State Highway,8.5,3,3.12,0,1203.2,6.85,87.06,20.41,0,0,0,1,0,0,0.3758932130463534,Moderate
R09689,State Highway,16.79,1,7.59,0,677.2,9.78,110.74,25.5,0,1,0,0,0,1,0.16411888795066998,Safe
R09690,Village Road,7.92,2,7.28,2,1600.3,33.89,197.0,26.59,0,0,0,1,0,0,0.5302979532674353,High
R09691,Village Road,1.74,3,6.1,3,563.2,11.84,26.56,19.83,2,0,0,1,0,0,0.47518301832434956,Moderate
R09692,District Road,1.78,1,8.2,0,1247.5,35.79,116.1,34.65,0,2,0,1,0,1,0.34153374402306763,Moderate
R09693,State Highway,1.33,1,9.56,0,516.0,35.27,87.67,21.43,3,1,0,0,0,1,0.16398568546616493,Safe
R09694,Village Road,8.48,2,9.31,0,1911.2,11.58,70.24,34.6,4,0,1,0,0,1,0.36081405698462077,Moderate
R09695,District Road,14.51,0,5.37,2,836.0,3.29,71.77,15.88,2,3,0,0,0,1,0.0778520648956012,Safe
R09696,District Road,4.47,1,8.27,3,1132.2,7.49,114.79,14.17,3,1,1,0,0,1,0.3713041319554529,Moderate
R09697,State Highway,13.11,2,4.34,2,1899.5,33.86,57.15,25.77,1,2,0,0,0,1,0.2238512875922292,Safe
R09698,District Road,13.9,0,4.09,1,1666.0,38.11,200.49,23.68,2,0,1,0,0,1,0.44451715913563955,Moderate
R09699,District Road,5.48,2,10.07,2,1029.3,17.24,88.22,23.51,5,2,1,0,0,1,0.4801427221190365,Moderate
R09700,Village Road,12.21,1,9.24,0,224.0,7.39,139.09,34.88,3,2,1,0,0,1,0.33773694470232657,Moderate
R09701,Village Road,13.85,1,9.91,2,2307.9,3.4,20.19,10.03,2,2,0,0,0,1,0.15430559505433852,Safe
R09702,State Highway,9.6,1,4.37,1,69.4,9.71,74.28,21.34,2,1,0,0,0,1,0.16079534817631994,Safe
R09703,District Road,7.07,1,11.23,0,1849.8,44.09,45.69,17.67,5,2,0,1,0,1,0.4070543359895262,Moderate
R09704,Village Road,12.57,2,4.2,0,2366.2,7.66,95.15,20.7,1,2,0,0,0,1,0.17353612675939437,Safe
R09705,State Highway,19.57,1,10.83,2,801.3,3.88,38.81,33.45,1,2,0,0,0,1,0.1100864827900882,Safe
R09706,State Highway,8.82,3,6.17,2,234.8,35.35,12.58,30.21,2,3,0,0,0,1,0.24466417861255127,Safe
R09707,Highway,8.14,1,3.95,1,661.4,27.69,44.71,15.04,0,3,0,0,0,1,0.141983775450911,Safe
R09708,District Road,9.55,1,5.58,0,817.9,24.07,62.64,27.61,4,1,0,0,0,1,0.06455539491352784,Safe
R09709,State Highway,1.99,3,4.63,0,1155.7,20.15,112.01,24.49,1,1,0,0,0,1,0.2544879898026733,Moderate
R09710,District Road,11.29,0,7.42,0,1336.8,31.58,46.62,20.2,3,1,0,0,0,1,0.12113832669646878,Safe
R09711,State Highway,6.91,2,11.55,0,1827.1,31.43,76.9,18.55,2,2,1,0,0,1,0.3779510144004886,Moderate
R09712,Village Road,2.87,0,5.95,1,2257.2,19.1,25.08,24.96,2,2,0,0,0,1,0.1330250501083131,Safe
R09713,State Highway,9.59,2,8.51,0,1188.7,10.54,78.5,21.73,1,1,0,0,0,1,0.18411306569037236,Safe
R09714,State Highway,0.57,1,11.03,2,1878.5,37.86,123.09,23.74,1,1,1,1,0,1,0.6163867960006467,High
R09715,District Road,8.33,3,8.67,2,361.6,7.41,39.16,29.32,2,4,0,0,0,1,0.20357354910294279,Safe
R09716,District Road,2.56,2,6.26,1,855.5,24.03,211.53,34.18,4,3,1,1,0,0,0.7508237774338736,Critical
R09717,State Highway,0.97,0,11.92,1,339.3,31.17,53.1,20.27,2,0,1,0,0,1,0.3395656792084418,Moderate
R09718,State Highway,16.58,0,4.69,0,1744.8,28.75,141.45,20.66,1,1,0,0,0,1,0.12244069943612124,Safe
R09719,State Highway,18.37,1,7.71,1,2273.7,27.85,117.31,31.02,4,1,0,0,0,1,0.16211248618412286,Safe
R09720,District Road,4.55,1,10.17,2,2228.2,29.81,170.06,13.25,0,1,1,1,0,1,0.6517076185415596,High
R09721,Village Road,11.02,0,3.01,2,849.8,39.4,51.4,30.02,3,1,0,0,0,1,0.24032269176300597,Safe
R09722,District Road,5.92,0,9.32,0,623.8,16.44,95.91,19.78,1,5,1,0,1,1,0.43638316180204917,Moderate
R09723,District Road,10.12,1,5.4,2,721.4,28.23,56.84,20.38,4,1,0,1,0,1,0.3759440241571189,Moderate
R09724,District Road,9.01,0,4.53,2,754.0,31.36,93.53,17.42,0,1,1,1,0,1,0.6151395962148891,High
R09725,Highway,5.75,2,5.47,1,251.5,26.56,59.18,13.07,3,3,0,1,0,0,0.40746507431266865,Moderate
R09726,Village Road,14.16,2,11.7,2,376.7,40.64,161.12,28.63,1,1,1,0,0,1,0.5029316015973796,High
R09727,Village Road,2.97,2,11.03,0,575.5,29.47,32.21,32.47,3,2,0,0,0,1,0.18812700952209552,Safe
R09728,State Highway,1.53,0,4.92,1,70.0,19.1,47.24,22.55,2,2,0,0,0,1,0.10045209017245903,Safe
R09729,State Highway,15.47,0,4.05,1,165.7,38.05,166.66,14.79,5,2,1,0,0,1,0.43285509821715096,Moderate
R09730,Highway,13.49,1,6.28,3,1761.4,22.03,108.27,17.75,2,1,0,0,0,1,0.2417744218315447,Safe
R09731,Highway,10.22,3,8.33,0,1567.3,23.86,60.12,12.11,0,2,0,0,0,1,0.22054965812304891,Safe
R09732,District Road,9.62,0,10.8,1,2366.3,26.2,287.72,30.76,1,3,1,0,1,1,0.5420471243244477,High
R09733,District Road,10.2,0,11.69,3,1034.3,14.53,131.31,23.02,2,3,0,1,0,1,0.3695940838034453,Moderate
R09734,Village Road,9.02,0,9.76,0,1138.6,32.51,27.32,34.47,4,2,0,0,0,1,0.14269153137604165,Safe
R09735,District Road,8.16,1,8.39,2,216.0,4.42,104.83,29.31,4,2,0,0,0,1,0.21853288075954655,Safe
R09736,District Road,10.24,1,4.28,0,423.0,39.1,17.88,28.15,4,1,0,0,0,1,0.1489623576625306,Safe
R09737,District Road,10.81,0,3.67,0,1744.4,33.95,87.26,20.95,0,2,1,0,1,1,0.4111095076095933,Moderate
R09738,Highway,13.99,1,8.36,1,625.8,15.91,110.17,18.72,1,1,0,0,0,1,0.1443947536649779,Safe
R09739,State Highway,14.37,1,7.85,2,1944.5,10.19,167.18,16.9,1,0,0,0,0,1,0.19100793049001738,Safe
R09740,District Road,7.86,1,10.61,0,1778.9,17.46,111.09,34.71,1,0,0,0,0,1,0.12841500493059327,Safe
R09741,Highway,8.56,1,5.9,1,1880.8,36.23,39.9,15.77,1,2,0,0,0,1,0.14130745852075266,Safe
R09742,Highway,7.79,2,3.36,0,1741.9,1.42,46.29,13.67,3,2,1,0,0,1,0.29904008787019887,Moderate
R09743,Village Road,10.96,1,6.81,0,1783.8,21.06,113.58,21.77,1,1,1,1,1,0,0.6452015507170044,High
R09744,District Road,9.34,1,11.72,1,1389.7,11.43,121.58,22.95,3,1,1,0,0,1,0.34343951988395804,Moderate
R09745,State Highway,17.85,2,10.16,1,1711.7,39.37,142.09,14.44,1,0,0,1,0,0,0.4705721246116999,Moderate
R09746,District Road,14.08,3,3.3,0,1339.1,18.62,28.56,18.74,1,4,0,0,0,1,0.1460631046728113,Safe
R09747,Village Road,18.02,1,10.87,1,554.9,31.41,31.23,17.31,0,1,0,0,0,1,0.12952902907252023,Safe
R09748,State Highway,14.33,0,7.25,2,583.1,16.11,204.95,28.54,2,2,1,0,0,1,0.43680333989997167,Moderate
R09749,Highway,19.43,2,6.28,0,1043.0,14.84,193.2,22.21,1,0,1,0,0,1,0.43716066801949627,Moderate
R09750,Village Road,12.9,0,6.12,1,84.1,14.66,200.29,29.43,2,0,1,0,0,1,0.39920674874028506,Moderate
R09751,State Highway,19.29,3,8.36,0,2228.8,30.52,67.42,12.3,3,2,0,0,0,1,0.28791472312553384,Moderate
R09752,Highway,3.58,0,7.78,1,707.3,43.39,161.13,17.9,4,1,0,0,0,1,0.22800176922108747,Safe
R09753,District Road,1.52,3,8.91,2,176.3,9.37,107.27,17.46,1,4,0,1,0,0,0.4474840697995661,Moderate
R09754,Village Road,11.79,1,8.16,3,1089.8,28.98,65.85,21.46,4,2,0,1,0,1,0.4117587275193951,Moderate
R09755,State Highway,19.68,2,4.3,0,2048.2,11.94,60.5,20.08,2,1,0,0,0,1,0.1862746440009306,Safe
R09756,State Highway,8.64,1,5.32,1,1023.5,24.72,30.69,16.53,2,2,1,0,0,1,0.28345145828100166,Moderate
R09757,State Highway,4.63,3,10.57,2,693.6,24.37,120.92,30.45,1,3,1,1,0,0,0.6411355626871016,High
R09758,Village Road,10.67,0,8.97,2,1385.0,20.25,111.02,32.67,0,2,0,0,0,1,0.182057912186017,Safe
R09759,State Highway,13.15,0,7.04,2,1457.2,22.44,84.27,29.38,2,1,0,0,1,1,0.2924730910373111,Moderate
R09760,District Road,6.65,0,4.64,1,1910.0,39.61,135.64,27.51,2,1,0,0,0,1,0.2173945128337626,Safe
R09761,Village Road,14.44,3,3.07,3,2009.4,3.99,185.4,24.72,5,0,0,0,0,1,0.3406966359723616,Moderate
R09762,Highway,19.51,1,5.81,3,1780.2,37.36,129.65,18.39,1,2,0,0,0,1,0.20634758020991167,Safe
R09763,Village Road,17.99,1,3.49,1,61.1,20.8,28.13,32.96,0,0,0,0,0,1,0.05999384218713685,Safe
R09764,Village Road,6.19,1,7.34,1,55.1,15.01,112.99,26.22,1,0,0,0,0,1,0.17196454457039004,Safe
R09765,Village Road,6.87,2,10.4,2,2444.8,7.97,50.71,32.24,4,4,0,0,0,1,0.19683367346427327,Safe
R09766,State Highway,7.75,1,5.57,1,697.3,36.67,57.85,21.32,1,0,0,1,0,1,0.3917642364732585,Moderate
R09767,District Road,8.19,1,10.63,2,741.8,26.64,82.0,20.3,1,2,1,0,0,1,0.4120112585890333,Moderate
R09768,Village Road,2.46,2,9.34,1,1844.0,32.78,182.4,11.92,3,0,1,1,0,0,0.6781006029653406,High
R09769,Village Road,15.36,2,4.13,0,1474.9,14.17,188.26,18.43,0,2,1,0,0,1,0.37114106715511674,Moderate
R09770,State Highway,7.62,0,8.8,2,1185.7,17.68,71.07,19.65,5,2,1,1,0,1,0.5726916366202706,High
R09771,Village Road,17.66,0,4.37,3,335.3,41.11,38.77,22.36,4,2,0,0,0,1,0.18804636465216776,Safe
R09772,State Highway,18.58,0,8.89,0,249.6,43.25,45.38,21.88,2,1,0,0,0,1,0.12726617900835663,Safe
R09773,State Highway,0.98,1,4.28,2,1773.9,33.29,127.19,32.95,2,1,0,0,0,1,0.2969054245060764,Moderate
R09774,District Road,19.78,1,6.53,1,355.3,33.72,36.75,22.68,2,0,0,0,0,1,0.16843365408379257,Safe
R09775,Village Road,14.35,1,8.1,1,1117.7,31.25,79.39,31.13,5,1,0,0,0,1,0.18209177715136055,Safe
R09776,District Road,10.65,3,3.45,1,1853.5,26.42,79.12,13.21,1,1,0,0,0,1,0.21314695262198785,Safe
R09777,District Road,8.1,0,4.38,1,2311.8,26.78,156.69,24.3,0,2,1,0,0,1,0.4022213156131586,Moderate
R09778,Village Road,10.61,2,5.88,1,2190.3,43.37,80.27,23.45,1,1,0,0,0,1,0.23980072076601935,Safe
R09779,State Highway,6.83,1,7.16,2,2166.9,33.79,53.99,13.9,3,3,0,0,0,1,0.21813060201506154,Safe
R09780,District Road,12.64,0,10.73,2,928.3,29.49,73.5,16.13,4,1,0,0,0,1,0.24044746640159864,Safe
R09781,State Highway,2.31,1,4.69,1,2321.6,8.51,109.24,22.51,2,0,0,0,0,1,0.1699909446936072,Safe
R09782,State Highway,12.61,3,6.13,2,1725.0,43.97,94.91,23.03,1,1,0,0,0,1,0.22494041643686105,Safe
R09783,District Road,5.87,0,7.28,3,2221.9,23.41,15.83,32.5,2,0,0,0,0,1,0.07321799140793137,Safe
R09784,Village Road,0.84,1,5.66,0,267.9,42.47,34.67,14.11,1,3,0,0,0,1,0.15751077271989378,Safe
R09785,District Road,11.28,0,8.63,1,146.9,32.11,166.57,17.62,2,1,1,0,0,1,0.47178597493853286,Moderate
R09786,Village Road,11.78,0,5.31,2,1102.6,1.8,62.98,16.0,0,1,0,0,0,1,0.007009676618017172,Safe
R09787,Highway,8.82,1,9.95,2,2078.6,24.25,107.12,29.56,2,1,0,1,0,1,0.44053123453414317,Moderate
R09788,State Highway,1.91,2,7.55,3,1050.9,40.17,44.39,15.4,4,1,0,0,0,1,0.3186497910328996,Moderate
R09789,District Road,17.92,2,3.78,0,2217.4,2.33,72.24,32.47,3,1,0,0,0,1,0.17091711449730815,Safe
R09790,Highway,12.42,1,8.64,2,625.2,39.0,50.26,33.26,1,1,0,0,0,1,0.20120761648985067,Safe
R09791,State Highway,2.76,3,8.12,2,146.4,27.6,69.99,12.8,2,3,0,0,0,1,0.24776150800159777,Safe
R09792,District Road,10.46,0,6.05,2,1915.2,2.0,150.1,15.42,1,2,1,0,0,1,0.25225554430586394,Moderate
R09793,Highway,10.2,2,3.1,1,1584.1,16.81,150.27,19.61,0,0,1,0,0,1,0.4286082681825722,Moderate
R09794,State Highway,1.68,1,4.81,0,1128.2,1.36,303.85,31.68,1,0,0,1,0,1,0.4534878943509306,Moderate
R09795,District Road,12.33,2,6.65,1,2120.9,0.08,91.91,13.05,3,1,1,0,0,1,0.36211470526088446,Moderate
R09796,District Road,16.26,2,4.8,1,2069.2,40.34,160.93,18.61,2,1,1,0,0,1,0.40895471295453545,Moderate
R09797,Village Road,15.11,3,8.2,1,845.1,33.69,162.5,27.53,1,2,1,0,0,0,0.5278973178292282,High
R09798,District Road,4.46,0,9.41,2,2103.0,13.03,136.24,28.08,3,1,1,0,0,1,0.3877442361978743,Moderate
R09799,District Road,17.31,1,10.7,1,895.6,5.12,60.11,18.91,1,2,0,0,0,1,0.11761758674183423,Safe
R09800,Village Road,7.18,2,8.82,0,1573.7,2.45,42.74,34.08,0,2,0,0,0,1,0.11028968527716411,Safe
R09801,Village Road,18.96,2,9.2,1,521.6,41.28,55.24,18.81,2,1,0,1,0,0,0.3670116909493989,Moderate
R09802,State Highway,1.9,1,8.48,0,697.3,28.15,56.16,25.34,6,2,0,0,0,1,0.16252162463946715,Safe
R09803,Highway,9.98,0,11.87,0,1147.3,7.23,17.15,25.38,0,3,0,0,0,1,0.0,Safe
R09804,District Road,12.14,0,5.35,1,820.8,30.67,20.68,30.01,3,2,0,0,0,1,0.13788119005182006,Safe
R09805,District Road,5.33,0,5.4,2,366.4,44.95,66.33,18.92,4,1,1,0,0,1,0.41538046483521235,Moderate
R09806,Village Road,15.54,2,4.14,2,1231.7,35.46,101.86,20.26,1,2,1,0,0,1,0.4274080380591037,Moderate
R09807,District Road,12.72,2,7.37,1,1302.8,20.09,163.0,20.46,1,1,1,0,0,1,0.4047778764745789,Moderate
R09808,District Road,0.85,0,3.87,2,438.8,36.64,54.04,11.47,0,3,0,0,0,1,0.12617219562694393,Safe
R09809,Village Road,12.36,3,5.43,0,477.1,33.49,105.85,28.32,3,2,1,0,0,0,0.4553321569514032,Moderate
R09810,District Road,10.08,0,7.34,3,121.9,3.99,50.51,29.22,0,3,0,0,0,1,0.16827603927782206,Safe
R09811,Highway,4.32,1,11.62,3,124.4,41.66,204.54,30.52,2,3,1,1,0,1,0.7216337522212325,High
R09812,Village Road,19.92,0,11.67,1,928.6,39.78,18.01,27.86,5,1,0,1,0,1,0.4216185760972441,Moderate
R09813,State Highway,17.99,2,9.69,0,409.3,26.58,25.65,24.81,3,1,0,0,0,1,0.15203181695360296,Safe
R09814,Village Road,6.2,2,6.5,1,2301.8,22.87,189.25,24.11,1,3,1,0,0,1,0.47780709518127573,Moderate
R09815,Village Road,11.05,1,10.79,0,538.6,10.25,88.47,26.09,2,2,0,0,0,1,0.13340928722836962,Safe
R09816,District Road,6.67,1,10.88,1,211.6,37.55,60.07,10.2,8,1,1,1,1,0,0.6577054284437375,High
R09817,District Road,15.62,0,11.19,0,1040.2,19.43,65.57,21.2,3,2,0,0,0,1,0.04476082880104605,Safe
R09818,District Road,18.64,1,8.76,1,521.5,26.07,42.27,10.99,0,3,0,1,0,1,0.37195503020536336,Moderate
R09819,State Highway,7.5,1,4.82,0,201.3,7.65,116.66,22.21,3,1,0,0,1,1,0.22116405827429358,Safe
R09820,State Highway,16.21,0,3.82,0,1894.2,9.62,125.41,13.72,3,2,0,1,0,1,0.3229946029536253,Moderate
R09821,District Road,10.22,2,11.23,0,1414.9,44.33,259.3,10.23,2,1,1,0,0,1,0.5205943657683374,High
R09822,Village Road,8.23,1,3.5,0,189.7,22.23,211.51,28.26,2,0,1,1,0,1,0.6388796407100652,High
R09823,District Road,18.8,0,5.66,2,1196.6,36.71,44.68,27.61,1,3,1,0,0,1,0.32852816271887225,Moderate
R09824,State Highway,10.45,0,7.38,1,145.1,37.34,81.37,19.67,1,0,0,0,0,1,0.1890173369828222,Safe
R09825,District Road,9.61,0,3.2,2,918.1,44.17,67.68,11.64,3,2,0,0,0,1,0.16055667161030182,Safe
R09826,Village Road,13.61,0,11.16,2,940.1,44.23,133.89,34.37,2,1,0,1,0,1,0.46167994822339586,Moderate
R09827,District Road,5.59,1,5.58,0,2066.3,20.56,59.3,13.77,4,3,1,0,0,1,0.34614719745740047,Moderate
R09828,District Road,6.83,0,3.26,1,1851.4,42.76,78.32,22.21,4,0,0,0,0,1,0.08363504171921911,Safe
R09829,Village Road,18.67,2,11.94,1,2247.5,16.45,46.07,16.8,1,4,0,0,0,1,0.13108718901238234,Safe
R09830,District Road,13.73,1,5.8,3,394.3,27.34,38.21,13.31,1,0,0,0,0,1,0.13247795545663837,Safe
R09831,District Road,16.62,0,10.89,1,1357.7,36.98,172.11,22.82,2,0,1,1,0,1,0.597958225740452,High
R09832,Village Road,5.79,3,7.08,1,99.5,41.12,151.45,14.9,3,4,0,0,0,1,0.335385857246902,Moderate
R09833,State Highway,11.1,0,8.97,2,2072.5,23.57,62.23,19.02,2,2,0,0,0,1,0.12694248510924439,Safe
R09834,Village Road,19.44,1,5.17,2,948.1,18.8,140.42,25.16,3,4,1,0,0,1,0.39064430274081846,Moderate
R09835,Highway,6.71,1,7.53,3,219.8,32.78,310.67,19.67,2,3,0,1,0,1,0.5680491791162013,High
R09836,Highway,3.63,0,5.32,1,845.4,20.52,272.27,22.99,2,1,1,1,0,1,0.6075995285931239,High
R09837,Village Road,10.46,0,11.56,0,752.9,30.23,53.76,15.8,2,1,0,0,0,1,0.0539012960636904,Safe
R09838,State Highway,8.06,0,3.55,2,1926.7,36.19,51.2,27.4,2,0,0,1,0,1,0.33150667207947365,Moderate
R09839,District Road,3.61,2,5.47,0,360.2,37.85,60.86,25.86,3,1,0,0,0,1,0.20963074277800986,Safe
R09840,Village Road,17.83,2,11.04,1,1411.6,11.44,239.87,27.32,2,2,1,0,0,1,0.4619125169766032,Moderate
R09841,Village Road,19.82,1,7.32,1,1995.1,25.72,153.56,18.49,2,2,1,0,1,1,0.5151839433734012,High
R09842,Village Road,11.59,1,8.4,2,1861.9,1.13,114.08,33.51,3,0,0,0,0,1,0.18898966728168437,Safe
R09843,State Highway,15.61,1,8.87,2,2343.0,35.9,42.37,25.6,0,1,0,0,0,1,0.18504880263738135,Safe
R09844,District Road,17.25,0,3.64,0,51.5,5.63,192.15,13.18,0,1,1,0,0,1,0.3377333745397481,Moderate
R09845,Highway,14.17,0,3.16,3,916.8,39.23,159.99,34.38,5,0,1,0,0,1,0.5007762125981994,High
R09846,District Road,1.36,0,11.44,0,955.5,18.31,81.01,24.22,3,3,1,1,0,1,0.48410229584911696,Moderate
R09847,Village Road,3.57,1,5.44,0,131.6,7.53,139.08,27.46,1,2,1,0,0,1,0.3250461475773746,Moderate
R09848,State Highway,1.88,0,6.42,2,2052.3,35.81,30.12,19.31,5,2,0,1,1,1,0.45856283413850385,Moderate
R09849,District Road,0.69,0,9.14,3,1737.8,9.01,33.3,21.06,1,1,0,0,0,1,0.05305218079989824,Safe
R09850,District Road,6.47,0,5.13,1,1343.8,17.75,39.06,28.31,3,0,0,0,0,1,0.08471882074799815,Safe
R09851,District Road,8.15,1,9.6,1,1042.3,25.51,66.96,31.63,1,1,1,0,1,1,0.3992415052092904,Moderate
R09852,Village Road,5.2,1,7.12,1,2243.8,16.2,69.44,34.01,0,1,0,0,0,1,0.17997995206556783,Safe
R09853,Highway,1.76,0,10.71,0,697.9,8.06,30.59,34.75,2,1,1,0,0,1,0.2188361228383378,Safe
R09854,District Road,10.83,0,5.51,2,869.6,18.27,140.05,24.88,1,3,0,0,0,1,0.22620920198396155,Safe
R09855,Village Road,5.83,0,4.83,1,2383.9,6.49,308.96,12.19,2,1,1,0,0,1,0.35863889280341205,Moderate
R09856,District Road,16.02,0,10.49,3,208.3,32.36,99.37,24.46,6,0,1,1,0,1,0.5771841805164468,High
R09857,Highway,0.66,0,5.94,0,1962.5,7.72,75.75,15.11,1,0,0,0,1,1,0.17362893804415655,Safe
R09858,District Road,16.93,0,6.71,1,1809.2,21.71,91.03,26.21,1,2,0,0,1,1,0.2603884090601556,Moderate
R09859,State Highway,19.12,2,10.14,1,2259.6,25.22,16.76,18.39,3,1,0,0,0,1,0.20128963779042403,Safe
R09860,State Highway,14.46,1,8.72,1,271.9,42.53,276.94,23.05,0,2,1,0,0,1,0.5525050279101444,High
R09861,Village Road,14.81,0,6.98,1,2427.6,3.52,113.62,26.52,1,2,0,0,0,1,0.0413971673863089,Safe
R09862,District Road,18.7,0,5.25,1,120.7,41.87,176.75,32.71,0,0,1,0,0,1,0.3857618254402766,Moderate
R09863,Village Road,4.58,0,9.88,0,877.4,9.37,91.44,29.82,1,2,0,0,0,1,0.06106972326756702,Safe
R09864,Village Road,19.89,0,4.62,2,257.8,37.84,107.98,10.53,4,4,1,0,1,1,0.5681240245403076,High
R09865,District Road,15.58,3,11.35,1,175.4,4.07,53.87,13.83,1,0,0,0,1,0,0.2325797597992041,Safe
R09866,Highway,14.67,2,4.35,1,2413.6,44.49,36.71,31.72,4,6,0,0,1,1,0.2971427047876782,Moderate
R09867,District Road,7.54,0,10.24,1,1813.2,36.34,84.4,28.58,4,2,0,0,0,1,0.1636471448925937,Safe
R09868,State Highway,11.14,1,6.82,1,1288.9,2.83,66.88,13.7,1,4,0,0,1,1,0.20623858924988844,Safe
R09869,Village Road,13.25,0,4.67,2,315.1,9.63,89.82,24.72,2,3,0,0,0,1,0.08586552407560838,Safe
R09870,State Highway,12.6,0,6.62,1,1338.8,24.68,149.83,24.69,2,2,1,0,0,1,0.35891011561660147,Moderate
R09871,State Highway,14.25,2,4.99,0,834.1,23.56,79.79,29.37,2,2,0,0,0,1,0.21316838092931994,Safe
R09872,District Road,2.11,0,4.22,1,715.4,28.32,50.51,30.34,3,1,0,0,0,1,0.20800348100020413,Safe
R09873,State Highway,7.44,1,5.15,0,1564.4,20.86,76.24,26.85,3,2,0,0,0,1,0.16571864065593359,Safe
R09874,State Highway,8.96,1,10.81,1,1987.8,33.04,167.41,27.83,1,2,1,1,0,1,0.6395906632644254,High
R09875,District Road,5.58,1,3.95,1,1136.0,15.68,79.7,26.67,0,1,0,0,0,1,0.16967845147745514,Safe
R09876,Highway,3.87,3,11.75,0,1258.6,7.94,34.05,13.77,2,0,0,0,0,1,0.18712952814247283,Safe
R09877,Highway,3.21,2,3.04,2,1646.0,1.52,60.77,27.11,0,3,1,0,0,1,0.28378537306868945,Moderate
R09878,State Highway,7.64,2,8.92,0,355.4,14.61,155.44,21.78,1,3,1,0,0,1,0.3762563931017364,Moderate
R09879,District Road,10.12,1,10.71,3,2080.1,19.21,97.39,34.44,0,0,0,0,0,1,0.13159429170873718,Safe
R09880,District Road,1.73,0,11.41,0,2100.5,29.66,54.63,27.72,4,1,0,0,0,1,0.0577481194688957,Safe
R09881,District Road,18.96,2,4.3,3,1375.6,36.29,88.41,19.35,1,2,1,0,0,1,0.3894399946058542,Moderate
R09882,District Road,15.42,3,9.28,1,509.5,10.8,31.47,32.75,3,1,1,0,0,0,0.3422631273647811,Moderate
R09883,State Highway,14.75,1,3.97,0,1276.9,22.19,43.62,15.76,3,3,0,0,0,1,0.1203981583513988,Safe
R09884,Village Road,3.87,3,6.17,0,309.6,10.52,78.43,21.69,3,1,1,0,1,0,0.5131697942823017,High
R09885,Highway,12.27,0,9.59,0,1920.1,42.8,80.81,11.59,2,1,0,0,0,1,0.15426468843126387,Safe
R09886,District Road,10.83,0,6.11,0,812.3,29.14,61.5,25.72,4,4,0,1,0,1,0.3189086283243315,Moderate
R09887,Village Road,19.66,0,5.82,0,812.2,30.51,55.92,23.96,0,1,0,1,0,1,0.3082420068819453,Moderate
R09888,Village Road,15.08,1,4.04,1,2365.4,23.91,66.5,22.61,1,1,1,1,0,1,0.5126447791973796,High
R09889,State Highway,11.73,2,3.6,0,1083.6,12.68,49.24,15.17,1,0,1,0,0,1,0.32965100171467526,Moderate
R09890,State Highway,17.09,0,4.04,1,1984.5,9.02,53.03,22.36,1,2,0,0,0,1,0.09693627020093759,Safe
R09891,District Road,3.52,3,10.88,1,1611.0,29.55,49.54,21.48,2,0,1,0,1,0,0.520111027804109,High
R09892,Highway,0.8,1,3.1,1,824.6,41.48,132.47,10.55,2,2,1,0,0,1,0.4363223793888164,Moderate
R09893,Village Road,13.96,1,9.24,0,353.3,9.58,148.93,14.06,1,2,0,0,0,1,0.18538382312793444,Safe
R09894,District Road,2.42,2,9.92,3,2004.5,25.73,229.29,32.55,1,1,1,1,0,0,0.7170119969351667,High
R09895,District Road,2.75,0,8.11,1,1918.1,23.82,59.56,29.72,4,0,0,1,0,1,0.3048179386525588,Moderate
R09896,Highway,15.02,2,9.58,1,464.5,28.87,23.53,13.0,3,0,1,0,0,1,0.3778546850211177,Moderate
R09897,District Road,5.78,0,8.87,0,660.3,26.45,150.35,34.32,1,2,0,0,0,1,0.14390917102958195,Safe
R09898,District Road,12.76,0,7.1,1,1927.3,12.28,88.45,21.63,0,2,0,0,0,1,0.17602499258620377,Safe
R09899,Village Road,18.39,1,6.44,1,2459.9,31.11,152.61,28.75,6,2,1,0,0,1,0.5108989183611159,High
R09900,Highway,6.67,3,11.47,3,2116.9,12.27,32.53,23.54,1,1,0,0,0,1,0.2368085377640501,Safe
R09901,Highway,4.73,1,11.75,2,1726.2,29.38,138.75,29.11,2,0,0,0,0,1,0.17996752627957974,Safe
R09902,State Highway,2.58,1,8.86,1,2292.8,13.5,69.09,26.56,1,1,0,0,0,1,0.15565044124598582,Safe
R09903,Highway,3.04,2,4.78,2,748.8,3.71,97.54,11.63,3,0,0,0,0,1,0.21748758419260628,Safe
R09904,District Road,1.71,0,7.03,1,73.6,5.73,41.96,32.84,3,1,0,0,0,1,0.016630041137473628,Safe
R09905,Village Road,2.21,2,7.47,0,836.4,37.53,118.98,29.21,2,2,1,1,1,0,0.7334680305877204,High
R09906,State Highway,8.92,1,9.82,2,2431.2,5.46,59.38,15.54,4,2,0,0,0,1,0.16090399837868394,Safe
R09907,Village Road,6.76,0,9.01,0,2210.8,14.87,64.27,15.66,2,1,1,0,0,1,0.30217695078482315,Moderate
R09908,Highway,14.28,1,7.63,2,173.4,12.94,153.4,27.17,1,3,0,1,0,1,0.39819451785624477,Moderate
R09909,State Highway,17.47,0,9.12,0,1279.8,2.6,56.39,27.52,2,2,1,1,1,1,0.5966496086231667,High
R09910,Highway,15.8,0,3.22,1,243.6,26.98,118.6,12.18,3,2,0,1,1,1,0.5098751891193448,High
R09911,State Highway,10.85,0,9.99,1,1983.1,35.95,104.84,32.63,1,2,0,0,1,1,0.2873193322603856,Moderate
R09912,Village Road,2.5,0,4.9,1,962.9,44.65,28.85,28.67,5,0,1,0,0,1,0.3217944753760012,Moderate
R09913,Highway,14.34,1,8.91,2,2284.3,42.12,63.85,34.6,3,5,1,0,0,1,0.4649086620708674,Moderate
R09914,District Road,7.58,1,4.03,1,183.4,2.22,67.35,20.82,3,2,0,0,0,1,0.1085220555703926,Safe
R09915,District Road,2.17,1,4.03,3,1848.3,11.59,103.5,12.16,1,1,0,0,0,1,0.18045847192601477,Safe
R09916,Village Road,16.93,0,3.32,1,1028.4,18.55,164.54,32.64,1,5,0,0,0,1,0.12316384451330334,Safe
R09917,Highway,7.1,2,11.19,2,707.2,39.38,236.13,30.32,3,2,0,0,0,1,0.35973884433015785,Moderate
R09918,State Highway,4.76,0,8.44,2,1317.8,16.2,20.32,10.01,4,2,0,0,0,1,0.14157142076863644,Safe
R09919,Highway,17.49,1,6.26,0,1239.4,25.66,96.19,23.25,5,0,0,0,0,1,0.1686135184598894,Safe
R09920,District Road,18.09,0,10.09,2,904.6,29.68,84.24,10.19,2,2,0,0,0,1,0.17939653148314738,Safe
R09921,State Highway,7.11,1,8.63,1,1639.7,13.41,78.66,18.79,3,1,1,0,0,1,0.3297021020415304,Moderate
R09922,Village Road,7.42,0,8.58,0,1670.2,26.19,72.07,31.74,2,1,0,0,0,1,0.1039269762372193,Safe
R09923,District Road,11.8,2,7.38,0,239.0,2.29,111.13,26.85,1,2,0,0,0,1,0.13032064464637466,Safe
R09924,District Road,14.8,2,3.07,2,1508.8,21.61,142.93,31.27,0,2,1,1,0,0,0.6029377163429324,High
R09925,District Road,1.73,2,5.33,0,1791.3,17.03,28.92,23.93,3,3,0,0,1,1,0.2585666446728454,Moderate
R09926,Highway,12.07,0,3.98,0,235.9,16.01,76.62,29.35,1,2,0,0,0,1,0.07664576465296957,Safe
R09927,District Road,19.08,0,8.96,1,1664.9,10.57,175.66,22.15,0,1,1,0,0,1,0.34724595855459833,Moderate
R09928,Village Road,5.61,3,5.24,1,2019.7,36.8,26.85,22.57,2,0,0,1,0,0,0.38495099486866047,Moderate
R09929,Village Road,18.22,1,7.05,2,2088.3,39.69,131.75,24.95,2,0,1,0,0,1,0.44991653634500456,Moderate
R09930,Village Road,19.03,3,6.18,0,152.0,39.97,142.14,13.52,2,1,0,1,1,0,0.5911280306125751,High
R09931,Village Road,5.75,1,4.29,0,1758.7,17.82,39.2,26.09,1,0,0,0,0,1,0.05097716470566899,Safe
R09932,Highway,15.21,3,11.63,1,2002.6,11.66,140.87,31.39,5,2,1,0,0,0,0.4191281595575278,Moderate
R09933,State Highway,5.16,3,11.4,1,1022.2,4.43,49.68,13.99,2,2,1,0,0,0,0.4086686829335269,Moderate
R09934,Highway,14.88,1,3.76,2,1380.0,30.26,10.89,19.42,2,0,0,0,0,1,0.17611294715489761,Safe
R09935,State Highway,16.05,0,10.45,1,699.5,14.86,101.52,33.01,2,2,0,1,0,1,0.29594777592749183,Moderate
R09936,Highway,5.32,1,7.4,3,810.1,12.45,138.33,17.78,3,1,1,0,0,1,0.4477782924433377,Moderate
R09937,District Road,14.46,3,9.96,0,1279.0,16.71,161.24,31.88,2,3,0,0,1,0,0.3132689944918138,Moderate
R09938,District Road,16.34,2,4.36,1,420.3,24.96,23.06,26.03,3,1,0,1,0,0,0.41688693888354594,Moderate
R09939,Village Road,7.49,0,4.19,2,957.8,7.29,49.3,31.09,4,0,0,0,0,1,0.23220311318605916,Safe
R09940,District Road,3.77,1,11.02,2,788.5,43.26,64.54,13.57,3,0,0,0,0,1,0.1816702554879031,Safe
R09941,Village Road,2.29,2,11.08,3,633.7,32.97,97.8,29.68,2,2,0,1,0,0,0.46373598940675903,Moderate
R09942,Highway,11.72,1,7.19,1,1235.5,2.11,86.38,10.74,3,3,1,0,0,1,0.32579422255692325,Moderate
R09943,Highway,19.57,2,10.83,1,2104.8,13.81,42.8,19.86,2,1,0,1,1,0,0.47137309664104676,Moderate
R09944,District Road,16.55,2,9.01,2,643.5,2.26,170.73,17.0,5,1,1,0,0,1,0.4016544404115531,Moderate
R09945,State Highway,9.0,3,4.67,0,1666.3,10.33,49.63,26.03,1,4,1,0,0,0,0.3602598047725933,Moderate
R09946,State Highway,10.96,0,5.96,0,672.8,12.9,108.02,29.12,1,1,1,1,0,1,0.5666178408407919,High
R09947,State Highway,5.95,0,4.22,1,398.1,32.31,94.43,18.63,5,1,0,0,0,1,0.14688406098091186,Safe
R09948,State Highway,3.68,0,9.97,0,2361.1,32.34,160.49,30.93,1,4,0,0,0,1,0.21508954656500098,Safe
R09949,District Road,9.9,3,11.87,1,1601.4,2.04,45.99,23.79,5,2,1,0,0,0,0.3277799720391602,Moderate
R09950,District Road,9.54,1,7.92,3,306.3,26.47,144.14,28.82,1,2,1,0,0,1,0.4725740749192657,Moderate
R09951,District Road,10.68,0,8.9,1,1600.0,43.24,158.9,28.13,2,3,0,0,0,1,0.28577499652345906,Moderate
R09952,District Road,19.08,0,9.71,2,482.1,28.28,154.28,13.46,4,2,1,0,0,1,0.41294711263898615,Moderate
R09953,State Highway,12.28,1,5.02,0,2225.1,43.22,26.65,28.29,1,1,0,0,1,1,0.26816909063144384,Moderate
R09954,State Highway,12.31,2,6.02,1,656.3,17.13,65.33,30.66,0,1,0,0,0,1,0.19988748818352686,Safe
R09955,State Highway,3.0,2,6.71,0,2026.7,20.69,72.06,10.88,3,1,0,0,1,1,0.23098308602715986,Safe
R09956,State Highway,19.93,1,8.35,1,538.0,22.3,83.73,14.06,2,3,0,0,0,1,0.12364241869875613,Safe
R09957,District Road,15.57,0,10.65,0,1417.8,41.58,92.3,23.01,2,2,0,0,1,1,0.21959521960182982,Safe
R09958,Village Road,17.61,3,5.29,2,2285.2,17.11,34.79,11.47,2,2,1,0,0,0,0.4297425647252842,Moderate
R09959,District Road,8.58,0,7.24,2,775.2,44.25,103.6,19.15,1,1,0,0,0,1,0.27306318627194315,Moderate
R09960,State Highway,10.29,1,9.76,1,249.4,24.44,41.88,30.98,1,0,0,0,0,1,0.1083730325099348,Safe
R09961,District Road,10.68,0,3.79,0,1403.9,9.82,171.93,12.53,2,0,0,0,0,1,0.1382284140741939,Safe
R09962,District Road,4.28,0,7.62,0,472.2,4.67,100.69,13.5,0,1,0,0,0,1,0.07400497995884603,Safe
R09963,District Road,13.95,0,4.3,1,1834.4,7.78,150.27,12.98,4,1,1,0,0,1,0.30422803454791714,Moderate
R09964,District Road,18.11,1,7.85,2,1497.5,1.77,10.6,23.62,3,0,0,0,0,1,0.017672296888892006,Safe
R09965,District Road,3.69,1,9.91,1,898.6,31.15,48.59,17.6,0,4,0,0,0,1,0.21927089763570778,Safe
R09966,District Road,2.18,0,5.13,1,1778.9,23.26,226.27,30.41,5,0,1,1,0,1,0.658447564181585,High
R09967,District Road,14.9,0,10.65,2,634.4,33.21,48.48,24.55,3,3,0,0,1,1,0.23581081359953454,Safe
R09968,Highway,5.83,2,6.01,0,2296.7,35.2,24.56,26.75,3,2,0,0,0,1,0.19494274122597868,Safe
R09969,District Road,12.67,0,4.72,1,899.9,41.91,115.81,17.69,3,1,1,0,0,1,0.40922524072823313,Moderate
R09970,Highway,14.07,0,7.19,1,1919.3,5.26,27.84,22.29,3,1,0,1,0,1,0.26740381866490887,Moderate
R09971,Highway,6.78,1,10.88,0,683.4,8.37,110.87,19.27,2,0,0,1,0,1,0.3573363941257918,Moderate
R09972,Village Road,16.4,2,3.62,3,1801.3,24.67,30.02,22.43,4,2,0,0,0,1,0.18555833885313988,Safe
R09973,Village Road,11.22,0,5.95,1,127.2,5.83,25.46,27.21,4,3,0,0,0,1,0.0,Safe
R09974,Highway,17.45,3,8.88,0,774.0,4.17,44.89,21.27,4,2,0,0,0,1,0.12625328815034634,Safe
R09975,District Road,15.38,1,6.22,0,277.6,29.99,222.1,11.67,2,1,1,1,0,1,0.635301636920575,High
R09976,State Highway,17.44,1,3.64,1,1155.5,32.61,114.45,19.27,3,0,0,1,0,1,0.4026358864692871,Moderate
R09977,District Road,0.89,0,5.99,1,1116.0,37.95,136.0,32.21,1,1,1,0,0,1,0.3564232315073846,Moderate
R09978,Village Road,5.25,1,10.39,3,929.6,41.21,121.58,30.58,1,1,0,0,0,1,0.3136442174352928,Moderate
R09979,Village Road,2.26,0,11.71,1,2453.9,19.91,17.84,30.82,2,4,0,0,0,1,0.09336775777807912,Safe
R09980,District Road,9.12,1,3.36,2,648.0,44.09,30.87,14.53,0,1,0,0,0,1,0.06514663761007514,Safe
R09981,State Highway,17.85,0,8.12,0,1988.1,1.7,135.08,11.98,4,1,0,1,0,1,0.36542575010498657,Moderate
R09982,District Road,9.62,1,3.95,0,1146.2,39.16,58.63,30.33,3,0,0,0,0,1,0.2092722635829092,Safe
R09983,State Highway,17.07,2,9.12,1,870.3,14.47,18.74,26.65,4,3,0,0,1,1,0.22198150328179583,Safe
R09984,Village Road,6.88,2,3.07,2,548.5,41.48,104.74,22.71,3,2,0,1,0,0,0.43503834179230094,Moderate
R09985,Village Road,7.12,0,3.13,1,1601.8,10.02,188.11,27.18,3,3,0,1,0,1,0.4005608445656586,Moderate
R09986,District Road,17.96,1,9.99,1,867.5,33.34,211.25,33.27,5,2,1,0,0,1,0.434880112305869,Moderate
R09987,State Highway,8.8,1,3.67,1,2041.7,19.15,40.29,13.23,2,3,0,0,1,1,0.23585037908947848,Safe
R09988,State Highway,15.9,0,5.75,1,2422.7,17.17,38.41,14.24,4,2,0,0,0,1,0.05527744410683966,Safe
R09989,Highway,5.11,1,11.62,0,606.5,2.67,101.25,24.75,4,0,0,0,0,1,0.16348655163928846,Safe
R09990,Village Road,19.0,0,11.87,2,365.2,31.77,76.06,27.67,2,1,0,0,0,1,0.14832985425157785,Safe
R09991,District Road,11.7,1,4.45,1,823.0,7.89,150.64,26.09,2,2,1,1,0,1,0.5787037220936234,High
R09992,State Highway,15.31,2,8.05,1,1194.4,20.83,223.88,16.35,3,2,1,1,0,0,0.6798370184644987,High
R09993,District Road,2.25,0,8.03,1,787.4,6.36,128.7,25.55,1,0,0,0,0,1,0.16101870668808344,Safe
R09994,Village Road,10.11,0,7.07,0,2427.6,27.2,46.14,24.01,1,2,1,0,0,1,0.3211739316541598,Moderate
R09995,Highway,18.07,0,11.32,1,1959.0,10.4,36.36,10.6,2,1,0,0,1,1,0.19668680718766754,Safe
R09996,Village Road,17.6,3,9.79,1,2417.0,26.75,36.69,25.56,2,1,0,0,0,1,0.22476643776592867,Safe
R09997,Village Road,1.41,2,9.88,0,964.4,42.6,49.88,21.28,2,1,0,0,1,1,0.27516665358633075,Moderate
R09998,Village Road,6.42,0,5.43,2,796.5,41.44,135.29,31.33,1,1,0,0,0,1,0.2839309448307791,Moderate
R09999,State Highway,9.14,1,6.91,1,1048.0,9.02,126.64,26.38,4,2,0,0,0,1,0.18161012706986468,Safe
R10000,State Highway,3.86,0,7.39,2,1330.9,4.46,87.34,23.67,1,3,0,0,0,1,0.09899225044663011,Safe
